actual,predicted,residual,abs_residual,pct_error
74,57.367251122495254,16.632748877504746,16.632748877504746,22.47668767230371
75,67.92131041142628,7.078689588573724,7.078689588573724,9.438252784764964
50,71.24654503378535,-21.246545033785353,21.246545033785353,42.493090067570705
100,97.43849054733778,2.5615094526622215,2.5615094526622215,2.5615094526622215
76,70.23300192117904,5.766998078820961,5.766998078820961,7.588155366869687
79,85.04962833764402,-6.049628337644023,6.049628337644023,7.657757389422814
77,72.04606304034945,4.953936959650548,4.953936959650548,6.433684363182531
77,70.09260885369868,6.907391146301322,6.907391146301322,8.97063785233938
49,62.15716859727036,-13.157168597270363,13.157168597270363,26.851364484225233
80,91.77411724218021,-11.77411724218021,11.77411724218021,14.717646552725263
76,88.39583599294338,-12.395835992943375,12.395835992943375,16.310310517030757
45,42.45465359521293,2.545346404787068,2.545346404787068,5.656325343971263
100,95.09828463852253,4.901715361477471,4.901715361477471,4.901715361477471
76,88.09663324874475,-12.096633248744752,12.096633248744752,15.916622695716779
39,40.71733712926478,-1.7173371292647772,1.7173371292647772,4.403428536576351
100,90.51919602474231,9.480803975257686,9.480803975257686,9.480803975257686
40,42.06229414423623,-2.0622941442362333,2.0622941442362333,5.155735360590583
52,63.44677155055059,-11.446771550550586,11.446771550550586,22.01302221259728
50,68.16239863325168,-18.162398633251684,18.162398633251684,36.32479726650337
100,92.99146253653105,7.008537463468954,7.008537463468954,7.008537463468954
79,86.34181718540222,-7.3418171854022205,7.3418171854022205,9.293439475192685
51,72.78650031991678,-21.786500319916783,21.786500319916783,42.7186280782682
75,74.52715715468753,0.47284284531247067,0.47284284531247067,0.6304571270832943
77,82.74235248562894,-5.742352485628942,5.742352485628942,7.457600630686938
46,53.81635370490702,-7.816353704907023,7.816353704907023,16.992073271537006
35,25.64403720594857,9.355962794051429,9.355962794051429,26.731322268718365
38,41.724342540185106,-3.7243425401851056,3.7243425401851056,9.80090142153975
76,73.06663358758838,2.9333664124116154,2.9333664124116154,3.85969264791002
100,97.1918880279538,2.8081119720462056,2.8081119720462056,2.8081119720462056
73,61.450021345472834,11.549978654527166,11.549978654527166,15.821888567845432
77,73.94649293178185,3.0535070682181527,3.0535070682181527,3.9655935950885097
100,88.6639662710286,11.336033728971401,11.336033728971401,11.336033728971401
77,70.85599486558633,6.144005134413675,6.144005134413675,7.979227447290486
77,85.18924806644108,-8.189248066441081,8.189248066441081,10.635387099274132
77,71.26823577142001,5.731764228579991,5.731764228579991,7.4438496475064815
42,52.21500409506042,-10.215004095060422,10.215004095060422,24.321438321572433
75,73.27999615221358,1.7200038477864155,1.7200038477864155,2.2933384637152208
100,88.4074593597502,11.592540640249794,11.592540640249794,11.592540640249794
77,70.16989271732834,6.830107282671662,6.830107282671662,8.870269198274885
46,55.65179297184479,-9.651792971844792,9.651792971844792,20.9821586344452
100,93.88101777838901,6.118982221610992,6.118982221610992,6.118982221610992
96,91.06870718983319,4.931292810166809,4.931292810166809,5.136763343923759
76,68.02365279797587,7.9763472020241295,7.9763472020241295,10.495193686873854
100,93.02837566115412,6.971624338845885,6.971624338845885,6.971624338845885
78,80.66228076243287,-2.6622807624328715,2.6622807624328715,3.4131804646575272
100,93.75718241988956,6.24281758011044,6.24281758011044,6.24281758011044
100,95.40525117549716,4.594748824502844,4.594748824502844,4.594748824502844
75,78.48489239322963,-3.4848923932296287,3.4848923932296287,4.646523190972839
49,58.79238830861307,-9.79238830861307,9.79238830861307,19.984465935945043
75,85.41740537434879,-10.417405374348789,10.417405374348789,13.889873832465053
77,80.18527865356103,-3.185278653561028,3.185278653561028,4.1367255241052305
47,66.73243057506099,-19.732430575060988,19.732430575060988,41.983894840555294
96,74.80457688805345,21.195423111946553,21.195423111946553,22.07856574161099
78,88.98394229806887,-10.983942298068868,10.983942298068868,14.081977305216498
77,72.5946225470631,4.405377452936904,4.405377452936904,5.721269419398576
77,70.5909225763678,6.409077423632198,6.409077423632198,8.323477173548309
100,92.28699726504605,7.713002734953946,7.713002734953946,7.713002734953946
76,69.91163687152506,6.088363128474938,6.088363128474938,8.011004116414393
76,83.95299621715621,-7.952996217156212,7.952996217156212,10.464468706784489
52,68.04004996717073,-16.04004996717073,16.04004996717073,30.846249936866787
39,42.38438367944412,-3.38438367944412,3.38438367944412,8.67790687036954
77,72.59993009731315,4.400069902686852,4.400069902686852,5.714376496995912
99,92.79705331779576,6.202946682204242,6.202946682204242,6.265602709297215
52,64.9152550694509,-12.915255069450893,12.915255069450893,24.837028979713256
44,48.73069267213701,-4.73069267213701,4.73069267213701,10.751574254856843
72,66.8093981755981,5.190601824401895,5.190601824401895,7.209169200558188
99,86.49341513738428,12.506584862615725,12.506584862615725,12.632914002642146
45,47.2246521340604,-2.224652134060399,2.224652134060399,4.943671409023109
50,65.80129797918296,-15.801297979182962,15.801297979182962,31.602595958365924
45,47.32896192603752,-2.328961926037522,2.328961926037522,5.175470946750049
74,80.65767686198703,-6.657676861987028,6.657676861987028,8.996860624306795
47,63.457198588035546,-16.457198588035546,16.457198588035546,35.01531614475648
100,91.54996719610035,8.450032803899646,8.450032803899646,8.450032803899646
38,49.23422226815558,-11.234222268155577,11.234222268155577,29.56374281093573
76,80.67648024219287,-4.676480242192866,4.676480242192866,6.1532634765695615
39,45.61932735572846,-6.619327355728458,6.619327355728458,16.972634245457584
47,56.408775106976066,-9.408775106976066,9.408775106976066,20.01867044037461
53,73.5861816770748,-20.586181677074805,20.586181677074805,38.84185222089586
78,81.34890439187191,-3.348904391871912,3.348904391871912,4.293467169066554
75,72.60512213444856,2.394877865551436,2.394877865551436,3.1931704874019147
79,90.71911776273586,-11.719117762735863,11.719117762735863,14.83432628194413
39,44.8204064099232,-5.820406409923201,5.820406409923201,14.92411899980308
100,92.97171003154716,7.028289968452839,7.028289968452839,7.028289968452839
100,93.88811001025812,6.111889989741883,6.111889989741883,6.111889989741883
77,76.98123816494162,0.01876183505838469,0.01876183505838469,0.024366019556343755
79,83.84014408360555,-4.840144083605551,4.840144083605551,6.126764662791837
37,42.23671033969651,-5.236710339696508,5.236710339696508,14.15327118836894
37,44.45108040536327,-7.451080405363271,7.451080405363271,20.138055149630464
100,95.51740751390282,4.482592486097175,4.482592486097175,4.482592486097175
41,52.58508900486248,-11.585089004862482,11.585089004862482,28.256314646006054
77,70.99267637229173,6.007323627708274,6.007323627708274,7.801718997023732
45,48.295398069747556,-3.295398069747556,3.295398069747556,7.323106821661235
99,96.45913283221155,2.5408671677884485,2.5408671677884485,2.566532492715605
95,88.50519350663404,6.494806493365957,6.494806493365957,6.836638414069427
77,68.27808910387238,8.721910896127625,8.721910896127625,11.327157007957954
100,90.04727176518914,9.952728234810863,9.952728234810863,9.952728234810863
100,91.20079171368796,8.799208286312037,8.799208286312037,8.799208286312037
99,82.6382550233698,16.361744976630206,16.361744976630206,16.527015127909298
100,94.47401459077797,5.525985409222031,5.525985409222031,5.525985409222031
51,69.83774321582983,-18.837743215829832,18.837743215829832,36.936751403587905
44,43.949534544091115,0.05046545590888485,0.05046545590888485,0.11469421797473829
46,56.261654193027724,-10.261654193027724,10.261654193027724,22.307943897886357
48,56.696577454245215,-8.696577454245215,8.696577454245215,18.1178696963442
76,69.3266773428573,6.673322657142705,6.673322657142705,8.780687706766717
76,59.848674677459954,16.151325322540046,16.151325322540046,21.25174384544743
40,52.34819180435615,-12.348191804356148,12.348191804356148,30.87047951089037
52,66.11005346161943,-14.11005346161943,14.11005346161943,27.134718195421982
36,41.551809164459755,-5.551809164459755,5.551809164459755,15.42169212349932
77,82.11542706660043,-5.115427066600432,5.115427066600432,6.643411774805756
75,65.98205614013176,9.01794385986824,9.01794385986824,12.023925146490987
75,62.58872603613879,12.411273963861213,12.411273963861213,16.548365285148282
78,81.17655998200273,-3.176559982002729,3.176559982002729,4.072512797439396
78,90.75563136181347,-12.755631361813471,12.755631361813471,16.3533735407865
78,84.60871303501455,-6.608713035014546,6.608713035014546,8.472709019249418
76,71.37205864134408,4.627941358655917,4.627941358655917,6.08939652454726
98,81.9509866284293,16.049013371570695,16.049013371570695,16.37654425670479
100,97.73254726120223,2.267452738797772,2.267452738797772,2.267452738797772
76,67.38362588216137,8.616374117838632,8.616374117838632,11.337334365577147
40,46.776433423606974,-6.776433423606974,6.776433423606974,16.941083559017436
34,22.939395184626882,11.060604815373118,11.060604815373118,32.53119063345034
99,87.56253333589356,11.437466664106438,11.437466664106438,11.552996630410544
80,93.4535059853769,-13.453505985376907,13.453505985376907,16.816882481721134
77,74.26518683151933,2.7348131684806702,2.7348131684806702,3.55170541361126
51,70.31091698930953,-19.310916989309533,19.310916989309533,37.864543116293206
100,94.84653224608616,5.153467753913844,5.153467753913844,5.153467753913844
80,90.06255345579794,-10.06255345579794,10.06255345579794,12.578191819747426
77,74.17288500313782,2.8271149968621785,2.8271149968621785,3.6715779180028294
76,66.18641092350886,9.81358907649114,9.81358907649114,12.912617205909397
76,69.90981678741501,6.090183212584989,6.090183212584989,8.013398963927617
77,69.86206800160102,7.137931998398983,7.137931998398983,9.270041556362315
46,54.736576416490436,-8.736576416490436,8.736576416490436,18.992557427153123
76,74.14004017008754,1.8599598299124551,1.8599598299124551,2.447315565674283
78,73.31810043894085,4.681899561059154,4.681899561059154,6.002435334691223
100,93.35076856442709,6.649231435572915,6.649231435572915,6.649231435572915
74,83.88123495765271,-9.881234957652708,9.881234957652708,13.3530202130442
74,70.80027349301268,3.199726506987318,3.199726506987318,4.323954739172051
49,65.02506580202427,-16.025065802024272,16.025065802024272,32.70421592249851
41,61.369705106162655,-20.369705106162655,20.369705106162655,49.682207576006476
76,68.69114937132625,7.308850628673753,7.308850628673753,9.616908721939147
76,85.61252645763705,-9.612526457637045,9.612526457637045,12.648061128469799
77,71.01888034354323,5.9811196564567695,5.9811196564567695,7.767687865528272
74,72.97027267631924,1.0297273236807598,1.0297273236807598,1.3915234103794052
38,47.68559056468452,-9.685590564684517,9.685590564684517,25.488396222853993
77,74.7975024657213,2.202497534278706,2.202497534278706,2.8603864081541635
76,67.3062880979567,8.693711902043304,8.693711902043304,11.439094607951716
43,43.05600298578628,-0.056002985786278714,0.056002985786278714,0.13023950182855515
75,71.86471687466742,3.1352831253325775,3.1352831253325775,4.180377500443436
99,95.03676018930102,3.9632398106989797,3.9632398106989797,4.003272536059575
37,44.68984977715445,-7.68984977715445,7.68984977715445,20.783377776093108
75,71.9559406126642,3.044059387335807,3.044059387335807,4.058745849781076
76,70.69344830612468,5.3065516938753206,5.3065516938753206,6.982304860362263
76,70.24331877121296,5.756681228787045,5.756681228787045,7.57458056419348
100,94.222410409607,5.777589590393006,5.777589590393006,5.777589590393006
39,41.833477724289104,-2.8334777242891036,2.8334777242891036,7.265327498177189
98,84.83111346376374,13.168886536236258,13.168886536236258,13.437639322690059
99,94.26125768765,4.7387423123499985,4.7387423123499985,4.78660839631313
98,93.0875866804824,4.912413319517597,4.912413319517597,5.012666652568977
75,83.65203780161887,-8.652037801618874,8.652037801618874,11.536050402158498
39,37.294391294559844,1.7056087054401559,1.7056087054401559,4.373355654974759
100,91.5555425419966,8.444457458003399,8.444457458003399,8.444457458003399
50,63.09951169965926,-13.09951169965926,13.09951169965926,26.19902339931852
50,77.05308389950142,-27.053083899501416,27.053083899501416,54.10616779900283
75,69.03182997580393,5.96817002419607,5.96817002419607,7.957560032261426
38,38.424585076304034,-0.42458507630403375,0.42458507630403375,1.11732914816851
100,94.61005355113551,5.389946448864492,5.389946448864492,5.389946448864492
77,72.78103324833657,4.21896675166343,4.21896675166343,5.479177599562896
100,87.56264539559311,12.437354604406892,12.437354604406892,12.437354604406892
38,33.68478323044683,4.315216769553167,4.315216769553167,11.355833604087282
78,71.48675165105776,6.513248348942241,6.513248348942241,8.350318396079796
97,97.78485920118467,-0.7848592011846733,0.7848592011846733,0.8091331970976013
76,70.35962172926189,5.640378270738111,5.640378270738111,7.4215503562343565
77,73.35744293083644,3.6425570691635585,3.6425570691635585,4.73059359631631
76,69.98285392741329,6.017146072586712,6.017146072586712,7.917297463929884
47,49.46622256184858,-2.466222561848582,2.466222561848582,5.247282046486345
76,61.697624552509325,14.302375447490675,14.302375447490675,18.818915062487733
77,70.95105572727006,6.0489442727299405,6.0489442727299405,7.855771782766157
75,69.38313671709022,5.616863282909776,5.616863282909776,7.4891510438797
49,61.545746403158255,-12.545746403158255,12.545746403158255,25.603564088078066
76,80.01070402183417,-4.010704021834172,4.010704021834172,5.277242133992332
75,64.34566551935451,10.654334480645488,10.654334480645488,14.205779307527317
45,47.16751855758498,-2.1675185575849767,2.1675185575849767,4.8167079057443924
51,74.73886243487806,-23.738862434878058,23.738862434878058,46.546789087996196
43,42.94546964209442,0.05453035790557692,0.05453035790557692,0.12681478582692307
50,64.74048757634425,-14.74048757634425,14.74048757634425,29.480975152688497
100,86.04329187662297,13.956708123377027,13.956708123377027,13.956708123377027
38,37.23473016728151,0.7652698327184879,0.7652698327184879,2.013867980838126
75,82.3345308483538,-7.334530848353793,7.334530848353793,9.779374464471724
77,69.79977374204422,7.2002262579557765,7.2002262579557765,9.350943192150359
100,94.38972306954896,5.610276930451036,5.610276930451036,5.610276930451036
74,73.09234779923025,0.9076522007697463,0.9076522007697463,1.2265570280672247
39,45.176547680472,-6.176547680471998,6.176547680471998,15.837301744799994
75,65.5977348729458,9.402265127054207,9.402265127054207,12.536353502738942
76,70.48814518313843,5.511854816861572,5.511854816861572,7.252440548502068
48,69.24271911310048,-21.242719113100478,21.242719113100478,44.25566481895933
46,50.34162830300948,-4.341628303009479,4.341628303009479,9.438322397846694
74,70.12025818307997,3.8797418169200313,3.8797418169200313,5.242894347189232
75,66.0367472290131,8.963252770986898,8.963252770986898,11.951003694649197
81,88.39603188990047,-7.3960318899004704,7.3960318899004704,9.13090356777836
72,62.11450725194585,9.885492748054148,9.885492748054148,13.729851038964094
77,72.58668211927325,4.413317880726751,4.413317880726751,5.731581663281495
100,94.20559227767252,5.7944077223274775,5.7944077223274775,5.7944077223274775
98,93.41830463259653,4.581695367403469,4.581695367403469,4.675199354493336
77,74.99928531092341,2.000714689076588,2.000714689076588,2.5983307650345298
79,80.69709112478203,-1.697091124782034,1.697091124782034,2.148216613648144
38,42.27340822817719,-4.273408228177189,4.273408228177189,11.245811126782076
35,30.149439811640036,4.850560188359964,4.850560188359964,13.858743395314182
76,65.3727080593348,10.627291940665202,10.627291940665202,13.98327886929632
99,89.30197138953162,9.698028610468384,9.698028610468384,9.795988495422609
75,63.35994578573727,11.640054214262733,11.640054214262733,15.520072285683645
75,71.88661259551215,3.1133874044878525,3.1133874044878525,4.151183205983804
75,68.96313639489426,6.0368636051057365,6.0368636051057365,8.049151473474316
38,33.172100951178834,4.827899048821166,4.827899048821166,12.704997496897805
76,74.68625120037066,1.3137487996293373,1.3137487996293373,1.7286168416175491
50,63.29977755666138,-13.299777556661383,13.299777556661383,26.599555113322765
77,69.55454094829096,7.445459051709037,7.445459051709037,9.669427339881866
79,89.37309067120378,-10.373090671203784,10.373090671203784,13.13049452051112
100,97.51200098271462,2.487999017285375,2.487999017285375,2.487999017285375
35,30.70091950074731,4.299080499252689,4.299080499252689,12.283087140721968
73,65.7515475829936,7.248452417006405,7.248452417006405,9.929386872611513
77,71.20227090189611,5.797729098103886,5.797729098103886,7.529518309225826
99,86.69379264373272,12.30620735626728,12.30620735626728,12.43051248107806
78,89.42428490525401,-11.424284905254012,11.424284905254012,14.646519109300016
74,69.84246735164182,4.157532648358185,4.157532648358185,5.618287362646195
77,76.59777232567903,0.40222767432096873,0.40222767432096873,0.5223736030142451
49,78.5244148347869,-29.524414834786896,29.524414834786896,60.25390782609571
100,93.88389143831493,6.116108561685067,6.116108561685067,6.116108561685067
76,67.75281446690566,8.247185533094338,8.247185533094338,10.851559911966236
47,52.83344752315922,-5.833447523159222,5.833447523159222,12.411590474806857
37,40.345870918718695,-3.3458709187186955,3.3458709187186955,9.042894374915393
76,69.47206170861926,6.527938291380735,6.527938291380735,8.589392488658861
100,88.58872555000738,11.411274449992618,11.411274449992618,11.411274449992618
36,41.41639051715951,-5.416390517159513,5.416390517159513,15.045529214331982
39,39.89879328714749,-0.8987932871474911,0.8987932871474911,2.304598172173054
70,60.34055700677527,9.65944299322473,9.65944299322473,13.79920427603533
39,42.312693787138556,-3.3126937871385564,3.3126937871385564,8.494086633688607
75,70.41058964237773,4.5894103576222705,4.5894103576222705,6.119213810163028
74,81.3381603789799,-7.338160378979893,7.338160378979893,9.916432944567424
36,30.598345346449804,5.401654653550196,5.401654653550196,15.004596259861655
76,69.74234445047783,6.25765554952217,6.25765554952217,8.233757302002855
74,64.74937352176534,9.250626478234665,9.250626478234665,12.500846592209006
77,75.45632408033552,1.54367591966448,1.54367591966448,2.004773921642182
43,54.341022953845524,-11.341022953845524,11.341022953845524,26.374471985687265
100,92.21393806487062,7.786061935129382,7.786061935129382,7.786061935129382
77,68.95010723541246,8.04989276458754,8.04989276458754,10.454406187776026
34,38.54088235418456,-4.540882354184561,4.540882354184561,13.355536335836943
78,71.61817494219652,6.381825057803482,6.381825057803482,8.18182699718395
52,63.17970941453497,-11.179709414534969,11.179709414534969,21.49944118179802
49,66.21808876533497,-17.21808876533497,17.21808876533497,35.13895666394892
78,80.28833030568609,-2.288330305686088,2.288330305686088,2.9337568021616516
33,33.705860848687934,-0.7058608486879336,0.7058608486879336,2.138972268751314
77,72.86310962411986,4.136890375880142,4.136890375880142,5.372584903740445
37,36.541586990321136,0.4584130096788641,0.4584130096788641,1.2389540802131462
78,78.40960471994417,-0.4096047199441699,0.4096047199441699,0.5251342563386794
100,93.82579216104158,6.174207838958424,6.174207838958424,6.174207838958424
98,74.25029845941543,23.749701540584567,23.749701540584567,24.234389327127108
79,87.87222841647203,-8.872228416472026,8.872228416472026,11.23066888161016
77,69.83558843357254,7.164411566427461,7.164411566427461,9.304430605749948
51,70.24662260536567,-19.246622605365673,19.246622605365673,37.73847569679544
77,75.09327708454894,1.9067229154510557,1.9067229154510557,2.4762635265598125
100,94.25736091338028,5.742639086619718,5.742639086619718,5.742639086619718
75,72.98359996853743,2.0164000314625667,2.0164000314625667,2.688533375283422
74,62.83852179372421,11.161478206275788,11.161478206275788,15.083078657129443
41,48.50235638548954,-7.502356385489541,7.502356385489541,18.29843020851108
78,86.37781780568824,-8.377817805688238,8.377817805688238,10.740792058574664
38,41.41588020738566,-3.415880207385662,3.415880207385662,8.989158440488584
80,80.94770803675931,-0.9477080367593089,0.9477080367593089,1.1846350459491362
77,70.15478155356384,6.845218446436164,6.845218446436164,8.889894086280732
78,72.04833988417509,5.951660115824907,5.951660115824907,7.630333481826804
50,69.1386416760903,-19.1386416760903,19.1386416760903,38.2772833521806
73,55.294645386314855,17.705354613685145,17.705354613685145,24.253910429705677
49,64.58026820565466,-15.580268205654662,15.580268205654662,31.79646572582584
78,79.81760801409807,-1.8176080140980702,1.8176080140980702,2.3302666847411153
54,80.65739622179562,-26.657396221795622,26.657396221795622,49.36554855888078
32,22.334555163796175,9.665444836203825,9.665444836203825,30.204515113136953
78,95.64235091980835,-17.64235091980835,17.64235091980835,22.61839861513891
52,79.45102596255926,-27.451025962559257,27.451025962559257,52.79043454338319
77,83.66735288511202,-6.667352885112024,6.667352885112024,8.658899850794837
100,94.64655284660473,5.3534471533952654,5.3534471533952654,5.3534471533952654
48,54.347029548803185,-6.347029548803185,6.347029548803185,13.222978226673302
77,76.78529046490786,0.2147095350921404,0.2147095350921404,0.27884355206771483
51,61.605520481910645,-10.605520481910645,10.605520481910645,20.795138199824795
99,86.56942664966117,12.430573350338832,12.430573350338832,12.556134697311952
45,48.23821291412973,-3.2382129141297327,3.2382129141297327,7.1960286980660735
97,70.97360410615524,26.026395893844764,26.026395893844764,26.83133597303584
77,86.75739755368492,-9.757397553684925,9.757397553684925,12.671944874915486
75,60.97887770677865,14.021122293221353,14.021122293221353,18.694829724295136
77,73.08715280653928,3.9128471934607205,3.9128471934607205,5.081619731767169
37,37.95202390237955,-0.9520239023795511,0.9520239023795511,2.573037573998787
73,60.665248345175414,12.334751654824586,12.334751654824586,16.896920075102173
98,91.60889497518066,6.391105024819339,6.391105024819339,6.521535739611571
99,86.4007726129244,12.5992273870756,12.5992273870756,12.726492310177376
77,74.38068559602311,2.6193144039768868,2.6193144039768868,3.4017070181518014
77,80.25343867647103,-3.253438676471035,3.253438676471035,4.225245034377967
75,68.0835220765473,6.916477923452703,6.916477923452703,9.221970564603604
37,37.96326729452053,-0.9632672945205272,0.9632672945205272,2.603425120325749
79,76.5825701735667,2.417429826433306,2.417429826433306,3.0600377549788687
75,68.22666240109555,6.7733375989044475,6.7733375989044475,9.031116798539264
74,86.20208591756145,-12.202085917561448,12.202085917561448,16.48930529400196
39,36.734153004276344,2.265846995723656,2.265846995723656,5.809864091599119
78,72.85187809115983,5.148121908840167,5.148121908840167,6.60015629338483
49,64.2826580876595,-15.282658087659499,15.282658087659499,31.189098138080613
77,87.29828405746954,-10.298284057469544,10.298284057469544,13.374394879830579
100,90.9610141449763,9.038985855023697,9.038985855023697,9.038985855023697
75,93.64009880403185,-18.64009880403185,18.64009880403185,24.853465072042468
42,54.933339568489814,-12.933339568489814,12.933339568489814,30.79366563926146
47,59.420586260982496,-12.420586260982496,12.420586260982496,26.426779278686162
48,60.496813351338766,-12.496813351338766,12.496813351338766,26.035027815289098
46,55.30661963209918,-9.306619632099178,9.306619632099178,20.231781808911258
50,79.8417590218875,-29.841759021887498,29.841759021887498,59.683518043774995
76,66.36759922486023,9.632400775139772,9.632400775139772,12.674211546236542
77,85.61743452350102,-8.617434523501018,8.617434523501018,11.191473407144178
78,74.44649343037919,3.553506569620808,3.553506569620808,4.5557776533600105
75,78.05646995105535,-3.056469951055348,3.056469951055348,4.075293268073798
78,71.77064266157333,6.2293573384266665,6.2293573384266665,7.98635556208547
49,58.256079305312845,-9.256079305312845,9.256079305312845,18.889957765944583
37,36.667547923680814,0.3324520763191856,0.3324520763191856,0.8985191251869881
43,43.07918287381678,-0.07918287381677658,0.07918287381677658,0.1841462181785502
79,87.34628328664591,-8.346283286645914,8.346283286645914,10.564915552716347
76,70.11932361465742,5.880676385342582,5.880676385342582,7.737732085977083
100,90.74408504193482,9.255914958065176,9.255914958065176,9.255914958065176
100,94.28147692261588,5.71852307738412,5.71852307738412,5.71852307738412
79,92.62108833259529,-13.621088332595292,13.621088332595292,17.241883965310496
77,83.58545547635701,-6.585455476357012,6.585455476357012,8.552539579684431
76,83.41745751209852,-7.417457512098522,7.417457512098522,9.759812515919108
75,64.61377943019187,10.386220569808131,10.386220569808131,13.84829409307751
40,42.065608670291724,-2.0656086702917236,2.0656086702917236,5.164021675729309
39,47.07096683460654,-8.070966834606537,8.070966834606537,20.694786755401378
51,65.65531747666878,-14.655317476668785,14.655317476668785,28.735916620919184
76,70.53358646367882,5.466413536321184,5.466413536321184,7.192649389896295
34,36.00410404316253,-2.0041040431625277,2.0041040431625277,5.894423656360376
76,68.86173883184343,7.138261168156575,7.138261168156575,9.392448905469179
76,63.842821284055304,12.157178715944696,12.157178715944696,15.996287784137758
100,89.05628431853476,10.943715681465235,10.943715681465235,10.943715681465235
48,52.221280100239305,-4.221280100239305,4.221280100239305,8.794333542165218
39,39.45159587752238,-0.4515958775223794,0.4515958775223794,1.1579381474932804
76,74.3556380201184,1.6443619798815945,1.6443619798815945,2.1636341840547293
75,72.77533377537077,2.2246662246292317,2.2246662246292317,2.9662216328389754
98,104.34867357620803,-6.348673576208029,6.348673576208029,6.4782383430694175
77,68.42655181285275,8.57344818714725,8.57344818714725,11.134348294996428
75,67.11089474713896,7.889105252861043,7.889105252861043,10.518807003814725
39,39.39212354565428,-0.39212354565427887,0.39212354565427887,1.0054449888571253
98,99.17789858978868,-1.1778985897886827,1.1778985897886827,1.201937336519064
81,96.17613012658693,-15.176130126586926,15.176130126586926,18.735963119243117
74,61.134640342622546,12.865359657377454,12.865359657377454,17.385621158618182
77,68.81167245797407,8.188327542025931,8.188327542025931,10.63419161302069
73,63.14645910580846,9.85354089419154,9.85354089419154,13.498001224919918
100,88.28179571297014,11.718204287029863,11.718204287029863,11.718204287029863
77,69.49747473178677,7.502525268213233,7.502525268213233,9.743539309367835
76,70.5081698644373,5.491830135562694,5.491830135562694,7.226092283635123
52,60.90291703612019,-8.902917036120193,8.902917036120193,17.12099430023114
75,100.36568300504885,-25.36568300504885,25.36568300504885,33.820910673398465
77,78.57911736870737,-1.5791173687073723,1.5791173687073723,2.0508017775420417
73,72.69202928238589,0.3079707176141113,0.3079707176141113,0.42187769536179637
35,28.090901861219564,6.909098138780436,6.909098138780436,19.740280396515534
80,87.51512123559692,-7.515121235596922,7.515121235596922,9.393901544496153
75,65.88487445042067,9.115125549579332,9.115125549579332,12.153500732772443
97,93.768904581383,3.2310954186170022,3.2310954186170022,3.3310262047597963
39,34.88013688844704,4.119863111552959,4.119863111552959,10.563751568084513
99,96.48731050731053,2.512689492689475,2.512689492689475,2.5380701946358335
47,61.95564297383281,-14.95564297383281,14.95564297383281,31.82051696560172
100,92.7544015971628,7.245598402837203,7.245598402837203,7.245598402837203
43,39.56999926185316,3.4300007381468376,3.4300007381468376,7.976745902667064
39,39.14183115098751,-0.14183115098750676,0.14183115098750676,0.363669617916684
37,32.97340981589776,4.02659018410224,4.02659018410224,10.882676173249296
100,97.58589294426886,2.4141070557311366,2.4141070557311366,2.4141070557311366
73,60.61414911587664,12.385850884123357,12.385850884123357,16.966919019347067
100,93.84102268708769,6.158977312912313,6.158977312912313,6.158977312912313
77,77.66626874115128,-0.6662687411512849,0.6662687411512849,0.865284079417253
98,98.07662889400785,-0.07662889400785389,0.07662889400785389,0.078192748987606
100,94.49961729544043,5.50038270455957,5.50038270455957,5.50038270455957
76,65.45055741849826,10.549442581501737,10.549442581501737,13.88084550197597
100,104.25970245453865,-4.259702454538655,4.259702454538655,4.259702454538655
74,77.0345819616817,-3.0345819616816954,3.0345819616816954,4.100786434704993
49,59.79337428651905,-10.793374286519047,10.793374286519047,22.02729446228377
100,96.79968931883795,3.200310681162051,3.200310681162051,3.200310681162051
76,72.06395255931355,3.936047440686451,3.936047440686451,5.1790097903769095
77,72.47060244098923,4.529397559010775,4.529397559010775,5.882334492221785
77,70.46511518165364,6.534884818346356,6.534884818346356,8.486863400449812
100,90.20877137658131,9.79122862341869,9.79122862341869,9.79122862341869
100,87.5780929289846,12.421907071015397,12.421907071015397,12.421907071015397
76,67.4415582617013,8.558441738298697,8.558441738298697,11.261107550393023
100,93.72053206717597,6.2794679328240335,6.2794679328240335,6.279467932824033
100,95.37855512013185,4.62144487986815,4.62144487986815,4.62144487986815
100,90.89623835052855,9.103761649471451,9.103761649471451,9.103761649471451
38,38.13368664950867,-0.13368664950866815,0.13368664950866815,0.351806972391232
80,90.63110525671429,-10.631105256714292,10.631105256714292,13.288881570892865
38,41.17865157266898,-3.178651572668983,3.178651572668983,8.364872559655218
77,66.87707063372426,10.122929366275741,10.122929366275741,13.14666151464382
76,66.25926047346887,9.74073952653113,9.74073952653113,12.816762534909381
39,47.29691058360283,-8.29691058360283,8.29691058360283,21.274129701545718
37,30.640145818670774,6.359854181329226,6.359854181329226,17.188795084673583
74,69.05013559763565,4.949864402364355,4.949864402364355,6.689005949141021
37,45.4287495307034,-8.4287495307034,8.4287495307034,22.780404137036214
52,67.96357256374507,-15.963572563745075,15.963572563745075,30.699178007202065
71,75.7195532249103,-4.7195532249103,4.7195532249103,6.647258063253942
100,85.71959145137971,14.280408548620287,14.280408548620287,14.280408548620285
52,75.46137421373822,-23.461374213738225,23.461374213738225,45.11802733411197
100,102.05118709201334,-2.051187092013336,2.051187092013336,2.051187092013336
76,66.7282126386763,9.271787361323703,9.271787361323703,12.199720212268032
40,36.2875436651086,3.7124563348913995,3.7124563348913995,9.281140837228499
100,94.79869525220374,5.201304747796257,5.201304747796257,5.201304747796257
72,59.54536805337621,12.454631946623792,12.454631946623792,17.298099925866378
76,70.69881420159437,5.301185798405626,5.301185798405626,6.97524447158635
73,86.43536784294815,-13.435367842948153,13.435367842948153,18.40461348349062
100,100.9990678938287,-0.9990678938286948,0.9990678938286948,0.9990678938286948
77,70.55646862173586,6.44353137826414,6.44353137826414,8.368222569174208
37,33.09888387198741,3.901116128012589,3.901116128012589,10.543557102736727
78,83.02060652970027,-5.020606529700274,5.020606529700274,6.436675038077275
72,60.122504817769205,11.877495182230795,11.877495182230795,16.49652108643166
39,49.04451131869089,-10.044511318690887,10.044511318690887,25.75515722741253
100,87.66771422583044,12.332285774169563,12.332285774169563,12.332285774169563
76,72.46302732289635,3.5369726771036483,3.5369726771036483,4.653911417241643
77,69.0620687612017,7.937931238798299,7.937931238798299,10.30900160882896
98,88.58146622286647,9.418533777133533,9.418533777133533,9.610748752177074
76,81.61360697844376,-5.613606978443755,5.613606978443755,7.38632497163652
95,61.59091670500766,33.40908329499234,33.40908329499234,35.16745609999194
75,72.58900676640512,2.41099323359488,2.41099323359488,3.214657644793173
78,97.966171667273,-19.966171667273002,19.966171667273002,25.59765598368334
37,36.49453993872867,0.5054600612713287,0.5054600612713287,1.3661082737062937
100,89.45848370608682,10.541516293913176,10.541516293913176,10.541516293913176
100,101.5482744871788,-1.5482744871788015,1.5482744871788015,1.5482744871788015
32,23.04029714525575,8.95970285474425,8.95970285474425,27.999071421075783
77,78.23020399804486,-1.230203998044857,1.230203998044857,1.5976675299283858
100,93.07382212043134,6.926177879568655,6.926177879568655,6.926177879568655
77,71.90450449442946,5.09549550557054,5.09549550557054,6.617526630611091
39,38.912565962255385,0.08743403774461456,0.08743403774461456,0.22418984037080655
50,63.38592121445906,-13.38592121445906,13.38592121445906,26.77184242891812
79,87.98136716161493,-8.981367161614926,8.981367161614926,11.368819191917629
100,89.11882117773432,10.881178822265682,10.881178822265682,10.881178822265682
48,55.44029873653764,-7.440298736537642,7.440298736537642,15.500622367786754
36,31.935386534794894,4.064613465205106,4.064613465205106,11.290592958903073
100,94.28929732413005,5.710702675869953,5.710702675869953,5.710702675869953
75,63.09451939605694,11.905480603943062,11.905480603943062,15.873974138590748
73,69.71457235226684,3.285427647733158,3.285427647733158,4.500585818812546
77,69.37051767891506,7.629482321084936,7.629482321084936,9.908418598811606
38,43.94865950051447,-5.9486595005144665,5.9486595005144665,15.654367106617018
76,68.45277895012757,7.547221049872434,7.547221049872434,9.930554012990045
49,58.7190286101244,-9.719028610124397,9.719028610124397,19.83475226555999
77,72.53047806435374,4.469521935646256,4.469521935646256,5.804573942397735
47,65.40617808991577,-18.40617808991577,18.40617808991577,39.162081042373984
41,37.15898471716835,3.8410152828316484,3.8410152828316484,9.368329958125972
77,87.88666254465481,-10.886662544654811,10.886662544654811,14.13852278526599
50,58.41397954636985,-8.413979546369852,8.413979546369852,16.827959092739704
38,41.759171287792725,-3.759171287792725,3.759171287792725,9.89255602050717
77,85.49864742442301,-8.498647424423012,8.498647424423012,11.037204447302614
76,66.65122621605435,9.348773783945646,9.348773783945646,12.301018136770587
77,70.07932824857987,6.92067175142013,6.92067175142013,8.987885391454714
39,48.74413497325419,-9.74413497325419,9.74413497325419,24.984961469882542
76,67.98662855483454,8.013371445165461,8.013371445165461,10.543909796270343
76,74.29609881855181,1.7039011814481881,1.7039011814481881,2.241975238747616
46,54.193634093306684,-8.193634093306684,8.193634093306684,17.812248028927574
74,65.94213146158144,8.05786853841856,8.05786853841856,10.88901153840346
100,88.6848382221428,11.315161777857199,11.315161777857199,11.315161777857199
36,41.21058495734469,-5.210584957344693,5.210584957344693,14.47384710373526
74,56.48812313470242,17.51187686529758,17.51187686529758,23.664698466618354
77,90.4630757016152,-13.463075701615196,13.463075701615196,17.484513898201552
100,93.15635686219723,6.843643137802772,6.843643137802772,6.843643137802773
75,85.47912133239377,-10.479121332393774,10.479121332393774,13.972161776525033
79,82.8255565172129,-3.8255565172129025,3.8255565172129025,4.842476604066965
100,93.98583394448484,6.014166055515162,6.014166055515162,6.014166055515162
37,33.47990739369858,3.520092606301418,3.520092606301418,9.513763800814642
52,69.60323200415023,-17.60323200415023,17.60323200415023,33.85236923875044
37,30.90741177547909,6.0925882245209095,6.0925882245209095,16.46645466086732
37,34.5642997175369,2.4357002824631024,2.4357002824631024,6.582973736386763
75,66.82806457845129,8.17193542154871,8.17193542154871,10.89591389539828
76,58.75168238455019,17.248317615449807,17.248317615449807,22.695154757170798
48,62.95735484398942,-14.957354843989421,14.957354843989421,31.16115592497796
75,78.25645346510723,-3.256453465107228,3.256453465107228,4.341937953476304
100,89.43510863855566,10.564891361444339,10.564891361444339,10.564891361444339
100,89.57098861934757,10.429011380652426,10.429011380652426,10.429011380652426
78,83.67293254752647,-5.672932547526472,5.672932547526472,7.272990445546758
50,59.58811051655319,-9.588110516553193,9.588110516553193,19.176221033106387
76,69.55814714560343,6.441852854396572,6.441852854396572,8.476122176837594
46,58.57922938475985,-12.579229384759849,12.579229384759849,27.34615083643445
47,55.32675291080075,-8.32675291080075,8.32675291080075,17.71649555489521
38,46.19833776333329,-8.198337763333292,8.198337763333292,21.574573061403402
76,66.51492107764099,9.485078922359008,9.485078922359008,12.480367003103957
52,63.106641949116884,-11.106641949116884,11.106641949116884,21.358926825224778
78,79.31918398809619,-1.319183988096185,1.319183988096185,1.6912615232002375
77,78.73958044107478,-1.7395804410747786,1.7395804410747786,2.259195378019193
53,80.7631971060408,-27.763197106040806,27.763197106040806,52.38339076611472
100,94.33663434468995,5.663365655310045,5.663365655310045,5.663365655310045
77,72.7437807401306,4.256219259869397,4.256219259869397,5.5275574803498655
49,51.999859581903195,-2.999859581903195,2.999859581903195,6.122162412047336
100,93.82452462243432,6.175475377565675,6.175475377565675,6.175475377565675
77,70.88873477860228,6.111265221397716,6.111265221397716,7.936708079737293
77,84.31626621862236,-7.31626621862236,7.31626621862236,9.501644439769299
75,66.87527736411447,8.124722635885533,8.124722635885533,10.832963514514043
56,84.41705486603048,-28.417054866030483,28.417054866030483,50.74474083219729
78,78.06200744544373,-0.06200744544372583,0.06200744544372583,0.07949672492785362
79,80.90930426282618,-1.9093042628261827,1.9093042628261827,2.4168408390204843
52,74.62134048411721,-22.621340484117212,22.621340484117212,43.50257785407156
76,67.82540977788346,8.174590222116535,8.174590222116535,10.756039765942809
74,70.42562626969551,3.5743737303044867,3.5743737303044867,4.830234770681739
100,94.37284834931643,5.627151650683572,5.627151650683572,5.627151650683572
78,73.51308068742614,4.4869193125738605,4.4869193125738605,5.752460657145974
45,70.1827147172536,-25.182714717253603,25.182714717253603,55.961588260563566
100,92.0594306708101,7.940569329189898,7.940569329189898,7.940569329189899
35,34.14082700803601,0.8591729919639874,0.8591729919639874,2.4547799770399643
54,74.49840855638801,-20.498408556388014,20.498408556388014,37.96001584516299
76,67.26469392305415,8.735306076945847,8.735306076945847,11.493823785455062
41,47.999647028468964,-6.999647028468964,6.999647028468964,17.072309825534056
79,74.51311075949275,4.486889240507253,4.486889240507253,5.679606633553485
80,88.72263006008919,-8.722630060089188,8.722630060089188,10.903287575111484
75,83.65264559034748,-8.652645590347475,8.652645590347475,11.536860787129967
77,70.33082636592576,6.669173634074241,6.669173634074241,8.661264459836676
76,69.83590612148141,6.164093878518585,6.164093878518585,8.110649840156032
74,71.2883810470984,2.7116189529016026,2.7116189529016026,3.664349936353517
77,76.59594364992397,0.4040563500760328,0.4040563500760328,0.5247485065922504
100,92.72055184717566,7.279448152824344,7.279448152824344,7.279448152824345
78,73.55448615808427,4.4455138419157265,4.4455138419157265,5.699376720404778
34,27.608972423107275,6.391027576892725,6.391027576892725,18.797139932037428
74,67.68181295331784,6.318187046682155,6.318187046682155,8.538090603624534
100,97.33497770987184,2.6650222901281637,2.6650222901281637,2.6650222901281637
43,65.7085077943162,-22.708507794316205,22.708507794316205,52.81048324259583
77,73.57532210899087,3.424677891009125,3.424677891009125,4.4476336246871755
100,96.58501129413293,3.4149887058670743,3.4149887058670743,3.4149887058670747
51,73.4854149710321,-22.4854149710321,22.4854149710321,44.089048962808036
77,81.09509689239525,-4.095096892395247,4.095096892395247,5.3183076524613595
77,84.64032594135102,-7.640325941351023,7.640325941351023,9.922501222533796
97,79.18222812228659,17.81777187771341,17.81777187771341,18.368836987333413
48,60.633046325651094,-12.633046325651094,12.633046325651094,26.318846511773113
37,36.15340567204949,0.8465943279505126,0.8465943279505126,2.2880927782446285
78,81.86710562373611,-3.8671056237361086,3.8671056237361086,4.957827722738601
100,88.22996502901049,11.770034970989514,11.770034970989514,11.770034970989514
38,38.72071499005121,-0.7207149900512135,0.7207149900512135,1.8966183948716144
100,91.2629492615161,8.737050738483902,8.737050738483902,8.737050738483902
39,42.91413752813523,-3.914137528135228,3.914137528135228,10.03625007214161
77,91.82354339049199,-14.823543390491992,14.823543390491992,19.251355052587
100,89.48229064986938,10.517709350130616,10.517709350130616,10.517709350130616
37,37.82879600049576,-0.8287960004957569,0.8287960004957569,2.2399891905290725
40,37.89795400716359,2.102045992836409,2.102045992836409,5.255114982091023
75,72.96585766474617,2.034142335253833,2.034142335253833,2.7121897803384436
72,74.92198248443722,-2.9219824844372226,2.9219824844372226,4.058309006162809
78,80.03248830845973,-2.032488308459733,2.032488308459733,2.6057542416150428
38,34.03039853258882,3.969601467411181,3.969601467411181,10.446319651082055
77,72.83323480194262,4.1667651980573766,4.1667651980573766,5.411383374100489
100,88.80778656687812,11.192213433121879,11.192213433121879,11.192213433121879
77,83.82874561267062,-6.828745612670616,6.828745612670616,8.868500795676125
40,35.571161311337114,4.428838688662886,4.428838688662886,11.072096721657214
55,75.77299337466742,-20.772993374667422,20.772993374667422,37.76907886303167
100,92.23904501209866,7.760954987901343,7.760954987901343,7.760954987901343
50,57.17042604573674,-7.17042604573674,7.17042604573674,14.34085209147348
99,86.67528507820293,12.324714921797067,12.324714921797067,12.44920699171421
80,88.2827335873446,-8.282733587344595,8.282733587344595,10.353416984180743
99,97.11199245007008,1.8880075499299238,1.8880075499299238,1.9070783332625494
77,78.96856903568819,-1.9685690356881906,1.9685690356881906,2.556583163231416
96,72.97108028862259,23.028919711377412,23.028919711377412,23.988458032684804
37,45.5305838443949,-8.530583844394897,8.530583844394897,23.0556320118781
49,65.23939602638687,-16.23939602638687,16.23939602638687,33.14162454364668
42,40.81465019419782,1.1853498058021827,1.1853498058021827,2.8222614423861496
48,55.35253744652486,-7.352537446524863,7.352537446524863,15.317786346926798
78,86.5807656934203,-8.580765693420304,8.580765693420304,11.000981658231158
76,69.11808188199544,6.881918118004563,6.881918118004563,9.055155418427056
52,71.94391161510292,-19.94391161510292,19.94391161510292,38.353676182890226
36,37.70136403976922,-1.7013640397692171,1.7013640397692171,4.7260112215811585
77,71.29112717131676,5.708872828683241,5.708872828683241,7.414120556731481
51,62.322272773687544,-11.322272773687544,11.322272773687544,22.200534850367735
77,74.6916204850494,2.3083795149506017,2.3083795149506017,2.99789547396182
76,73.64586128709273,2.3541387129072717,2.3541387129072717,3.097550938035884
36,28.829868911476716,7.170131088523284,7.170131088523284,19.917030801453567
39,39.97037235507705,-0.9703723550770533,0.9703723550770533,2.488134243787316
77,70.12631537507156,6.873684624928444,6.873684624928444,8.926863149257718
75,78.60261735578402,-3.6026173557840195,3.6026173557840195,4.803489807712026
77,81.44315658700792,-4.44315658700792,4.44315658700792,5.770333229880415
78,83.35506318004678,-5.355063180046784,5.355063180046784,6.865465615444595
48,59.44136861353746,-11.441368613537463,11.441368613537463,23.836184611536382
46,64.80709122670109,-18.80709122670109,18.80709122670109,40.88498092761107
78,77.59300944662111,0.4069905533788898,0.4069905533788898,0.5217827607421663
74,69.02398153161889,4.976018468381113,4.976018468381113,6.7243492815960995
100,88.82160950046865,11.178390499531346,11.178390499531346,11.178390499531346
42,53.83295317276193,-11.832953172761933,11.832953172761933,28.17369803038555
100,99.7359050180657,0.26409498193430636,0.26409498193430636,0.26409498193430636
52,72.93235123503943,-20.932351235039434,20.932351235039434,40.25452160584507
78,78.64388955992658,-0.6438895599265777,0.6438895599265777,0.8254994358033048
75,82.00677620543202,-7.006776205432018,7.006776205432018,9.342368273909358
48,60.45190849021407,-12.451908490214073,12.451908490214073,25.94147602127932
76,76.95856898541976,-0.9585689854197597,0.9585689854197597,1.2612749808154733
40,43.67145238665941,-3.6714523866594106,3.6714523866594106,9.178630966648527
76,70.01677761627326,5.983222383726741,5.983222383726741,7.872661031219395
100,92.48100662290823,7.518993377091775,7.518993377091775,7.518993377091775
36,29.687467376703758,6.312532623296242,6.312532623296242,17.53481284248956
77,71.17545822229974,5.8245417777002615,5.8245417777002615,7.564339971039301
43,68.26081106788126,-25.260811067881264,25.260811067881264,58.74607225088666
76,67.24139840454693,8.758601595453072,8.758601595453072,11.524475783490884
76,84.2449888416635,-8.244988841663499,8.244988841663499,10.848669528504603
37,34.368068551094495,2.6319314489055046,2.6319314489055046,7.113328240285148
77,72.34598464647486,4.654015353525139,4.654015353525139,6.044175783798882
80,80.13748114267672,-0.13748114267671951,0.13748114267671951,0.1718514283458994
77,73.21534672880851,3.7846532711914875,3.7846532711914875,4.915134118430503
74,79.01081026765179,-5.010810267651792,5.010810267651792,6.771365226556475
77,70.48374770876354,6.516252291236455,6.516252291236455,8.462665313294098
100,93.41878865748339,6.58121134251661,6.58121134251661,6.58121134251661
100,94.89985493354531,5.100145066454687,5.100145066454687,5.100145066454687
39,47.07965203361868,-8.079652033618679,8.079652033618679,20.71705649645815
75,84.38624177138983,-9.386241771389834,9.386241771389834,12.51498902851978
73,55.27687850832406,17.72312149167594,17.72312149167594,24.278248618734164
100,99.26933692015618,0.7306630798438221,0.7306630798438221,0.7306630798438221
39,37.3679085273043,1.6320914726956985,1.6320914726956985,4.184849929988971
76,69.08115873301892,6.918841266981076,6.918841266981076,9.103738509185625
77,74.65538374233165,2.344616257668349,2.344616257668349,3.0449561787900636
77,72.18113768398386,4.818862316016137,4.818862316016137,6.258262748072905
100,90.03167474578963,9.96832525421037,9.96832525421037,9.96832525421037
100,92.41868830495815,7.5813116950418475,7.5813116950418475,7.5813116950418475
79,87.04056653677709,-8.040566536777092,8.040566536777092,10.177932325034295
43,63.0588188426667,-20.058818842666703,20.058818842666703,46.64841591317838
100,87.29034159363403,12.709658406365975,12.709658406365975,12.709658406365975
76,70.08779005521423,5.912209944785772,5.912209944785772,7.7792236115602265
54,81.05832856216475,-27.058328562164746,27.058328562164746,50.10801585586064
100,92.18633824735046,7.813661752649537,7.813661752649537,7.813661752649537
76,72.86568324277334,3.1343167572266566,3.1343167572266566,4.1241009963508635
77,70.79540415082182,6.204595849178176,6.204595849178176,8.057916687244385
77,76.1056341772911,0.894365822708906,0.894365822708906,1.1615140554661116
79,85.4586555692792,-6.458655569279202,6.458655569279202,8.175513378834433
53,75.33009751166293,-22.330097511662927,22.330097511662927,42.132259455967784
77,77.76595836679404,-0.7659583667940382,0.7659583667940382,0.9947511257065431
77,81.10353126761437,-4.103531267614372,4.103531267614372,5.329261386512171
75,67.72262187475063,7.2773781252493706,7.2773781252493706,9.703170833665828
37,39.1300263401238,-2.1300263401237984,2.1300263401237984,5.756827946280536
74,62.93989334560058,11.06010665439942,11.06010665439942,14.94609007351273
76,67.73735230200035,8.262647697999654,8.262647697999654,10.871904865789018
35,31.614818058600832,3.3851819413991677,3.3851819413991677,9.671948403997623
78,81.038268662453,-3.0382686624530066,3.0382686624530066,3.8952162339141108
100,90.57432171379008,9.425678286209916,9.425678286209916,9.425678286209916
76,68.99746818341094,7.002531816589055,7.002531816589055,9.21385765340665
76,65.36369276403151,10.636307235968488,10.636307235968488,13.995141099958536
36,41.19275851760976,-5.192758517609761,5.192758517609761,14.424329215582668
78,75.8026170135971,2.1973829864029,2.1973829864029,2.8171576748755127
100,92.09258469331203,7.907415306687966,7.907415306687966,7.907415306687966
44,50.030819119006445,-6.030819119006445,6.030819119006445,13.70640708865101
75,68.20729781155451,6.792702188445489,6.792702188445489,9.056936251260652
98,89.87406411590587,8.125935884094133,8.125935884094133,8.291771310300136
78,85.75071749015949,-7.750717490159488,7.750717490159488,9.936817295076267
36,38.040155836556444,-2.040155836556444,2.040155836556444,5.667099545990122
75,67.92171684501423,7.078283154985769,7.078283154985769,9.437710873314359
76,85.05159137313095,-9.051591373130947,9.051591373130947,11.90998864885651
77,84.01618158984604,-7.016181589846042,7.016181589846042,9.111924142657198
53,73.43174959407511,-20.431749594075114,20.431749594075114,38.550470932217195
53,71.43779438258164,-18.437794382581643,18.437794382581643,34.78829128788989
100,92.79583842180729,7.204161578192711,7.204161578192711,7.204161578192711
37,33.56107958208096,3.438920417919043,3.438920417919043,9.294379507889305
76,65.97307976105151,10.026920238948492,10.026920238948492,13.193316103879592
75,67.24378374918273,7.756216250817275,7.756216250817275,10.341621667756366
79,91.59535123679743,-12.595351236797427,12.595351236797427,15.943482578224591
79,85.93659910868678,-6.936599108686778,6.936599108686778,8.780505200869339
73,62.79093892447953,10.209061075520466,10.209061075520466,13.985015171945845
38,44.1786990238201,-6.178699023820101,6.178699023820101,16.259734273210793
100,94.29760218334269,5.70239781665731,5.70239781665731,5.70239781665731
77,80.21101243600565,-3.211012436005646,3.211012436005646,4.170146020786554
48,58.59867116429842,-10.598671164298423,10.598671164298423,22.080564925621715
77,68.92705092117012,8.072949078829879,8.072949078829879,10.484349453025816
74,63.63204294848877,10.367957051511233,10.367957051511233,14.010752772312477
100,97.37889173392513,2.62110826607487,2.62110826607487,2.62110826607487
77,73.0289640411837,3.9710359588163016,3.9710359588163016,5.157189556904288
50,75.52974211862306,-25.529742118623062,25.529742118623062,51.059484237246124
74,62.05326733423753,11.946732665762468,11.946732665762468,16.144233332111444
76,68.44657555671847,7.5534244432815285,7.5534244432815285,9.938716372738854
38,47.31641200874405,-9.316412008744052,9.316412008744052,24.51687370722119
47,49.50663356302928,-2.5066335630292826,2.5066335630292826,5.333262900062303
77,71.36166440052223,5.63833559947777,5.63833559947777,7.322513765555545
75,67.88167766089073,7.11832233910927,7.11832233910927,9.491096452145694
73,68.51869663255366,4.481303367446344,4.481303367446344,6.138771736227869
100,94.40691173357493,5.59308826642507,5.59308826642507,5.59308826642507
75,66.96430196014732,8.035698039852676,8.035698039852676,10.714264053136901
46,60.19216257331518,-14.19216257331518,14.19216257331518,30.85252733329387
100,94.00312945320333,5.996870546796671,5.996870546796671,5.996870546796671
100,92.8898057858176,7.1101942141824,7.1101942141824,7.1101942141824
78,85.99751969314724,-7.99751969314724,7.99751969314724,10.253230375829794
75,82.25643605116409,-7.256436051164087,7.256436051164087,9.675248068218782
39,42.16119680544685,-3.161196805446849,3.161196805446849,8.105632834479099
78,74.58285379616106,3.4171462038389393,3.4171462038389393,4.380956671588384
80,88.53591684264259,-8.535916842642592,8.535916842642592,10.66989605330324
78,91.26470655110703,-13.264706551107025,13.264706551107025,17.006034039880802
45,46.92204004123723,-1.9220400412372314,1.9220400412372314,4.271200091638292
48,61.71170609751852,-13.711706097518523,13.711706097518523,28.56605436983026
78,72.27263810404949,5.727361895950509,5.727361895950509,7.342771661475012
99,98.56678858142664,0.4332114185733644,0.4332114185733644,0.4375872914882469
37,45.89307817546373,-8.893078175463728,8.893078175463728,24.03534642017224
77,70.65177732590604,6.348222674093961,6.348222674093961,8.244445031290857
79,93.08964326944829,-14.089643269448288,14.089643269448288,17.834991480314287
49,51.0269073511948,-2.026907351194801,2.026907351194801,4.136545614683267
37,44.096475358541475,-7.0964753585414755,7.0964753585414755,19.179663131193177
46,47.14250692944772,-1.1425069294477197,1.1425069294477197,2.483710716190695
50,54.00479987495984,-4.0047998749598435,4.0047998749598435,8.009599749919687
98,101.26785344853636,-3.267853448536357,3.267853448536357,3.3345443352411803
39,50.31753203160714,-11.317532031607143,11.317532031607143,29.019312901556777
98,101.56097103704148,-3.560971037041483,3.560971037041483,3.6336439153484523
76,79.93608552414977,-3.9360855241497745,3.9360855241497745,5.179059900197071
77,73.53595166000075,3.464048339999252,3.464048339999252,4.498764077921106
40,47.18084967716173,-7.180849677161731,7.180849677161731,17.95212419290433
77,71.13389684688927,5.866103153110728,5.866103153110728,7.618315783260686
36,33.851987022389814,2.148012977610186,2.148012977610186,5.966702715583851
76,69.14499186937114,6.85500813062886,6.85500813062886,9.019747540301132
75,87.94046305721957,-12.940463057219574,12.940463057219574,17.253950742959432
46,50.31977233305447,-4.319772333054473,4.319772333054473,9.390809419683638
47,50.83447169596718,-3.8344716959671814,3.8344716959671814,8.15845041695145
75,67.98015089808892,7.019849101911078,7.019849101911078,9.359798802548104
77,94.90627350954554,-17.906273509545542,17.906273509545542,23.254900661747456
73,66.35085269308999,6.6491473069100095,6.6491473069100095,9.108420968369876
77,66.91004575065307,10.089954249346931,10.089954249346931,13.103836687463547
79,76.49198245493626,2.508017545063737,2.508017545063737,3.1747057532452367
98,86.6232646746352,11.376735325364805,11.376735325364805,11.608913597311025
46,48.17660110691587,-2.176601106915868,2.176601106915868,4.731741536773626
48,63.315165878345766,-15.315165878345766,15.315165878345766,31.906595579887014
100,89.72257769090108,10.277422309098924,10.277422309098924,10.277422309098924
100,89.19721881877324,10.802781181226763,10.802781181226763,10.802781181226763
96,91.88294396967586,4.117056030324136,4.117056030324136,4.288600031587642
72,64.08916766671477,7.910832333285228,7.910832333285228,10.987267129562817
78,73.33368853899763,4.6663114610023655,4.6663114610023655,5.982450591028673
77,74.83051238138678,2.1694876186132177,2.1694876186132177,2.8175163878093734
37,35.0223973382118,1.9776026617881968,1.9776026617881968,5.344872058887018
50,67.43212900349036,-17.43212900349036,17.43212900349036,34.86425800698072
97,92.11500421584424,4.8849957841557625,4.8849957841557625,5.036078127995632
100,93.6392051515966,6.360794848403401,6.360794848403401,6.3607948484034
78,82.21934911250014,-4.21934911250014,4.21934911250014,5.409421939102744
100,97.45996223421018,2.540037765789819,2.540037765789819,2.540037765789819
78,80.10524115957992,-2.1052411595799185,2.1052411595799185,2.6990271276665623
76,91.42034552188154,-15.420345521881544,15.420345521881544,20.289928318265186
51,68.85592087919386,-17.85592087919386,17.85592087919386,35.01160956704679
78,89.845068899881,-11.845068899881,11.845068899881,15.185985769078206
46,50.74497042665981,-4.744970426659812,4.744970426659812,10.315153101434374
75,65.36697711666761,9.633022883332387,9.633022883332387,12.84403051110985
100,92.31334963681114,7.6866503631888605,7.6866503631888605,7.68665036318886
77,67.9347893744951,9.065210625504903,9.065210625504903,11.773000812344032
34,25.10341266829071,8.896587331709291,8.896587331709291,26.16643332855674
78,72.99706520602176,5.002934793978241,5.002934793978241,6.414018966638771
78,77.95630193561087,0.04369806438913315,0.04369806438913315,0.056023159473247625
50,72.59615210913353,-22.596152109133527,22.596152109133527,45.192304218267054
72,57.17423618551872,14.825763814481277,14.825763814481277,20.591338631223994
43,48.72705842128575,-5.727058421285747,5.727058421285747,13.318740514618016
51,66.94619463438919,-15.946194634389187,15.946194634389187,31.267048302723893
75,67.35012051569734,7.649879484302659,7.649879484302659,10.199839312403546
79,82.97578677133352,-3.9757867713335173,3.9757867713335173,5.0326414827006545
76,70.47687616283459,5.523123837165414,5.523123837165414,7.267268206796598
78,78.60644905518645,-0.6064490551864452,0.6064490551864452,0.7774987887005708
76,68.66948963680741,7.330510363192587,7.330510363192587,9.645408372621826
73,65.48784028075534,7.512159719244664,7.512159719244664,10.290629752389952
35,37.103392967201515,-2.103392967201515,2.103392967201515,6.009694192004328
76,67.52491929843174,8.47508070156826,8.47508070156826,11.151421975747711
99,97.37531260573978,1.6246873942602207,1.6246873942602207,1.6410983780406267
100,87.79607429505454,12.203925704945462,12.203925704945462,12.203925704945462
100,97.17195061537785,2.8280493846221475,2.8280493846221475,2.8280493846221475
77,88.32919549445678,-11.329195494456783,11.329195494456783,14.713240901891927
96,93.40588460473455,2.5941153952654474,2.5941153952654474,2.7022035367348414
44,45.73272421688193,-1.7327242168819268,1.7327242168819268,3.938009583822561
76,71.06632222685194,4.933677773148062,4.933677773148062,6.491681280457977
78,92.75098250152016,-14.750982501520156,14.750982501520156,18.911516027589943
38,45.84526791233991,-7.8452679123399065,7.8452679123399065,20.6454418745787
77,68.40567373101844,8.594326268981561,8.594326268981561,11.16146268698904
76,71.27840091042944,4.72159908957056,4.72159908957056,6.212630381013895
76,83.98763371532144,-7.9876337153214365,7.9876337153214365,10.510044362265047
76,84.73249576830335,-8.732495768303352,8.732495768303352,11.490126010925463
39,33.80238580627616,5.197614193723837,5.197614193723837,13.327215881343172
50,61.33512202574232,-11.335122025742322,11.335122025742322,22.670244051484644
78,76.02835884672609,1.9716411532739073,1.9716411532739073,2.527745068299881
45,55.93705128173204,-10.937051281732039,10.937051281732039,24.304558403848976
77,67.38061062082502,9.619389379174976,9.619389379174976,12.49271347944802
77,71.02100522719411,5.9789947728058905,5.9789947728058905,7.764928276371287
99,86.5271654050413,12.472834594958698,12.472834594958698,12.598822823190602
78,83.00405915109654,-5.004059151096541,5.004059151096541,6.415460450123771
100,100.63782408631022,-0.6378240863102178,0.6378240863102178,0.6378240863102178
76,76.98063694431517,-0.9806369443151652,0.9806369443151652,1.2903117688357437
47,69.81453028297517,-22.81453028297517,22.81453028297517,48.54155379356419
100,92.92262252990321,7.077377470096792,7.077377470096792,7.077377470096792
72,72.11377666284619,-0.11377666284619181,0.11377666284619181,0.15802314284193306
55,79.21887851084517,-24.218878510845173,24.218878510845173,44.03432456517304
98,93.26163943120393,4.738360568796068,4.738360568796068,4.835061804893947
75,68.21877621609599,6.781223783904011,6.781223783904011,9.041631711872014
76,77.58252200370231,-1.5825220037023087,1.5825220037023087,2.082265794345143
76,79.17666962215245,-3.1766696221524455,3.1766696221524455,4.179828450200587
100,98.98900531965342,1.0109946803465846,1.0109946803465846,1.0109946803465846
80,91.05247971183017,-11.052479711830173,11.052479711830173,13.815599639787719
76,83.40359489465861,-7.40359489465861,7.40359489465861,9.741572229813961
78,88.04504390968756,-10.045043909687564,10.045043909687564,12.878261422676365
77,74.23718991417778,2.762810085822224,2.762810085822224,3.5880650465223685
43,57.667469694327195,-14.667469694327195,14.667469694327195,34.110394637970224
52,81.31891605766742,-29.318916057667423,29.318916057667423,56.38253088012966
100,85.38402182157336,14.615978178426644,14.615978178426644,14.615978178426644
41,47.1586052235104,-6.158605223510399,6.158605223510399,15.020988350025362
78,79.80400176460813,-1.804001764608131,1.804001764608131,2.3128227751386294
77,72.34944112219192,4.650558877808081,4.650558877808081,6.0396868542962086
74,77.90379291600362,-3.903792916003624,3.903792916003624,5.27539583243733
98,84.7722987510686,13.227701248931396,13.227701248931396,13.497654335644283
76,71.44662022687824,4.553379773121762,4.553379773121762,5.991289175160213
75,67.09433256742412,7.905667432575882,7.905667432575882,10.540889910101175
36,34.81507670065095,1.1849232993490517,1.1849232993490517,3.2914536093029216
77,75.57712232061938,1.422877679380619,1.422877679380619,1.8478930901047002
75,74.01907571750267,0.9809242824973268,0.9809242824973268,1.307899043329769
76,70.57934515829879,5.420654841701207,5.420654841701207,7.132440581185799
79,80.94321374508318,-1.9432137450831846,1.9432137450831846,2.4597642342825123
37,28.829498558563422,8.170501441436578,8.170501441436578,22.082436328206967
50,60.7790040226179,-10.779004022617897,10.779004022617897,21.558008045235795
50,62.20246560229389,-12.202465602293891,12.202465602293891,24.404931204587783
38,41.391360790790344,-3.391360790790344,3.391360790790344,8.92463365997459
75,66.05571464796994,8.944285352030064,8.944285352030064,11.925713802706753
73,56.8500362428229,16.149963757177098,16.149963757177098,22.12323802353027
100,95.93585598485345,4.064144015146553,4.064144015146553,4.064144015146553
100,98.95764823628335,1.0423517637166526,1.0423517637166526,1.0423517637166526
76,69.10193681257905,6.898063187420945,6.898063187420945,9.076398930817033
76,85.06170833437669,-9.06170833437669,9.06170833437669,11.923300439969328
75,65.40103142482292,9.598968575177082,9.598968575177082,12.798624766902778
38,45.83291273637947,-7.83291273637947,7.83291273637947,20.612928253630184
51,69.63024545628717,-18.63024545628717,18.63024545628717,36.529893051543475
100,88.58063437691911,11.419365623080893,11.419365623080893,11.419365623080893
75,82.83264076738251,-7.8326407673825145,7.8326407673825145,10.443521023176686
44,55.02838462375479,-11.02838462375479,11.02838462375479,25.064510508533612
54,69.99907445023547,-15.999074450235469,15.999074450235469,29.627915648584203
49,51.291482779030645,-2.2914827790306447,2.2914827790306447,4.676495467409479
37,32.59563465575155,4.404365344248447,4.404365344248447,11.903690119590397
77,81.87026758470668,-4.870267584706681,4.870267584706681,6.325022837281405
77,77.35398952530245,-0.35398952530245253,0.35398952530245253,0.45972665623695136
41,39.78788026133413,1.2121197386658693,1.2121197386658693,2.9563896065021202
39,40.21175250612546,-1.2117525061254568,1.2117525061254568,3.1070577080139916
40,40.79082380397792,-0.7908238039779221,0.7908238039779221,1.9770595099448052
33,31.29657565045146,1.7034243495485413,1.7034243495485413,5.161891968328913
76,58.807517845799495,17.192482154200505,17.192482154200505,22.621687045000662
35,36.665362014884565,-1.6653620148845647,1.6653620148845647,4.75817718538447
52,70.1434819919453,-18.143481991945293,18.143481991945293,34.89131152297172
77,71.560011682297,5.439988317702998,5.439988317702998,7.064919893120776
100,85.56687401403558,14.433125985964423,14.433125985964423,14.433125985964423
47,51.647436341704434,-4.647436341704434,4.647436341704434,9.888162429158372
99,92.17133387606866,6.828666123931342,6.828666123931342,6.897642549425598
76,79.26031978002482,-3.2603197800248154,3.2603197800248154,4.289894447401073
72,75.90997455734482,-3.9099745573448246,3.9099745573448246,5.430520218534478
100,93.17531654686093,6.824683453139073,6.824683453139073,6.824683453139073
78,81.62057871325611,-3.6205787132561085,3.6205787132561085,4.641767581097575
40,48.81237039707354,-8.812370397073543,8.812370397073543,22.03092599268386
75,61.33218801315961,13.667811986840391,13.667811986840391,18.223749315787188
74,95.24238078140131,-21.24238078140131,21.24238078140131,28.705919974866635
49,58.54401570295299,-9.54401570295299,9.54401570295299,19.477583067251
76,77.13990161298656,-1.139901612986563,1.139901612986563,1.4998705434033721
76,78.61677969560736,-2.616779695607363,2.616779695607363,3.443131178430741
74,58.77132332103352,15.22867667896648,15.22867667896648,20.579292809414163
100,93.93435257022647,6.065647429773534,6.065647429773534,6.065647429773534
78,80.51467547682918,-2.514675476829183,2.514675476829183,3.2239429190117725
76,69.4108131848613,6.589186815138703,6.589186815138703,8.669982651498295
39,38.63350028777961,0.3664997122203886,0.3664997122203886,0.9397428518471501
74,70.0435049654964,3.956495034503604,3.956495034503604,5.346614911491356
78,80.23653280311079,-2.2365328031107907,2.2365328031107907,2.867349747577937
74,64.67296026231989,9.32703973768011,9.32703973768011,12.60410775362177
78,80.80840710669383,-2.808407106693835,2.808407106693835,3.600521931658763
37,31.160680487063672,5.839319512936328,5.839319512936328,15.781944629557643
38,38.31391614055554,-0.3139161405555413,0.3139161405555413,0.8260951067251088
78,78.54770201775048,-0.5477020177504812,0.5477020177504812,0.7021820740390785
42,43.78682447434191,-1.7868244743419126,1.7868244743419126,4.254343986528363
44,63.92053911823034,-19.920539118230337,19.920539118230337,45.273952541432585
75,81.39919900844566,-6.399199008445663,6.399199008445663,8.532265344594217
77,69.89155275409975,7.108447245900251,7.108447245900251,9.231749670000326
75,61.13392165524066,13.866078344759337,13.866078344759337,18.488104459679118
100,90.67150027454512,9.328499725454876,9.328499725454876,9.328499725454876
75,69.88092850101005,5.119071498989953,5.119071498989953,6.825428665319938
77,76.61370924179087,0.38629075820912817,0.38629075820912817,0.5016763093625042
97,89.43126365550883,7.568736344491171,7.568736344491171,7.8028209737022385
78,72.0137142670613,5.986285732938697,5.986285732938697,7.6747252986393555
75,61.87282361941426,13.127176380585738,13.127176380585738,17.502901840780982
98,107.94541233056803,-9.945412330568033,9.945412330568033,10.148379929151053
100,90.1560234375942,9.8439765624058,9.8439765624058,9.8439765624058
78,94.97882705475112,-16.97882705475112,16.97882705475112,21.76772699327067
79,97.40889325704912,-18.408893257049115,18.408893257049115,23.302396527910272
41,51.32069743276292,-10.32069743276292,10.32069743276292,25.17243276283639
100,94.89196952585843,5.108030474141572,5.108030474141572,5.108030474141572
77,81.4810761599942,-4.481076159994203,4.481076159994203,5.819579428563899
75,81.11491325637414,-6.1149132563741375,6.1149132563741375,8.153217675165516
75,64.93621306233615,10.06378693766385,10.06378693766385,13.4183825835518
77,77.60929340719481,-0.6092934071948122,0.6092934071948122,0.7912901392140417
51,64.96707740351368,-13.967077403513684,13.967077403513684,27.38642628139938
79,78.43871846748982,0.5612815325101792,0.5612815325101792,0.7104829525445306
76,68.45245769560483,7.547542304395165,7.547542304395165,9.930976716309429
75,64.27858787945853,10.721412120541473,10.721412120541473,14.295216160721964
44,50.68587334565272,-6.685873345652723,6.685873345652723,15.19516669466528
78,84.14456582824249,-6.1445658282424915,6.1445658282424915,7.877648497746784
76,66.12748239017294,9.872517609827057,9.872517609827057,12.990154749772442
100,88.20683338284286,11.79316661715714,11.79316661715714,11.79316661715714
72,64.29457684476154,7.7054231552384636,7.7054231552384636,10.701976604497867
75,76.05146617595736,-1.0514661759573585,1.0514661759573585,1.401954901276478
76,68.86670489157082,7.133295108429181,7.133295108429181,9.385914616354185
75,66.6104454488435,8.389554551156493,8.389554551156493,11.186072734875324
76,70.07879976541899,5.921200234581008,5.921200234581008,7.791052940238168
100,93.11127930408298,6.888720695917016,6.888720695917016,6.888720695917015
98,88.83423964975613,9.165760350243872,9.165760350243872,9.352816683922319
76,83.68923040079711,-7.689230400797115,7.689230400797115,10.117408422101466
75,61.57462012497916,13.425379875020838,13.425379875020838,17.90050650002778
77,69.70356984776451,7.296430152235487,7.296430152235487,9.475883314591542
77,83.95392533024682,-6.953925330246818,6.953925330246818,9.0310718574634
47,62.04422939929704,-15.044229399297038,15.044229399297038,32.0089987219086
37,36.18794907531978,0.8120509246802214,0.8120509246802214,2.194732228865463
73,64.99010095357345,8.009899046426554,8.009899046426554,10.972464447159663
48,55.62398081209504,-7.623980812095041,7.623980812095041,15.883293358531336
78,76.74750408002068,1.2524959199793244,1.2524959199793244,1.605763999973493
100,88.52518198294635,11.47481801705365,11.47481801705365,11.47481801705365
76,85.94802072359197,-9.948020723591966,9.948020723591966,13.089500952094694
79,90.42006848607522,-11.420068486075223,11.420068486075223,14.455782893766106
77,69.95706963439498,7.042930365605017,7.042930365605017,9.146662812474048
47,54.421650729991995,-7.421650729991995,7.421650729991995,15.790746234025521
98,89.21519008564931,8.784809914350689,8.784809914350689,8.964091749337436
48,56.43739459840182,-8.437394598401823,8.437394598401823,17.577905413337135
78,79.49824564591032,-1.4982456459103162,1.4982456459103162,1.920827751167072
99,103.8367653483978,-4.836765348397805,4.836765348397805,4.885621564038186
79,82.7329943621741,-3.7329943621740966,3.7329943621740966,4.725309319207717
78,85.48030778375416,-7.4803077837541565,7.4803077837541565,9.590138184300201
33,26.265473850242593,6.734526149757407,6.734526149757407,20.40765499926487
78,74.2482943159607,3.751705684039294,3.751705684039294,4.809879082101659
76,72.62701853352037,3.3729814664796294,3.3729814664796294,4.438133508525828
99,91.03565167338442,7.964348326615578,7.964348326615578,8.044796289510685
73,72.489661569434,0.5103384305659944,0.5103384305659944,0.6990937405013622
45,47.78467794773935,-2.784677947739347,2.784677947739347,6.188173217198548
49,55.83756084056938,-6.837560840569381,6.837560840569381,13.954205797080368
100,96.50087336235423,3.499126637645773,3.499126637645773,3.4991266376457735
76,77.57378183002544,-1.573781830025439,1.573781830025439,2.070765565822946
77,71.28991446392344,5.710085536076562,5.710085536076562,7.415695501398132
37,34.82188817874097,2.17811182125903,2.17811182125903,5.886788706105486
51,65.18907312386435,-14.189073123864347,14.189073123864347,27.821712007577148
79,96.19320721660009,-17.193207216600086,17.193207216600086,21.763553438734288
35,37.89302469479558,-2.893024694795578,2.893024694795578,8.26578484227308
78,76.1312123774497,1.8687876225503004,1.8687876225503004,2.39588156737218
78,76.58496353169872,1.415036468301281,1.415036468301281,1.8141493183349757
77,94.89194779067394,-17.89194779067394,17.89194779067394,23.23629583204408
73,54.121409031808,18.878590968192,18.878590968192,25.861083518071233
47,46.94768834611879,0.05231165388121184,0.05231165388121184,0.11130139123662094
79,82.48824684008139,-3.4882468400813877,3.4882468400813877,4.415502329216946
52,62.007075126639876,-10.007075126639876,10.007075126639876,19.244375243538222
78,70.58727570315932,7.412724296840679,7.412724296840679,9.503492688257282
78,70.50858829168068,7.491411708319319,7.491411708319319,9.604373985024768
74,70.64715291777523,3.35284708222477,3.35284708222477,4.530874435438878
78,77.80007232215974,0.19992767784026455,0.19992767784026455,0.2563175356926468
77,70.35576691475232,6.644233085247677,6.644233085247677,8.628874136685296
77,84.76379356298611,-7.763793562986109,7.763793562986109,10.082848783098843
74,71.71938437402298,2.2806156259770205,2.2806156259770205,3.0819130080770547
33,21.006464225608497,11.993535774391503,11.993535774391503,36.34404780118638
75,56.89725780303267,18.102742196967327,18.102742196967327,24.136989595956436
76,72.59566430970636,3.4043356902936353,3.4043356902936353,4.479389066175836
78,78.15214612976845,-0.15214612976845387,0.15214612976845387,0.19505914072878702
76,80.31452026213636,-4.314520262136355,4.314520262136355,5.677000344916257
38,45.34862256143237,-7.3486225614323715,7.3486225614323715,19.33848042482203
75,68.49720612033003,6.502793879669966,6.502793879669966,8.670391839559954
78,84.08374051229521,-6.083740512295208,6.083740512295208,7.799667323455395
77,78.50828447550715,-1.5082844755071534,1.5082844755071534,1.9588110071521472
35,41.08428400098809,-6.084284000988092,6.084284000988092,17.38366857425169
79,88.58687521165086,-9.586875211650863,9.586875211650863,12.135285078039066
78,75.89012582621326,2.1098741737867357,2.1098741737867357,2.7049668894701737
100,94.74187896379185,5.258121036208152,5.258121036208152,5.258121036208152
52,71.04475714501588,-19.04475714501588,19.04475714501588,36.62453297118438
75,66.82376714768323,8.176232852316772,8.176232852316772,10.90164380308903
79,94.01957988977296,-15.019579889772956,15.019579889772956,19.012126442750578
76,66.51155894045436,9.488441059545636,9.488441059545636,12.484790867823206
75,60.95128721171264,14.04871278828736,14.04871278828736,18.731617051049813
47,52.09704430286155,-5.097044302861548,5.097044302861548,10.844775112471378
43,44.5064527543813,-1.5064527543813,1.5064527543813,3.5033784985611627
78,83.28644880712541,-5.28644880712541,5.28644880712541,6.777498470673603
50,68.98887045034738,-18.988870450347378,18.988870450347378,37.977740900694755
100,96.94664293551791,3.0533570644820855,3.0533570644820855,3.0533570644820855
76,75.12603497672022,0.87396502327978,0.87396502327978,1.1499539779997106
77,75.49344002802842,1.5065599719715834,1.5065599719715834,1.9565713921708874
76,70.18251302112895,5.817486978871045,5.817486978871045,7.65458813009348
76,69.11812932491456,6.8818706750854375,6.8818706750854375,9.05509299353347
78,77.06452505154394,0.9354749484560614,0.9354749484560614,1.1993268569949507
78,85.63368684259632,-7.633686842596319,7.633686842596319,9.786778003328614
80,91.00003275648328,-11.000032756483279,11.000032756483279,13.750040945604097
77,82.8479102449844,-5.847910244984405,5.847910244984405,7.594688629849876
37,36.94974740324281,0.05025259675718985,0.05025259675718985,0.13581782907348608
77,75.87310962908684,1.1268903709131592,1.1268903709131592,1.463493988198908
79,85.09529127091605,-6.09529127091605,6.09529127091605,7.71555857077981
53,84.72619847467378,-31.72619847467378,31.72619847467378,59.86075183900713
98,106.55457843478644,-8.554578434786436,8.554578434786436,8.729161668149423
51,66.23660441673933,-15.236604416739326,15.236604416739326,29.87569493478299
96,92.99325288082697,3.0067471191730277,3.0067471191730277,3.1320282491385707
38,35.456139560661846,2.543860439338154,2.543860439338154,6.694369577205668
100,97.7749633741537,2.2250366258463004,2.2250366258463004,2.2250366258463004
54,76.88323576929037,-22.883235769290366,22.883235769290366,42.3763625357229
75,67.16480598204384,7.835194017956155,7.835194017956155,10.446925357274873
38,34.192218926385365,3.8077810736146347,3.8077810736146347,10.020476509512196
51,63.87936791600928,-12.87936791600928,12.87936791600928,25.253662580410353
77,76.2040895542107,0.7959104457893034,0.7959104457893034,1.0336499295964978
48,59.0884627116877,-11.088462711687697,11.088462711687697,23.1009639826827
78,75.39328226721909,2.6067177327809077,2.6067177327809077,3.341945811257574
36,37.893556437931544,-1.8935564379315437,1.8935564379315437,5.259878994254288
74,60.07975088772638,13.920249112273623,13.920249112273623,18.81114744901841
39,42.35504774614563,-3.3550477461456296,3.3550477461456296,8.602686528578538
77,74.6099564974798,2.3900435025202,2.3900435025202,3.1039526006755844
78,77.12881322005441,0.8711867799455888,0.8711867799455888,1.1169061281353703
73,52.119274392911976,20.880725607088024,20.880725607088024,28.603733708339757
39,45.26297816681407,-6.262978166814072,6.262978166814072,16.05891837644634
76,70.14915601629897,5.850843983701026,5.850843983701026,7.698478925922403
40,51.90697072714114,-11.906970727141143,11.906970727141143,29.76742681785286
34,33.614903024886004,0.38509697511399565,0.38509697511399565,1.1326381620999872
77,73.28684493476376,3.7131550652362364,3.7131550652362364,4.822279305501605
76,75.33322235606313,0.666777643936868,0.666777643936868,0.8773390051800894
74,57.8062101695932,16.1937898304068,16.1937898304068,21.88349977082
76,80.92051049067442,-4.920510490674417,4.920510490674417,6.474355908782127
78,85.47294103358628,-7.472941033586281,7.472941033586281,9.580693632802923
100,91.79918864119281,8.200811358807186,8.200811358807186,8.200811358807186
40,41.032197880874484,-1.0321978808744845,1.0321978808744845,2.5804947021862112
77,84.09168785623068,-7.091687856230678,7.091687856230678,9.20998422887101
100,94.83945636766857,5.160543632331425,5.160543632331425,5.160543632331425
71,57.652781960461,13.347218039539001,13.347218039539001,18.79889864723803
78,86.22838617479923,-8.228386174799226,8.228386174799226,10.549213044614394
41,48.69261619660268,-7.692616196602678,7.692616196602678,18.762478528299216
42,48.19543918034124,-6.195439180341239,6.195439180341239,14.75104566747914
50,68.22286488379483,-18.222864883794827,18.222864883794827,36.445729767589654
51,59.79383777960431,-8.79383777960431,8.79383777960431,17.242819175694727
75,63.85977485858647,11.14022514141353,11.14022514141353,14.853633521884706
75,82.27561218048494,-7.275612180484941,7.275612180484941,9.700816240646589
79,84.01194891616944,-5.011948916169445,5.011948916169445,6.344239134391702
39,43.58016119310987,-4.580161193109873,4.580161193109873,11.744003059256086
47,49.75055783720966,-2.750557837209662,2.750557837209662,5.852250717467367
74,70.26908003405754,3.730919965942462,3.730919965942462,5.041783737760084
77,73.56103510034923,3.4389648996507702,3.4389648996507702,4.466188181364637
78,78.28062491182109,-0.28062491182109284,0.28062491182109284,0.35977552797576007
97,81.94437780531973,15.055622194680268,15.055622194680268,15.52125999451574
55,83.35543459567526,-28.355434595675263,28.355434595675263,51.55533562850047
39,37.71186136619485,1.288138633805147,1.288138633805147,3.3029195738593518
75,68.75078326966393,6.249216730336073,6.249216730336073,8.33228897378143
76,78.07206176089267,-2.072061760892666,2.072061760892666,2.726397053806139
78,73.73847594101854,4.261524058981465,4.261524058981465,5.463492383309569
78,83.03985815080725,-5.039858150807248,5.039858150807248,6.461356603599036
78,74.2883743035405,3.7116256964595067,3.7116256964595067,4.758494482640393
51,62.92364978802852,-11.92364978802852,11.92364978802852,23.37970546672259
40,45.221329687902625,-5.2213296879026245,5.2213296879026245,13.053324219756563
78,80.67957849383106,-2.679578493831059,2.679578493831059,3.4353570433731524
98,93.17645172779137,4.823548272208626,4.823548272208626,4.921988032865944
78,74.34931518999285,3.6506848100071494,3.6506848100071494,4.680365141034807
35,34.734284020001525,0.2657159799984754,0.2657159799984754,0.7591885142813583
37,36.25042678791783,0.7495732120821685,0.7495732120821685,2.025873546168023
34,31.14869824847524,2.8513017515247583,2.8513017515247583,8.386181622131641
79,97.124476840769,-18.124476840769006,18.124476840769006,22.942375747808867
100,90.25441346098387,9.74558653901613,9.74558653901613,9.74558653901613
35,36.68468373956658,-1.6846837395665801,1.6846837395665801,4.813382113047371
77,82.77197504127643,-5.771975041276434,5.771975041276434,7.496071482177187
49,59.52375519590342,-10.52375519590342,10.52375519590342,21.477051420211062
100,86.7979554121597,13.202044587840305,13.202044587840305,13.202044587840305
35,34.52871666033119,0.4712833396688083,0.4712833396688083,1.3465238276251668
72,56.32799434770919,15.672005652290807,15.672005652290807,21.766674517070562
77,66.02228337624793,10.977716623752073,10.977716623752073,14.256774836041652
100,94.18189605944441,5.818103940555588,5.818103940555588,5.818103940555588
79,83.80264579642541,-4.802645796425409,4.802645796425409,6.07929847648786
76,69.63164827200676,6.368351727993243,6.368351727993243,8.379410168412162
76,88.7824623111882,-12.782462311188198,12.782462311188198,16.819029356826576
79,77.85940745396687,1.1405925460331332,1.1405925460331332,1.443788032953333
48,55.066353318627236,-7.066353318627236,7.066353318627236,14.721569413806742
76,63.68217953853418,12.317820461465821,12.317820461465821,16.207658501928712
78,85.80733334464821,-7.807333344648214,7.807333344648214,10.009401723907967
100,97.10256484888546,2.8974351511145358,2.8974351511145358,2.8974351511145358
75,68.31052429685133,6.689475703148673,6.689475703148673,8.919300937531565
54,72.25757911150914,-18.257579111509145,18.257579111509145,33.8103316879799
78,72.18333864701196,5.816661352988035,5.816661352988035,7.457258144856456
99,90.52312464252122,8.476875357478775,8.476875357478775,8.562500361089672
74,72.04422488272705,1.9557751172729496,1.9557751172729496,2.642939347666148
47,59.60287188476569,-12.60287188476569,12.60287188476569,26.814621031416365
48,74.30040784766548,-26.300407847665483,26.300407847665483,54.792516349303085
78,87.62206966115076,-9.62206966115076,9.62206966115076,12.335986745065078
76,67.2949885335224,8.7050114664776,8.7050114664776,11.45396245589158
38,33.135305029124126,4.864694970875874,4.864694970875874,12.801828870725984
49,69.02925000034739,-20.02925000034739,20.02925000034739,40.87602040887222
75,67.4295464007316,7.570453599268404,7.570453599268404,10.093938132357874
34,37.88625033769331,-3.886250337693312,3.886250337693312,11.430148052039153
78,76.42341565648819,1.5765843435118114,1.5765843435118114,2.021261978861297
35,37.93371602339103,-2.933716023391028,2.933716023391028,8.382045781117224
51,64.51650494012877,-13.516504940128769,13.516504940128769,26.502950862997587
36,31.21056836659399,4.789431633406011,4.789431633406011,13.303976759461142
100,93.57184417743251,6.42815582256749,6.42815582256749,6.42815582256749
35,35.388850846876096,-0.38885084687609606,0.38885084687609606,1.111002419645989
75,79.70654353002001,-4.706543530020014,4.706543530020014,6.2753913733600175
81,92.66335814282539,-11.663358142825388,11.663358142825388,14.399207583735047
96,79.2631963784739,16.736803621526093,16.736803621526093,17.43417043908968
37,36.60487113574217,0.39512886425782767,0.39512886425782767,1.0679158493454803
55,82.0113994091014,-27.0113994091014,27.0113994091014,49.11163528927528
34,29.566056155168248,4.433943844831752,4.433943844831752,13.041011308328684
75,79.14419153474557,-4.144191534745573,4.144191534745573,5.5255887129940975
45,44.376529904305045,0.6234700956949553,0.6234700956949553,1.385489101544345
42,51.21280596753365,-9.212805967533647,9.212805967533647,21.93525230365154
73,61.72264667481475,11.277353325185253,11.277353325185253,15.448429212582537
49,70.74736673333639,-21.747366733336392,21.747366733336392,44.38238108844161
100,99.64118843340212,0.35881156659787905,0.35881156659787905,0.35881156659787905
95,68.15384487610645,26.846155123893553,26.846155123893553,28.25911065673006
100,96.32330538339178,3.6766946166082164,3.6766946166082164,3.6766946166082164
76,66.37613773559127,9.623862264408729,9.623862264408729,12.662976663695696
74,63.34565239619874,10.654347603801263,10.654347603801263,14.39776703216387
48,70.55210214972631,-22.55210214972631,22.55210214972631,46.98354614526315
36,42.21597156485011,-6.215971564850108,6.215971564850108,17.26658768013919
75,67.64588325699486,7.354116743005136,7.354116743005136,9.805488990673515
100,94.09059298064133,5.909407019358667,5.909407019358667,5.909407019358667
100,90.38430390258912,9.615696097410876,9.615696097410876,9.615696097410876
77,71.3078460240521,5.692153975947903,5.692153975947903,7.392407760971303
74,65.18146740873232,8.818532591267683,8.818532591267683,11.916935934145517
45,64.59501793131375,-19.59501793131375,19.59501793131375,43.54448429180833
43,40.35995769950871,2.640042300491288,2.640042300491288,6.1396332569564835
76,69.46049793849394,6.539502061506056,6.539502061506056,8.604607975665864
42,50.72918556889688,-8.729185568896881,8.729185568896881,20.78377516404019
73,71.40871411203844,1.5912858879615612,1.5912858879615612,2.179843682139125
73,61.57579996564106,11.42420003435894,11.42420003435894,15.64958908816293
78,71.18602015261169,6.81397984738831,6.81397984738831,8.735871599215784
42,50.93096535298565,-8.930965352985652,8.930965352985652,21.26420322139441
76,68.30535729618796,7.694642703812036,7.694642703812036,10.12452987343689
100,92.84600575639817,7.153994243601829,7.153994243601829,7.15399424360183
48,67.31440983288742,-19.31440983288742,19.31440983288742,40.23835381851546
39,37.34660360785198,1.653396392148018,1.653396392148018,4.239477928584661
48,56.62591243788269,-8.62591243788269,8.62591243788269,17.970650912255604
46,60.940507783794246,-14.940507783794246,14.940507783794246,32.479364747378796
80,91.56510580940054,-11.565105809400535,11.565105809400535,14.456382261750669
77,75.86840222673291,1.1315977732670888,1.1315977732670888,1.469607497749466
77,84.43529690848402,-7.43529690848402,7.43529690848402,9.656229751277948
78,79.66218066385187,-1.6621806638518706,1.6621806638518706,2.131000851092142
100,90.81182081121786,9.188179188782144,9.188179188782144,9.188179188782144
76,68.78696294006814,7.213037059931864,7.213037059931864,9.490838236752452
77,82.05493183915699,-5.054931839156993,5.054931839156993,6.56484654435973
76,70.90881316160889,5.09118683839111,5.09118683839111,6.698930050514617
48,55.565019121933574,-7.565019121933574,7.565019121933574,15.760456504028278
78,82.53097506757734,-4.530975067577344,4.530975067577344,5.808942394329929
77,85.15842424888748,-8.158424248887485,8.158424248887485,10.595356167386344
100,94.09485200305107,5.9051479969489264,5.9051479969489264,5.9051479969489264
78,79.89977481053141,-1.8997748105314116,1.8997748105314116,2.435608731450528
73,50.03272507284747,22.96727492715253,22.96727492715253,31.46202044815415
77,70.99273835717787,6.0072616428221295,6.0072616428221295,7.801638497171597
37,32.7897284312911,4.210271568708897,4.210271568708897,11.379112347861884
73,59.48653223960458,13.513467760395422,13.513467760395422,18.51159967177455
53,70.87879579877976,-17.878795798779763,17.878795798779763,33.73357697882974
76,74.54196329056636,1.4580367094336424,1.4580367094336424,1.9184693545179505
77,84.17900038166866,-7.179000381668658,7.179000381668658,9.323377119050205
76,77.8064321409258,-1.806432140925807,1.806432140925807,2.376884395955009
40,42.192885868474626,-2.192885868474626,2.192885868474626,5.482214671186565
97,73.33319757820993,23.666802421790067,23.666802421790067,24.39876538328873
100,92.05609911227121,7.9439008877287876,7.9439008877287876,7.9439008877287876
75,66.82446759879565,8.17553240120435,8.17553240120435,10.900709868272466
77,69.2983866692875,7.7016133307125045,7.7016133307125045,10.002095234691565
77,78.50837080873306,-1.508370808733062,1.508370808733062,1.9589231282247561
79,80.42738512996384,-1.427385129963838,1.427385129963838,1.8068166202073899
77,81.28647278532142,-4.286472785321422,4.286472785321422,5.566847773144704
100,93.20863547755536,6.791364522444638,6.791364522444638,6.791364522444638
77,81.54127266478693,-4.541272664786931,4.541272664786931,5.8977567075154935
45,43.27421442596182,1.7257855740381771,1.7257855740381771,3.8350790534181716
99,102.01283276635237,-3.012832766352375,3.012832766352375,3.043265420557954
75,63.562772053858815,11.437227946141185,11.437227946141185,15.24963726152158
100,97.02030988839019,2.9796901116098127,2.9796901116098127,2.9796901116098127
52,68.22095277562899,-16.220952775628987,16.220952775628987,31.194139953132666
100,92.2391841754538,7.760815824546199,7.760815824546199,7.760815824546199
51,58.771183468882654,-7.771183468882654,7.771183468882654,15.23761464486795
77,85.82288485431755,-8.82288485431755,8.82288485431755,11.458292018594221
41,37.94444920484801,3.055550795151987,3.055550795151987,7.452562915004847
46,52.85488599178824,-6.854885991788237,6.854885991788237,14.901926069104862
100,97.18964055120153,2.810359448798465,2.810359448798465,2.810359448798465
74,65.00836546277716,8.991634537222836,8.991634537222836,12.150857482733562
77,91.17145836409551,-14.171458364095514,14.171458364095514,18.404491381942226
75,73.46958759375713,1.5304124062428741,1.5304124062428741,2.040549874990499
79,86.39864218765635,-7.39864218765635,7.39864218765635,9.365369857792848
35,38.92535273029375,-3.9253527302937528,3.9253527302937528,11.215293515125008
74,64.07184184065598,9.928158159344022,9.928158159344022,13.416429945059487
75,59.6750855422124,15.3249144577876,15.3249144577876,20.43321927705013
73,70.48754593571543,2.5124540642845687,2.5124540642845687,3.441717896280231
100,91.27198500685124,8.728014993148761,8.728014993148761,8.728014993148761
33,25.514985911808168,7.485014088191832,7.485014088191832,22.681860873308583
100,94.98583106930047,5.014168930699526,5.014168930699526,5.014168930699526
76,68.62420400336147,7.37579599663853,7.37579599663853,9.704994732419118
51,64.52668772916063,-13.526687729160628,13.526687729160628,26.52291711600123
50,71.21866002779902,-21.218660027799018,21.218660027799018,42.437320055598036
49,72.75905886623181,-23.75905886623181,23.75905886623181,48.48787523720778
100,94.5862934286009,5.4137065713991035,5.4137065713991035,5.4137065713991035
38,39.44810965827733,-1.4481096582773318,1.4481096582773318,3.8108148902035044
74,74.66795681145443,-0.667956811454431,0.667956811454431,0.9026443398032852
77,73.82370530126596,3.17629469873404,3.17629469873404,4.125058050303948
79,80.66983612676464,-1.6698361267646362,1.6698361267646362,2.113716616157767
76,55.53054816737166,20.469451832628337,20.469451832628337,26.933489253458337
50,60.776707267534434,-10.776707267534434,10.776707267534434,21.553414535068868
77,70.17309312228784,6.826906877712162,6.826906877712162,8.866112828197613
51,70.48357800162576,-19.48357800162576,19.48357800162576,38.20309412083482
100,96.6861132897497,3.3138867102503013,3.3138867102503013,3.3138867102503013
76,77.15222890056098,-1.152228900560985,1.152228900560985,1.5160906586328748
49,76.22459420673853,-27.22459420673853,27.22459420673853,55.560396340282715
75,67.59499349783427,7.405006502165733,7.405006502165733,9.873342002887645
37,42.25058781230996,-5.250587812309959,5.250587812309959,14.190777871107999
100,91.89223353554722,8.10776646445278,8.10776646445278,8.10776646445278
75,65.56356658599925,9.436433414000746,9.436433414000746,12.58191121866766
100,96.30776925265027,3.6922307473497256,3.6922307473497256,3.6922307473497256
48,54.516288585548594,-6.516288585548594,6.516288585548594,13.575601219892905
37,37.318318790751796,-0.31831879075179614,0.31831879075179614,0.8603210560859356
100,88.57793123874718,11.422068761252817,11.422068761252817,11.422068761252817
97,103.02975596003282,-6.029755960032816,6.029755960032816,6.216243257765789
100,94.8087890094364,5.191210990563604,5.191210990563604,5.191210990563604
48,54.16338563562194,-6.1633856356219425,6.1633856356219425,12.840386740879048
77,78.31501091385451,-1.3150109138545076,1.3150109138545076,1.7078063816292306
36,40.15641111730734,-4.156411117307343,4.156411117307343,11.545586436964841
76,75.78859688883404,0.21140311116596422,0.21140311116596422,0.2781619883762687
100,98.21192673666839,1.7880732633316114,1.7880732633316114,1.7880732633316114
74,62.56358314507794,11.436416854922058,11.436416854922058,15.454617371516294
78,83.41536776589274,-5.415367765892739,5.415367765892739,6.942779187041974
76,87.89264526476444,-11.89264526476444,11.89264526476444,15.64821745363742
46,48.81942018130502,-2.81942018130502,2.81942018130502,6.129174307184826
35,37.31262191732493,-2.3126219173249325,2.3126219173249325,6.6074911923569495
39,34.12522219067781,4.87477780932219,4.87477780932219,12.499430280313305
100,91.86986607291871,8.130133927081289,8.130133927081289,8.130133927081289
75,65.13373579934333,9.866264200656673,9.866264200656673,13.155018934208899
77,71.09336396940733,5.906636030592665,5.906636030592665,7.670955883886578
99,93.07686979050372,5.9231302094962786,5.9231302094962786,5.982959807571999
100,94.42463777262384,5.575362227376161,5.575362227376161,5.575362227376161
35,25.322435680522716,9.677564319477284,9.677564319477284,27.6501837699351
43,43.88510872957034,-0.8851087295703408,0.8851087295703408,2.05839239434963
74,63.35186343489794,10.648136565102057,10.648136565102057,14.3893737366244
38,39.8797490390982,-1.8797490390982006,1.8797490390982006,4.946707997626844
99,94.68745156069727,4.312548439302731,4.312548439302731,4.356109534649224
100,93.99237346250678,6.007626537493223,6.007626537493223,6.007626537493223
78,84.43220849777005,-6.432208497770048,6.432208497770048,8.246421150987242
44,56.806609454837016,-12.806609454837016,12.806609454837016,29.105930579175038
76,69.15085532093354,6.849144679066455,6.849144679066455,9.012032472455862
76,67.65011645959083,8.349883540409166,8.349883540409166,10.98668886895943
78,90.87337660951982,-12.873376609519823,12.873376609519823,16.504328986563877
53,57.500796154906304,-4.500796154906304,4.500796154906304,8.492068216804347
75,70.23999683103241,4.760003168967586,4.760003168967586,6.346670891956781
100,93.52843745773882,6.471562542261182,6.471562542261182,6.471562542261182
80,86.83882240549676,-6.838822405496757,6.838822405496757,8.548528006870946
100,101.42251120235112,-1.4225112023511173,1.4225112023511173,1.4225112023511173
73,61.591623686716815,11.408376313283185,11.408376313283185,15.627912757922171
78,74.10272123225526,3.897278767744737,3.897278767744737,4.99651124069838
100,86.828013396556,13.171986603443997,13.171986603443997,13.171986603443997
75,77.07112006277572,-2.0711200627757194,2.0711200627757194,2.7614934170342926
44,45.504235639429446,-1.5042356394294458,1.5042356394294458,3.4187173623396494
48,67.54469857963824,-19.544698579638236,19.544698579638236,40.71812204091299
52,68.3898324194235,-16.3898324194235,16.3898324194235,31.518908498891346
51,72.24367217752402,-21.24367217752402,21.24367217752402,41.65425917161572
49,73.95133285144254,-24.951332851442544,24.951332851442544,50.92108745192356
77,80.951599032862,-3.9515990328620063,3.9515990328620063,5.131946795924684
77,80.55660363481019,-3.5566036348101875,3.5566036348101875,4.61896575949375
74,75.06181155523419,-1.0618115552341862,1.0618115552341862,1.4348804800461976
78,76.6754646229718,1.324535377028198,1.324535377028198,1.6981222782412795
48,59.474371689102725,-11.474371689102725,11.474371689102725,23.90494101896401
52,80.53908518006273,-28.539085180062727,28.539085180062727,54.88285611550524
79,78.369978817565,0.6300211824350015,0.6300211824350015,0.7974951676392424
39,44.180586379714796,-5.180586379714796,5.180586379714796,13.283554819781529
79,78.30309960522291,0.6969003947770886,0.6969003947770886,0.8821523984520109
76,75.30403408368181,0.6959659163181868,0.6959659163181868,0.9157446267344562
78,85.25562655584142,-7.255626555841417,7.255626555841417,9.302085328001816
100,95.24909387264894,4.750906127351058,4.750906127351058,4.750906127351058
79,83.54566939881522,-4.545669398815221,4.545669398815221,5.754011897234457
77,80.04611263185676,-3.046112631856758,3.046112631856758,3.9559904309828022
42,40.80298067194665,1.1970193280533508,1.1970193280533508,2.850046019174645
38,36.28777126013612,1.7122287398638818,1.7122287398638818,4.505865104904952
100,92.70704985289899,7.29295014710101,7.29295014710101,7.29295014710101
100,97.59279419831218,2.407205801687823,2.407205801687823,2.407205801687823
73,77.09875411330565,-4.098754113305645,4.098754113305645,5.614731662062527
47,54.946765557450995,-7.946765557450995,7.946765557450995,16.908011824363818
73,73.37635106348097,-0.3763510634809677,0.3763510634809677,0.5155494020287229
51,78.48910228408053,-27.48910228408053,27.48910228408053,53.90020055702065
42,59.51279620231098,-17.51279620231098,17.51279620231098,41.69713381502614
100,97.73574692227022,2.2642530777297765,2.2642530777297765,2.2642530777297765
41,44.350456740411985,-3.3504567404119854,3.3504567404119854,8.171845708321916
39,36.2806472060817,2.719352793918297,2.719352793918297,6.9726994715853765
76,85.7161823105015,-9.716182310501495,9.716182310501495,12.784450408554598
76,70.09259985797414,5.907400142025864,5.907400142025864,7.772894923718241
73,67.57062779748608,5.4293722025139175,5.4293722025139175,7.437496167827284
49,77.34354149471118,-28.343541494711175,28.343541494711175,57.84396223410444
75,73.39772048244515,1.602279517554848,1.602279517554848,2.136372690073131
78,81.84832862650237,-3.848328626502365,3.848328626502365,4.933754649362006
76,74.33127933722218,1.6687206627778153,1.6687206627778153,2.1956850826023886
34,36.54571757022231,-2.5457175702223083,2.5457175702223083,7.487404618300906
78,81.28697469989906,-3.286974699899062,3.286974699899062,4.21407012807572
38,33.23952079810255,4.7604792018974535,4.7604792018974535,12.527576847098562
77,69.92937592144631,7.070624078553692,7.070624078553692,9.182628673446354
78,84.19606074643995,-6.196060746439954,6.196060746439954,7.943667623640967
78,79.73646832703831,-1.7364683270383097,1.7364683270383097,2.22624144492091
74,74.27089844457673,-0.27089844457672996,0.27089844457672996,0.3660789791577432
76,79.17119442362473,-3.1711944236247263,3.1711944236247263,4.172624241611482
76,85.01315566093898,-9.013155660938978,9.013155660938978,11.859415343340759
75,66.82263329450845,8.17736670549155,8.17736670549155,10.903155607322068
51,70.01512753698954,-19.01512753698954,19.01512753698954,37.2845637980187
74,72.29889059819969,1.7011094018003092,1.7011094018003092,2.298796488919337
100,91.30967300542002,8.690326994579976,8.690326994579976,8.690326994579976
49,55.26113883866415,-6.261138838664152,6.261138838664152,12.777834364620718
100,95.23187156221681,4.76812843778319,4.76812843778319,4.76812843778319
98,81.3700177880335,16.629982211966507,16.629982211966507,16.969369604047454
77,64.16510757892156,12.834892421078436,12.834892421078436,16.66869145594602
77,70.90726456174012,6.092735438259879,6.092735438259879,7.912643426311532
72,63.87748335566386,8.122516644336137,8.122516644336137,11.281273117133523
75,68.53301809121166,6.466981908788341,6.466981908788341,8.622642545051121
76,69.42294915952368,6.577050840476318,6.577050840476318,8.65401426378463
75,64.97967195366107,10.020328046338932,10.020328046338932,13.360437395118577
77,71.18010502752138,5.819894972478622,5.819894972478622,7.558305159063145
39,45.36133118882006,-6.36133118882006,6.36133118882006,16.31110561235913
75,66.91723227553905,8.08276772446095,8.08276772446095,10.7770236326146
100,93.48271475115959,6.517285248840409,6.517285248840409,6.517285248840408
75,77.92645448854857,-2.926454488548572,2.926454488548572,3.901939318064763
78,74.6451832535511,3.354816746448904,3.354816746448904,4.301047110831928
100,90.76705937931017,9.232940620689831,9.232940620689831,9.232940620689831
36,36.34920864547288,-0.3492086454728778,0.3492086454728778,0.9700240152024383
39,34.194033572311454,4.805966427688546,4.805966427688546,12.322990840227039
43,46.67354807544851,-3.673548075448508,3.673548075448508,8.543135059182577
36,38.69931222492322,-2.6993122249232187,2.6993122249232187,7.498089513675607
74,64.12805357259285,9.871946427407153,9.871946427407153,13.3404681451448
39,44.932920461066885,-5.932920461066885,5.932920461066885,15.212616566838166
72,44.47316826940195,27.526831730598047,27.526831730598047,38.23171073694173
75,75.84475014093057,-0.8447501409305715,0.8447501409305715,1.1263335212407621
75,61.808802398487444,13.191197601512556,13.191197601512556,17.588263468683408
100,92.26391124150246,7.736088758497544,7.736088758497544,7.736088758497544
35,27.328757966469453,7.671242033530547,7.671242033530547,21.917834381515846
78,87.39445597922665,-9.394455979226649,9.394455979226649,12.044174332341857
76,81.93648408284336,-5.936484082843364,5.936484082843364,7.811163266899164
48,56.24530725681734,-8.245307256817341,8.245307256817341,17.177723451702796
46,59.18425996770885,-13.184259967708847,13.184259967708847,28.66143471241054
99,99.72515004043387,-0.7251500404338742,0.7251500404338742,0.7324747883170447
76,68.30035384953119,7.6996461504688085,7.6996461504688085,10.13111335588001
74,67.19389584380346,6.80610415619654,6.80610415619654,9.197438048914243
38,32.3350371260038,5.664962873996203,5.664962873996203,14.907797036832113
52,62.473599615273834,-10.473599615273834,10.473599615273834,20.14153772168045
100,91.65692256059761,8.343077439402393,8.343077439402393,8.343077439402393
40,33.92439327498812,6.07560672501188,6.07560672501188,15.189016812529701
48,61.52804949039015,-13.528049490390153,13.528049490390153,28.18343643831282
99,94.11298640382611,4.887013596173887,4.887013596173887,4.936377369872613
74,66.66732178665237,7.332678213347634,7.332678213347634,9.909024612631939
76,70.56823765722595,5.43176234277405,5.43176234277405,7.147055714176381
78,73.77755745261136,4.2224425473886384,4.2224425473886384,5.413387881267486
77,84.2740825212335,-7.274082521233495,7.274082521233495,9.446860417186357
79,80.87794747530889,-1.8779474753088863,1.8779474753088863,2.377148702922641
76,70.0219810950633,5.978018904936704,5.978018904936704,7.865814348600926
75,64.86121912060673,10.138780879393266,10.138780879393266,13.51837450585769
97,78.83776442039697,18.162235579603035,18.162235579603035,18.723954205776323
78,77.46855460678701,0.5314453932129908,0.5314453932129908,0.6813402477089625
77,70.57127801604388,6.428721983956123,6.428721983956123,8.348989589553407
75,60.92671370139318,14.073286298606817,14.073286298606817,18.76438173147576
49,57.37993543069098,-8.379935430690978,8.379935430690978,17.101909042226485
77,74.40613991360519,2.5938600863948125,2.5938600863948125,3.368649462850406
74,66.08114751503248,7.918852484967516,7.918852484967516,10.70115200671286
75,67.29708345091551,7.702916549084492,7.702916549084492,10.270555398779322
76,67.08000247902064,8.919997520979365,8.919997520979365,11.736838843393901
76,77.73702554342567,-1.7370255434256734,1.7370255434256734,2.2855599255600967
76,76.11387939282315,-0.11387939282315074,0.11387939282315074,0.14984130634625095
40,42.46989330693478,-2.469893306934779,2.469893306934779,6.174733267336947
99,89.45134090148878,9.548659098511223,9.548659098511223,9.645110200516386
77,66.64545814187461,10.354541858125387,10.354541858125387,13.447456958604398
75,83.68918486157094,-8.689184861570936,8.689184861570936,11.585579815427916
98,79.47895734961119,18.521042650388807,18.521042650388807,18.89902311264164
100,89.38577543561235,10.614224564387655,10.614224564387655,10.614224564387655
79,87.36950426834031,-8.369504268340307,8.369504268340307,10.594309200430768
39,33.00814547448019,5.991854525519813,5.991854525519813,15.363729552614904
77,70.27904694008456,6.720953059915445,6.720953059915445,8.728510467422655
98,96.19450150509758,1.805498494902423,1.805498494902423,1.8423454029616562
51,64.10286387318976,-13.102863873189762,13.102863873189762,25.69188994743091
55,71.63763665658668,-16.63763665658668,16.63763665658668,30.250248466521235
38,36.73154898665417,1.2684510133458318,1.2684510133458318,3.338028982489031
39,40.16358343999543,-1.1635834399954277,1.1635834399954277,2.983547282039558
49,49.914357402530655,-0.9143574025306549,0.9143574025306549,1.8660355153686834
100,89.59579263815021,10.404207361849785,10.404207361849785,10.404207361849785
78,84.02084733183759,-6.020847331837587,6.020847331837587,7.7190350408174195
37,31.019381548814096,5.980618451185904,5.980618451185904,16.163833651853796
76,77.54866480291027,-1.5486648029102668,1.5486648029102668,2.0377168459345616
77,70.50481997576777,6.495180024232226,6.495180024232226,8.435298732769125
51,61.56231927498508,-10.562319274985079,10.562319274985079,20.710429950951134
42,42.157393314115424,-0.15739331411542423,0.15739331411542423,0.3747459859891053
74,65.07111017544803,8.928889824551973,8.928889824551973,12.06606733047564
75,65.61013482286032,9.389865177139683,9.389865177139683,12.519820236186243
77,84.47365250249806,-7.473652502498055,7.473652502498055,9.706042211036435
48,57.38107560960932,-9.381075609609319,9.381075609609319,19.543907520019413
74,64.34010414081553,9.659895859184473,9.659895859184473,13.053913323222261
100,93.1422655474621,6.857734452537898,6.857734452537898,6.857734452537898
36,38.63865621699314,-2.638656216993141,2.638656216993141,7.329600602758725
49,58.43827994771527,-9.438279947715273,9.438279947715273,19.261795811663823
80,81.95113517427983,-1.9511351742798269,1.9511351742798269,2.4389189678497836
73,56.935184836888865,16.064815163111135,16.064815163111135,22.00659611385087
35,37.16028429755758,-2.160284297557581,2.160284297557581,6.172240850164518
45,51.91095116462747,-6.91095116462747,6.91095116462747,15.35766925472771
46,53.33723090909171,-7.3372309090917085,7.3372309090917085,15.950501976286322
77,77.81720412244083,-0.8172041224408275,0.8172041224408275,1.0613040551179578
76,67.91648126888163,8.083518731118374,8.083518731118374,10.636208856734704
77,72.68296154990428,4.317038450095723,4.317038450095723,5.606543441682757
100,92.04986390306027,7.95013609693973,7.95013609693973,7.950136096939729
77,72.20138295185423,4.798617048145772,4.798617048145772,6.231970192397107
37,33.45000963384034,3.549990366159662,3.549990366159662,9.594568557188275
78,70.87270744305835,7.127292556941654,7.127292556941654,9.13755456018161
76,69.15948105706377,6.840518942936228,6.840518942936228,9.000682819652932
51,69.53508063559552,-18.53508063559552,18.53508063559552,36.34329536391279
99,94.94465180108645,4.055348198913549,4.055348198913549,4.096311312033888
77,68.98248851480247,8.01751148519753,8.01751148519753,10.412352578178611
76,68.82108905807021,7.178910941929786,7.178910941929786,9.445935449907612
77,91.41829182491668,-14.418291824916679,14.418291824916679,18.72505431807361
77,69.20738647177181,7.792613528228188,7.792613528228188,10.120277309387257
49,58.03278025700054,-9.032780257000539,9.032780257000539,18.43424542245008
77,71.91888842540025,5.0811115745997455,5.0811115745997455,6.59884620077889
96,90.58851915967247,5.411480840327528,5.411480840327528,5.636959208674508
52,79.23797387595097,-27.23797387595097,27.23797387595097,52.3807189922134
78,76.52828377622824,1.4717162237717645,1.4717162237717645,1.8868156715022621
39,33.52267615871679,5.477323841283209,5.477323841283209,14.04442010585438
75,67.44804526467864,7.55195473532136,7.55195473532136,10.06927298042848
76,80.20456172237002,-4.204561722370016,4.204561722370016,5.532318055750022
77,71.77364094681664,5.226359053183359,5.226359053183359,6.787479289848518
72,67.12767069986782,4.872329300132179,4.872329300132179,6.76712402796136
79,83.39874600772532,-4.398746007725322,4.398746007725322,5.568032921171294
100,90.99035886975588,9.00964113024412,9.00964113024412,9.00964113024412
76,70.36196198955298,5.638038010447019,5.638038010447019,7.4184710663776565
74,75.125305749967,-1.1253057499669978,1.1253057499669978,1.5206834459013485
77,80.03332458405765,-3.0333245840576524,3.0333245840576524,3.9393825766982498
38,28.87172316496759,9.128276835032409,9.128276835032409,24.02178114482213
77,71.74766349847486,5.252336501525136,5.252336501525136,6.821216235746929
48,53.52189463825256,-5.5218946382525615,5.5218946382525615,11.503947163026169
76,69.98809536905891,6.011904630941089,6.011904630941089,7.910400830185643
80,88.82854926269714,-8.828549262697138,8.828549262697138,11.035686578371422
49,60.71152632473354,-11.71152632473354,11.71152632473354,23.90107413210927
98,94.09074892464947,3.909251075350525,3.909251075350525,3.9890317095413517
77,75.07953884850194,1.9204611514980598,1.9204611514980598,2.494105391555922
50,62.33726198749037,-12.337261987490372,12.337261987490372,24.674523974980744
78,80.9466136509751,-2.9466136509750953,2.9466136509750953,3.7777098089424297
98,98.81005126617875,-0.8100512661787462,0.8100512661787462,0.8265829246721901
39,39.60201668383586,-0.6020166838358634,0.6020166838358634,1.5436325226560599
76,74.88900133935597,1.1109986606440287,1.1109986606440287,1.4618403429526694
72,47.51052866203944,24.48947133796056,24.48947133796056,34.01315463605633
100,89.06706011164027,10.932939888359726,10.932939888359726,10.932939888359726
78,85.52946035587257,-7.529460355872573,7.529460355872573,9.653154302400733
75,62.013030445533225,12.986969554466775,12.986969554466775,17.3159594059557
77,80.56497800718412,-3.5649780071841235,3.5649780071841235,4.62984156777159
76,68.21760798663243,7.78239201336757,7.78239201336757,10.23998949127312
74,67.31596087221847,6.684039127781531,6.684039127781531,9.03248530781288
79,84.95216211713068,-5.952162117130683,5.952162117130683,7.5343824267477
45,50.301182621735784,-5.301182621735784,5.301182621735784,11.78040582607952
78,80.13397754068853,-2.1339775406885337,2.1339775406885337,2.7358686419083766
34,25.835257406788912,8.164742593211088,8.164742593211088,24.013948803562023
100,92.50452543198335,7.495474568016647,7.495474568016647,7.495474568016647
100,94.51445880779632,5.485541192203684,5.485541192203684,5.485541192203684
77,69.7475644857878,7.252435514212195,7.252435514212195,9.4187474210548
73,76.23893397099086,-3.238933970990857,3.238933970990857,4.436895850672407
75,82.41994493291928,-7.419944932919279,7.419944932919279,9.893259910559038
78,73.02463767067707,4.975362329322934,4.975362329322934,6.378669652978121
80,82.92711538261588,-2.927115382615881,2.927115382615881,3.658894228269851
100,91.61912817728656,8.380871822713445,8.380871822713445,8.380871822713445
76,69.7204670845791,6.279532915420901,6.279532915420901,8.262543309764343
39,36.54538495138394,2.4546150486160627,2.4546150486160627,6.293884740041186
99,91.70498568219648,7.2950143178035205,7.2950143178035205,7.368701331114667
46,48.6179286386742,-2.6179286386742007,2.6179286386742007,5.6911492145091325
37,34.773207529497846,2.2267924705021542,2.2267924705021542,6.018358028384201
34,32.205806702331095,1.7941932976689046,1.7941932976689046,5.277039110790896
75,79.17580968937861,-4.17580968937861,4.17580968937861,5.567746252504813
47,61.976418665821484,-14.976418665821484,14.976418665821484,31.864720565577624
74,80.47330888372886,-6.473308883728862,6.473308883728862,8.747714707741705
38,44.917870254440174,-6.9178702544401744,6.9178702544401744,18.204921722210983
74,70.05104376406712,3.948956235932883,3.948956235932883,5.336427345855247
76,69.79229765750392,6.207702342496077,6.207702342496077,8.168029398021154
77,71.602757809463,5.397242190537,5.397242190537,7.009405442255844
55,81.65192368682011,-26.651923686820112,26.651923686820112,48.45804306694566
75,102.40571666198923,-27.40571666198923,27.40571666198923,36.54095554931898
35,31.812472983649414,3.187527016350586,3.187527016350586,9.107220046715959
76,69.68139127867038,6.318608721329625,6.318608721329625,8.31395884385477
77,68.95261877671429,8.047381223285711,8.047381223285711,10.4511444458256
75,76.65107191324375,-1.6510719132437544,1.6510719132437544,2.201429217658339
78,71.99157182966105,6.008428170338945,6.008428170338945,7.703113038896084
38,35.18938229361528,2.8106177063847184,2.8106177063847184,7.396362385222943
100,95.34738472489514,4.652615275104864,4.652615275104864,4.652615275104864
100,97.3123490487094,2.687650951290607,2.687650951290607,2.687650951290607
100,91.9778088711179,8.022191128882099,8.022191128882099,8.022191128882099
38,34.076439020263415,3.9235609797365854,3.9235609797365854,10.325160472991014
47,68.144553700653,-21.144553700653006,21.144553700653006,44.988412129048946
76,69.57554891858702,6.4244510814129825,6.4244510814129825,8.453225107122346
36,33.51426710306076,2.48573289693924,2.48573289693924,6.904813602609
55,76.459137216136,-21.459137216136,21.459137216136,39.01661312024727
48,62.12303341909762,-14.123033419097617,14.123033419097617,29.4229862897867
78,72.38892084065554,5.611079159344456,5.611079159344456,7.193691229928789
46,63.11332222646141,-17.113322226461413,17.113322226461413,37.2028744053509
36,34.203910618660785,1.7960893813392147,1.7960893813392147,4.989137170386707
43,48.65257651222082,-5.6525765122208185,5.6525765122208185,13.145526772606555
75,66.69271124493288,8.30728875506712,8.30728875506712,11.076385006756158
76,70.10896442597455,5.891035574025452,5.891035574025452,7.7513625974019105
78,72.44178220743197,5.55821779256803,5.55821779256803,7.125920246882089
75,76.39349159514704,-1.3934915951470401,1.3934915951470401,1.857988793529387
40,37.84751099908576,2.152489000914237,2.152489000914237,5.381222502285592
75,59.825171813573604,15.174828186426396,15.174828186426396,20.23310424856853
77,90.76561204625855,-13.765612046258553,13.765612046258553,17.877418241894226
80,85.77197902649577,-5.771979026495771,5.771979026495771,7.214973783119713
47,59.76141400178928,-12.761414001789277,12.761414001789277,27.151944684658037
37,43.0920776828213,-6.092077682821298,6.092077682821298,16.46507481843594
75,88.69704029459946,-13.69704029459946,13.69704029459946,18.26272039279928
77,79.15117228455289,-2.151172284552885,2.151172284552885,2.7937302396790717
75,66.69465146243527,8.305348537564726,8.305348537564726,11.0737980500863
100,89.73629539328526,10.26370460671474,10.26370460671474,10.26370460671474
76,70.26900875426014,5.730991245739858,5.730991245739858,7.540777954920866
75,67.9844788992062,7.015521100793805,7.015521100793805,9.35402813439174
76,68.96798167782715,7.032018322172846,7.032018322172846,9.252655687069533
77,76.55036406653076,0.4496359334692386,0.4496359334692386,0.5839427707392709
78,73.211232542457,4.788767457543003,4.788767457543003,6.139445458388465
79,83.68505950079448,-4.68505950079448,4.68505950079448,5.930455064296811
36,41.08529188770848,-5.085291887708479,5.085291887708479,14.12581079919022
100,93.2547160146495,6.745283985350497,6.745283985350497,6.745283985350498
77,69.12182999367685,7.8781700063231455,7.8781700063231455,10.231389618601487
36,37.63967560291546,-1.6396756029154602,1.6396756029154602,4.5546544525429455
37,44.62037971763617,-7.620379717636169,7.620379717636169,20.59562085847613
49,49.91918398760228,-0.9191839876022811,0.9191839876022811,1.8758856889842472
76,68.83331814225639,7.166681857743612,7.166681857743612,9.429844549662647
79,83.3812103211958,-4.381210321195795,4.381210321195795,5.54583584961493
75,72.78588161241699,2.2141183875830137,2.2141183875830137,2.952157850110685
99,89.5179642413113,9.482035758688696,9.482035758688696,9.577813897665349
49,69.53283557073019,-20.532835570730185,20.532835570730185,41.90374606271467
75,69.90397808575364,5.096021914246364,5.096021914246364,6.794695885661819
100,86.3807970166403,13.619202983359699,13.619202983359699,13.619202983359699
76,69.00705382719941,6.992946172800586,6.992946172800586,9.201244964211297
100,93.1402685961218,6.8597314038782,6.8597314038782,6.8597314038782
100,90.42339344569591,9.576606554304092,9.576606554304092,9.576606554304092
79,79.43922762276317,-0.43922762276316973,0.43922762276316973,0.5559843326116073
33,29.24104308660715,3.7589569133928507,3.7589569133928507,11.39077852543288
46,44.33234354953183,1.6676564504681721,1.6676564504681721,3.6253401097134175
100,90.80171297461042,9.198287025389575,9.198287025389575,9.198287025389575
36,41.632536126263986,-5.632536126263986,5.632536126263986,15.645933684066627
100,89.43151042060425,10.568489579395745,10.568489579395745,10.568489579395745
79,87.00498902290411,-8.004989022904113,8.004989022904113,10.132897497346978
76,88.3225771004168,-12.322577100416794,12.322577100416794,16.21391723739052
46,50.346893217374465,-4.346893217374465,4.346893217374465,9.449767863857533
47,68.9089296686826,-21.908929668682603,21.908929668682603,46.61474397592043
76,81.79706477697592,-5.797064776975915,5.797064776975915,7.627716811810414
100,91.27873781982683,8.72126218017317,8.72126218017317,8.72126218017317
74,62.3493924193609,11.650607580639097,11.650607580639097,15.744064298160943
77,62.64902823672535,14.35097176327465,14.35097176327465,18.637625666590456
74,68.73198568321868,5.2680143167813185,5.2680143167813185,7.118938265920701
76,68.84480946438434,7.1551905356156595,7.1551905356156595,9.414724388967972
53,64.88666149515919,-11.886661495159188,11.886661495159188,22.427663198413565
100,90.39920557292916,9.600794427070838,9.600794427070838,9.600794427070838
48,55.3976660858834,-7.397666085883401,7.397666085883401,15.411804345590419
76,69.28798753518983,6.712012464810172,6.712012464810172,8.831595348434437
38,37.32160713946354,0.6783928605364622,0.6783928605364622,1.7852443698327953
75,72.4620253242302,2.537974675769803,2.537974675769803,3.3839662343597374
39,35.33277007117775,3.667229928822252,3.667229928822252,9.4031536636468
36,26.929736000784082,9.070263999215918,9.070263999215918,25.19517777559977
79,79.1943771981355,-0.19437719813549847,0.19437719813549847,0.24604708624746643
77,83.18981862609449,-6.1898186260944925,6.1898186260944925,8.038725488434405
100,100.58348311979648,-0.5834831197964832,0.5834831197964832,0.5834831197964832
43,47.63894843078561,-4.638948430785611,4.638948430785611,10.788252164617699
77,73.65051322888337,3.3494867711166307,3.3494867711166307,4.349982819631988
77,69.83553089051453,7.1644691094854664,7.1644691094854664,9.304505336994112
100,93.71793390188759,6.282066098112409,6.282066098112409,6.28206609811241
76,68.97510269463311,7.024897305366892,7.024897305366892,9.24328592811433
77,96.26211080785153,-19.262110807851528,19.262110807851528,25.0157283218851
76,63.21827173719656,12.78172826280344,12.78172826280344,16.818063503688737
74,68.0952754489769,5.904724551023094,5.904724551023094,7.979357501382559
41,46.8506130372656,-5.850613037265603,5.850613037265603,14.269787895769765
49,58.37117764612112,-9.371177646121119,9.371177646121119,19.12485233902269
51,63.18217327614697,-12.182173276146969,12.182173276146969,23.886614266954844
77,72.90669222823945,4.09330777176055,4.09330777176055,5.315984119169545
75,78.22520882429716,-3.2252088242971553,3.2252088242971553,4.300278432396206
77,69.06206124615977,7.937938753840228,7.937938753840228,10.309011368623674
75,65.05501293288512,9.94498706711488,9.94498706711488,13.259982756153175
76,69.56147275825816,6.438527241741838,6.438527241741838,8.471746370712944
74,67.8011414746488,6.1988585253511985,6.1988585253511985,8.376835845069188
78,83.21634141135536,-5.216341411355359,5.216341411355359,6.687617194045331
77,84.2229977098826,-7.2229977098826055,7.2229977098826055,9.380516506341047
74,70.48392786167378,3.516072138326223,3.516072138326223,4.751448835575977
47,60.66587676793322,-13.66587676793322,13.66587676793322,29.076333548794086
49,64.52931090874195,-15.529310908741948,15.529310908741948,31.692471242330505
100,87.32346445162628,12.676535548373721,12.676535548373721,12.676535548373721
49,56.857019735520296,-7.857019735520296,7.857019735520296,16.034734154123054
50,64.82463556212574,-14.824635562125735,14.824635562125735,29.64927112425147
100,97.63355818661739,2.3664418133826075,2.3664418133826075,2.3664418133826075
75,66.41730224123123,8.582697758768774,8.582697758768774,11.443597011691699
99,92.58975833953866,6.410241660461338,6.410241660461338,6.474991576223574
77,71.08320094694996,5.916799053050042,5.916799053050042,7.684154614350704
76,67.13670084450779,8.863299155492214,8.863299155492214,11.662235730910808
76,86.20892210529784,-10.208922105297844,10.208922105297844,13.432792243812951
76,67.01075576213675,8.989244237863247,8.989244237863247,11.827952944556904
100,94.7292136096308,5.270786390369196,5.270786390369196,5.270786390369196
75,65.60832206691636,9.391677933083642,9.391677933083642,12.522237244111523
100,90.94668692101924,9.053313078980764,9.053313078980764,9.053313078980764
100,95.06171947804694,4.938280521953061,4.938280521953061,4.938280521953061
46,40.3556434265892,5.644356573410803,5.644356573410803,12.270340376980007
100,87.40821859566515,12.591781404334853,12.591781404334853,12.591781404334853
77,75.79282887235229,1.2071711276477117,1.2071711276477117,1.5677547112307944
36,34.13017451957239,1.8698254804276075,1.8698254804276075,5.1939596678544655
77,89.32394344325488,-12.323943443254876,12.323943443254876,16.00512135487646
77,70.07484388988453,6.925156110115466,6.925156110115466,8.99370923391619
78,78.52681928685237,-0.5268192868523727,0.5268192868523727,0.6754093421184265
78,73.19328115545729,4.806718844542715,4.806718844542715,6.1624600571060455
51,59.900945450653126,-8.900945450653126,8.900945450653126,17.452834216966913
100,93.5265315601377,6.473468439862302,6.473468439862302,6.473468439862301
96,73.63992776757898,22.360072232421018,22.360072232421018,23.291741908771893
100,99.26995485787681,0.7300451421231884,0.7300451421231884,0.7300451421231884
76,86.05673370826665,-10.056733708266648,10.056733708266648,13.232544352982432
40,47.99613243261901,-7.996132432619007,7.996132432619007,19.990331081547517
77,70.44265037646811,6.557349623531891,6.557349623531891,8.51603847211934
98,99.47452042139938,-1.474520421399376,1.474520421399376,1.5046126748973223
78,73.34423013807186,4.655769861928135,4.655769861928135,5.968935720420687
77,72.51687480431661,4.483125195683385,4.483125195683385,5.822240513874526
100,90.99668971708674,9.003310282913262,9.003310282913262,9.003310282913262
100,93.46098250527172,6.539017494728284,6.539017494728284,6.539017494728284
77,75.36458604541437,1.6354139545856299,1.6354139545856299,2.123914226734584
77,79.88087592498317,-2.8808759249831724,2.8808759249831724,3.7413973051729514
77,95.51315680717913,-18.51315680717913,18.51315680717913,24.043060788544324
100,96.71250463808099,3.2874953619190137,3.2874953619190137,3.2874953619190137
49,62.144296390343314,-13.144296390343314,13.144296390343314,26.825094674170032
76,71.91639089836475,4.083609101635247,4.083609101635247,5.373169870572694
74,74.0905882452202,-0.09058824522020359,0.09058824522020359,0.12241654759486971
74,63.81489408067739,10.18510591932261,10.18510591932261,13.763656647733255
75,82.96654614519095,-7.9665461451909465,7.9665461451909465,10.62206152692126
77,76.12963428966813,0.8703657103318676,0.8703657103318676,1.1303450783530749
37,40.517406893752124,-3.517406893752124,3.517406893752124,9.506505118248985
36,41.34809295491184,-5.3480929549118414,5.3480929549118414,14.855813763644004
100,100.23109543984623,-0.2310954398462286,0.2310954398462286,0.23109543984622863
75,73.9128530955147,1.0871469044852944,1.0871469044852944,1.4495292059803926
100,92.70866903268498,7.2913309673150195,7.2913309673150195,7.2913309673150195
98,84.26920928045894,13.730790719541062,13.730790719541062,14.011010938307205
75,63.57891170493321,11.421088295066788,11.421088295066788,15.228117726755716
35,32.237176165522314,2.762823834477686,2.762823834477686,7.893782384221961
98,95.10310489926954,2.896895100730461,2.896895100730461,2.956015408908634
50,60.694967616828166,-10.694967616828166,10.694967616828166,21.38993523365633
40,45.623801038258236,-5.623801038258236,5.623801038258236,14.05950259564559
80,88.76990903159714,-8.769909031597138,8.769909031597138,10.962386289496422
76,84.30597431746413,-8.305974317464134,8.305974317464134,10.928913575610704
38,46.810371178258286,-8.810371178258286,8.810371178258286,23.185187311206015
76,69.30363067402122,6.696369325978779,6.696369325978779,8.81101227102471
76,67.64850823810572,8.35149176189428,8.35149176189428,10.988804949860894
79,98.56556540444102,-19.565565404441017,19.565565404441017,24.7665384866342
98,103.91316805702604,-5.913168057026041,5.913168057026041,6.0338449561490215
77,87.57185634677326,-10.57185634677326,10.57185634677326,13.729683567237998
76,81.83355041960954,-5.833550419609537,5.833550419609537,7.675724236328338
98,87.10309609080083,10.896903909199168,10.896903909199168,11.119289703264457
77,72.25379444444143,4.746205555558575,4.746205555558575,6.16390331890724
77,84.22936734550575,-7.22936734550575,7.22936734550575,9.388788760397079
37,37.598420101502,-0.5984201015020005,0.5984201015020005,1.6173516256810825
100,98.994168880485,1.005831119514994,1.005831119514994,1.005831119514994
77,69.47899227537678,7.521007724623217,7.521007724623217,9.767542499510672
77,76.88914528392793,0.11085471607206898,0.11085471607206898,0.1439671637299597
77,71.9454235970962,5.054576402903805,5.054576402903805,6.5643849388361115
38,35.76507490682509,2.2349250931749083,2.2349250931749083,5.881381824144496
100,94.14130229778527,5.858697702214727,5.858697702214727,5.858697702214727
44,44.25469973388893,-0.25469973388892697,0.25469973388892697,0.5788630315657431
78,81.79651865902507,-3.796518659025068,3.796518659025068,4.867331614134702
77,81.97880041992298,-4.978800419922976,4.978800419922976,6.465974571328541
42,49.748459633966476,-7.748459633966476,7.748459633966476,18.448713414205894
51,73.94439359317788,-22.944393593177878,22.944393593177878,44.98900704544682
75,95.7470928818274,-20.7470928818274,20.7470928818274,27.662790509103196
76,82.62692055150177,-6.626920551501769,6.626920551501769,8.71963230460759
76,79.59264668611857,-3.59264668611857,3.59264668611857,4.727166692261277
53,72.82440062910766,-19.824400629107657,19.824400629107657,37.40452948888237
76,84.88819792425011,-8.888197924250107,8.888197924250107,11.694997268750141
75,66.11098352744963,8.889016472550367,8.889016472550367,11.852021963400489
72,64.27181675191869,7.728183248081308,7.728183248081308,10.733587844557373
79,77.32952946753657,1.6704705324634261,1.6704705324634261,2.114519661346109
77,68.63283229774343,8.367167702256566,8.367167702256566,10.866451561372163
77,83.77227271800157,-6.772272718001574,6.772272718001574,8.795159374028017
76,74.12303129807529,1.87696870192471,1.87696870192471,2.4696956604272504
79,94.57471088897336,-15.574710888973357,15.574710888973357,19.714823910092857
75,65.41800393222361,9.581996067776387,9.581996067776387,12.775994757035184
38,43.154463435083144,-5.154463435083144,5.154463435083144,13.564377460745117
98,77.6043807725037,20.395619227496297,20.395619227496297,20.81185635458806
79,83.8685923196678,-4.868592319667798,4.868592319667798,6.162775088187086
73,66.4717200612601,6.5282799387398995,6.5282799387398995,8.942849231150547
36,33.85872314437642,2.1412768556235804,2.1412768556235804,5.947991265621057
100,88.14444058163394,11.855559418366056,11.855559418366056,11.855559418366056
78,76.77362302611867,1.2263769738813295,1.2263769738813295,1.57227817164273
79,85.49305762361575,-6.493057623615755,6.493057623615755,8.219060283057917
100,91.61961550719239,8.380384492807607,8.380384492807607,8.380384492807607
74,71.82097505105571,2.1790249489442886,2.1790249489442886,2.9446283093841736
78,83.18881344997172,-5.188813449971718,5.188813449971718,6.652324935861177
73,65.4049062157492,7.595093784250807,7.595093784250807,10.404238060617544
72,63.51109273210109,8.48890726789891,8.48890726789891,11.79014898319293
74,57.46294803872655,16.53705196127345,16.53705196127345,22.34736751523439
77,78.37764107520795,-1.377641075207947,1.377641075207947,1.7891442535168143
46,54.13424721669146,-8.134247216691463,8.134247216691463,17.68314612324231
48,51.88744994748551,-3.887449947485507,3.887449947485507,8.098854057261473
100,93.16924338181082,6.830756618189184,6.830756618189184,6.830756618189185
76,71.86547080580081,4.134529194199189,4.134529194199189,5.440169992367354
76,81.34086432430024,-5.340864324300242,5.340864324300242,7.027453058289791
76,69.00320499377305,6.996795006226947,6.996795006226947,9.206309218719666
78,92.25302294861052,-14.253022948610521,14.253022948610521,18.273106344372465
73,71.4839992434509,1.5160007565491043,1.5160007565491043,2.076713365135759
76,65.48621850425951,10.513781495740488,10.513781495740488,13.83392302071117
77,73.20892987820193,3.7910701217980716,3.7910701217980716,4.923467690646846
75,68.70106278188138,6.298937218118624,6.298937218118624,8.398582957491499
98,85.06316957116158,12.93683042883842,12.93683042883842,13.200847376365735
100,88.88166789800813,11.118332101991868,11.118332101991868,11.118332101991868
76,72.78650087154958,3.2134991284504224,3.2134991284504224,4.228288326908451
78,83.26171179803491,-5.261711798034909,5.261711798034909,6.745784356455012
97,80.31622364380172,16.68377635619828,16.68377635619828,17.19976943937967
100,91.04410904974817,8.955890950251828,8.955890950251828,8.955890950251828
78,91.61896280177018,-13.61896280177018,13.61896280177018,17.46020872021818
78,69.94588416055008,8.05411583944992,8.05411583944992,10.325789537756307
78,88.13848531659991,-10.138485316599912,10.138485316599912,12.998058098205014
44,47.20553423139191,-3.2055342313919084,3.2055342313919084,7.285305071345246
52,68.78729060965937,-16.787290609659365,16.787290609659365,32.283251172421856
100,96.09723964657155,3.902760353428448,3.902760353428448,3.902760353428448
37,39.924128514064556,-2.924128514064556,2.924128514064556,7.903050038012313
77,72.19861056794424,4.801389432055757,4.801389432055757,6.235570690981502
52,77.59817617184588,-25.59817617184588,25.59817617184588,49.22726186893438
78,71.33288636038074,6.667113639619259,6.667113639619259,8.547581589255461
76,72.63151554379914,3.3684844562008607,3.3684844562008607,4.432216389737975
39,33.40227347346306,5.597726526536938,5.597726526536938,14.353144939838302
100,98.63927165055418,1.3607283494458216,1.3607283494458216,1.3607283494458216
40,47.70142900398328,-7.701429003983279,7.701429003983279,19.253572509958197
53,71.75314552232985,-18.753145522329845,18.753145522329845,35.3832934383582
73,59.05280948189519,13.947190518104811,13.947190518104811,19.105740435760016
76,69.96952148209584,6.030478517904157,6.030478517904157,7.934840155137049
48,54.55258115714792,-6.5525811571479196,6.5525811571479196,13.651210744058165
36,32.996185566169714,3.0038144338302857,3.0038144338302857,8.343928982861906
48,60.12524248685558,-12.125242486855583,12.125242486855583,25.260921847615798
77,71.34916066131498,5.650839338685017,5.650839338685017,7.33875238790262
38,37.859299518125056,0.14070048187494422,0.14070048187494422,0.37026442598669534
40,37.36967131617261,2.6303286838273934,2.6303286838273934,6.5758217095684826
55,71.50963859761944,-16.509638597619443,16.509638597619443,30.01752472294444
76,66.92201841652138,9.077981583478618,9.077981583478618,11.944712609840288
100,90.99260269810709,9.007397301892908,9.007397301892908,9.007397301892908
97,77.502704823307,19.497295176693,19.497295176693,20.100304305869074
35,36.37530714144688,-1.375307141446882,1.375307141446882,3.9294489755625204
76,83.08958428704408,-7.089584287044076,7.089584287044076,9.328400377689574
42,48.02301101108996,-6.023011011089963,6.023011011089963,14.340502407357056
78,82.68779003631127,-4.68779003631127,4.68779003631127,6.00998722604009
37,37.12689849832122,-0.1268984983212178,0.1268984983212178,0.3429689143816697
74,68.40909543594931,5.590904564050689,5.590904564050689,7.555276437906336
77,77.75596011154195,-0.7559601115419525,0.7559601115419525,0.9817663786259124
100,92.55700675206941,7.442993247930588,7.442993247930588,7.442993247930588
48,56.255281870471336,-8.255281870471336,8.255281870471336,17.198503896815286
38,43.948679073110966,-5.948679073110966,5.948679073110966,15.654418613449911
79,91.24768758444853,-12.247687584448528,12.247687584448528,15.503402005631047
77,67.94732140006177,9.052678599938233,9.052678599938233,11.756725454465238
100,97.859948819975,2.1400511800249973,2.1400511800249973,2.1400511800249973
75,70.0046316693342,4.995368330665798,4.995368330665798,6.660491107554398
36,31.288281859327455,4.711718140672545,4.711718140672545,13.088105946312625
100,97.87421168615958,2.1257883138404168,2.1257883138404168,2.1257883138404168
49,71.59581666554477,-22.595816665544774,22.595816665544774,46.11391156233628
74,65.78718161639961,8.212818383600393,8.212818383600393,11.098403221081613
78,83.45240240418023,-5.4524024041802335,5.4524024041802335,6.990259492538761
77,68.61188866698988,8.388111333010116,8.388111333010116,10.893651081831319
100,95.53329717223161,4.466702827768387,4.466702827768387,4.466702827768387
46,58.984692580558146,-12.984692580558146,12.984692580558146,28.227592566430754
79,92.81693225081787,-13.816932250817871,13.816932250817871,17.48978765926313
38,37.304478275554345,0.6955217244456549,0.6955217244456549,1.8303203274885653
76,88.71429317548785,-12.714293175487853,12.714293175487853,16.72933312564191
99,91.60347264094287,7.396527359057131,7.396527359057131,7.4712397566233655
100,93.83332134979578,6.166678650204219,6.166678650204219,6.166678650204219
73,58.589411560195465,14.410588439804535,14.410588439804535,19.74053210932128
78,76.62824969541538,1.3717503045846229,1.3717503045846229,1.7586542366469524
49,57.40885882333091,-8.40885882333091,8.40885882333091,17.160936374144715
38,34.60651663569623,3.393483364303769,3.393483364303769,8.930219379746761
78,70.30098384165164,7.699016158348357,7.699016158348357,9.870533536344048
75,86.05534391465953,-11.055343914659531,11.055343914659531,14.740458552879373
76,85.04854931825128,-9.048549318251276,9.048549318251276,11.905985945067469
77,75.17381140919753,1.8261885908024738,1.8261885908024738,2.3716734945486673
53,67.87209093327219,-14.87209093327219,14.87209093327219,28.060548930702247
78,69.80285100070888,8.197148999291116,8.197148999291116,10.50916538370656
39,46.215752414091,-7.215752414091,7.215752414091,18.5019292669
75,67.40797168861391,7.592028311386088,7.592028311386088,10.12270441518145
77,71.02126903007257,5.978730969927426,5.978730969927426,7.764585675230423
40,47.77119496975942,-7.771194969759421,7.771194969759421,19.42798742439855
76,72.0424207824207,3.957579217579294,3.957579217579294,5.207341075762229
36,38.12784613519824,-2.12784613519824,2.12784613519824,5.910683708884
36,37.26754611812747,-1.2675461181274699,1.2675461181274699,3.520961439242972
47,50.87495609634606,-3.874956096346061,3.874956096346061,8.244587439034172
78,84.31405348006291,-6.31405348006291,6.31405348006291,8.094940359055013
79,83.35727414472927,-4.357274144729274,4.357274144729274,5.515536892062372
77,70.45404285260992,6.545957147390084,6.545957147390084,8.50124304855855
79,93.22707982357282,-14.227079823572822,14.227079823572822,18.008961801990914
100,89.44733283527972,10.552667164720276,10.552667164720276,10.552667164720276
100,96.36892553894435,3.631074461055647,3.631074461055647,3.6310744610556474
78,85.49456184750247,-7.494561847502467,7.494561847502467,9.608412625003163
78,72.5392692414531,5.460730758546902,5.460730758546902,7.000936869931926
100,93.54558565417328,6.45441434582672,6.45441434582672,6.45441434582672
74,73.89893162581373,0.10106837418626924,0.10106837418626924,0.13657888403549898
76,70.62393163202134,5.376068367978661,5.376068367978661,7.073774168392975
77,71.21858951475922,5.781410485240784,5.781410485240784,7.508325305507511
100,93.34797369880894,6.652026301191057,6.652026301191057,6.652026301191056
75,70.66738721420711,4.3326127857928896,4.3326127857928896,5.776817047723853
37,31.006396364740112,5.993603635259888,5.993603635259888,16.198928743945643
48,57.408213310914086,-9.408213310914086,9.408213310914086,19.60044439773768
77,72.04162590054153,4.958374099458467,4.958374099458467,6.439446882413594
100,98.57654468624983,1.4234553137501678,1.4234553137501678,1.4234553137501678
38,40.18499694222206,-2.1849969422220568,2.1849969422220568,5.749991953215939
45,44.75316986747764,0.24683013252236208,0.24683013252236208,0.5485114056052491
52,64.92609668110171,-12.926096681101711,12.926096681101711,24.857878232887906
75,79.29225455701078,-4.292254557010779,4.292254557010779,5.7230060760143715
39,49.55240264365319,-10.552402643653188,10.552402643653188,27.057442676033816
78,79.35472960657476,-1.3547296065747645,1.3547296065747645,1.7368328289420056
36,33.163226319211155,2.836773680788845,2.836773680788845,7.879926891080125
51,67.45160282232845,-16.451602822328454,16.451602822328454,32.25804474966363
77,70.65696162135573,6.343038378644266,6.343038378644266,8.237712180057489
35,35.64173732712301,-0.6417373271230105,0.6417373271230105,1.8335352203514583
74,57.05962974837491,16.94037025162509,16.94037025162509,22.892392231925797
49,59.04977612657899,-10.04977612657899,10.04977612657899,20.50974719709998
53,75.54235246487441,-22.542352464874412,22.542352464874412,42.532740499763044
41,37.95268416256599,3.047315837434013,3.047315837434013,7.43247765227808
79,95.75028005104356,-16.75028005104356,16.75028005104356,21.202886140561468
100,94.78655651727856,5.213443482721445,5.213443482721445,5.213443482721445
80,98.03231846661039,-18.03231846661039,18.03231846661039,22.54039808326299
47,46.75937208696708,0.24062791303291675,0.24062791303291675,0.511974283048759
52,66.86487148476239,-14.86487148476239,14.86487148476239,28.586291316850748
100,91.4332407385174,8.566759261482602,8.566759261482602,8.566759261482602
40,44.581895763477675,-4.581895763477675,4.581895763477675,11.454739408694188
77,73.1208491328324,3.8791508671675956,3.8791508671675956,5.037858269048826
37,27.868827090153786,9.131172909846214,9.131172909846214,24.678845702287063
100,92.47699573890658,7.523004261093419,7.523004261093419,7.523004261093419
37,34.01948281124385,2.980517188756153,2.980517188756153,8.055451861503116
77,71.91972312346557,5.080276876534427,5.080276876534427,6.5977621773174375
52,62.44961617776444,-10.44961617776444,10.44961617776444,20.09541572647008
77,85.45921456908536,-8.459214569085361,8.459214569085361,10.985992946864105
76,71.82981579617652,4.1701842038234815,4.1701842038234815,5.487084478715108
77,72.47725264422074,4.522747355779259,4.522747355779259,5.873697864648389
97,82.96279315621771,14.037206843782286,14.037206843782286,14.471347261631223
99,88.29209501804536,10.707904981954641,10.707904981954641,10.81606563833802
50,65.4569586905396,-15.456958690539594,15.456958690539594,30.913917381079187
72,62.989222832114535,9.010777167885465,9.010777167885465,12.514968288729811
100,98.7564771626379,1.243522837362093,1.243522837362093,1.243522837362093
80,91.4050828670309,-11.405082867030899,11.405082867030899,14.256353583788622
46,53.20435576266789,-7.204355762667888,7.204355762667888,15.661642962321496
38,46.3062340864855,-8.306234086485503,8.306234086485503,21.85851075390922
46,55.295286875556705,-9.295286875556705,9.295286875556705,20.207145381645013
76,87.49154042316337,-11.491540423163372,11.491540423163372,15.120447925214965
79,87.41995698269842,-8.419956982698423,8.419956982698423,10.65817339582079
36,37.35478257785896,-1.3547825778589626,1.3547825778589626,3.7632849384971183
100,93.84622249829175,6.153777501708248,6.153777501708248,6.153777501708248
50,62.934139268664424,-12.934139268664424,12.934139268664424,25.868278537328848
44,55.01475738852699,-11.014757388526988,11.014757388526988,25.033539519379516
74,65.55172890485663,8.448271095143369,8.448271095143369,11.416582561004553
73,72.34385201867354,0.6561479813264555,0.6561479813264555,0.8988328511321309
97,76.2310822022558,20.768917797744194,20.768917797744194,21.411255461591953
97,90.77440578643582,6.225594213564179,6.225594213564179,6.418138364499154
97,84.8983167084597,12.101683291540297,12.101683291540297,12.47596215622711
99,85.99972886850497,13.000271131495026,13.000271131495026,13.131587001510129
100,84.77877283672623,15.221227163273767,15.221227163273767,15.221227163273769
77,70.75125782769858,6.248742172301419,6.248742172301419,8.115249574417428
77,76.70987812000183,0.29012187999816774,0.29012187999816774,0.37678166233528276
38,41.37597406162609,-3.3759740616260885,3.3759740616260885,8.884142267437074
99,86.59074062493256,12.409259375067435,12.409259375067435,12.534605429361045
79,86.18042804700521,-7.180428047005208,7.180428047005208,9.08914942658887
77,78.91370098264746,-1.9137009826474554,1.9137009826474554,2.4853259514902017
78,72.63237024495089,5.3676297550491086,5.3676297550491086,6.881576609037318
44,43.41009182950997,0.5899081704900269,0.5899081704900269,1.3407003874773338
100,91.88224048619324,8.11775951380676,8.11775951380676,8.11775951380676
99,98.52949456515827,0.47050543484172636,0.47050543484172636,0.4752580149916428
52,63.36497547012719,-11.364975470127192,11.364975470127192,21.85572205793691
45,48.992299748602996,-3.9922997486029956,3.9922997486029956,8.871777219117769
50,68.57668679944693,-18.576686799446932,18.576686799446932,37.153373598893864
78,85.42006041047227,-7.420060410472274,7.420060410472274,9.512897962143942
44,46.24212607845482,-2.2421260784548167,2.2421260784548167,5.09574108739731
76,73.14294062597178,2.857059374028225,2.857059374028225,3.759288650037138
72,81.95734371418068,-9.95734371418068,9.95734371418068,13.829644047473167
74,63.6326735235301,10.367326476469898,10.367326476469898,14.009900643878243
75,69.64710102339642,5.3528989766035835,5.3528989766035835,7.137198635471445
36,38.516264911080526,-2.516264911080526,2.516264911080526,6.989624753001461
78,79.52455510010644,-1.52455510010644,1.52455510010644,1.954557820649282
47,54.23184626190884,-7.231846261908842,7.231846261908842,15.38690694023158
75,85.67771296463877,-10.677712964638772,10.677712964638772,14.236950619518362
48,51.59087258776036,-3.5908725877603587,3.5908725877603587,7.480984557834081
79,87.62794803190128,-8.627948031901283,8.627948031901283,10.921453204938333
47,66.40477539647995,-19.40477539647995,19.40477539647995,41.28675616272329
97,85.79939415494383,11.200605845056174,11.200605845056174,11.547016335109458
100,92.45164586600575,7.548354133994252,7.548354133994252,7.548354133994252
77,65.60541673834268,11.394583261657317,11.394583261657317,14.798160080074437
47,56.77823414361249,-9.778234143612487,9.778234143612487,20.80475349704784
75,70.67886603238536,4.321133967614642,4.321133967614642,5.761511956819524
49,56.18434247952711,-7.1843424795271105,7.1843424795271105,14.66192342760635
78,87.5047452340364,-9.504745234036406,9.504745234036406,12.185570812867187
73,62.74350769573224,10.25649230426776,10.25649230426776,14.049989457901042
49,62.907136515106544,-13.907136515106544,13.907136515106544,28.381911255319476
75,67.61531974399331,7.384680256006689,7.384680256006689,9.846240341342252
76,69.64711639778707,6.352883602212927,6.352883602212927,8.359057371332797
52,67.05963395749176,-15.059633957491755,15.059633957491755,28.960834533637993
45,65.380360921666,-20.380360921665996,20.380360921665996,45.28969093703555
45,48.31047568221564,-3.310475682215639,3.310475682215639,7.356612627145864
34,32.20683712677865,1.7931628732213483,1.7931628732213483,5.274008450651024
97,75.99803543578632,21.00196456421368,21.00196456421368,21.651509860014105
100,98.97029380807571,1.0297061919242907,1.0297061919242907,1.0297061919242907
77,78.58545239765306,-1.5854523976530572,1.5854523976530572,2.0590290878611133
76,78.44554752721861,-2.445547527218608,2.445547527218608,3.2178256937086944
78,86.76684488749127,-8.766844887491274,8.766844887491274,11.239544727552914
75,76.27335183657351,-1.2733518365735108,1.2733518365735108,1.697802448764681
75,70.7251861761483,4.2748138238517015,4.2748138238517015,5.699751765135602
43,47.79308745335342,-4.793087453353422,4.793087453353422,11.146715007798656
37,34.31209542947799,2.687904570522008,2.687904570522008,7.264606947356778
77,74.41996162581219,2.580038374187808,2.580038374187808,3.350699187256893
38,29.612832815670366,8.387167184329634,8.387167184329634,22.071492590341144
50,69.89273627199381,-19.89273627199381,19.89273627199381,39.78547254398762
35,28.588380194605577,6.411619805394423,6.411619805394423,18.31891372969835
52,63.13796552131639,-11.137965521316389,11.137965521316389,21.41916446406998
100,92.86201588873296,7.137984111267045,7.137984111267045,7.137984111267044
38,36.789458674417666,1.2105413255823336,1.2105413255823336,3.1856350673219307
76,80.18162466099274,-4.181624660992739,4.181624660992739,5.502137711832551
48,56.261043361408255,-8.261043361408255,8.261043361408255,17.210507002933863
76,65.19557546287768,10.804424537122316,10.804424537122316,14.216348075160942
76,64.6424101162314,11.357589883768597,11.357589883768597,14.944197215484998
77,77.34438514597169,-0.34438514597168535,0.34438514597168535,0.4472534363268641
77,82.76100899128373,-5.761008991283731,5.761008991283731,7.481829858810041
80,83.02750298469016,-3.027502984690159,3.027502984690159,3.784378730862699
51,67.14460608855418,-16.144606088554184,16.144606088554184,31.656090369714086
78,80.52765294899882,-2.5276529489988206,2.5276529489988206,3.240580703844642
77,74.43218041352391,2.567819586476091,2.567819586476091,3.334830631787131
74,71.43767822429852,2.562321775701477,2.562321775701477,3.4625969941911854
79,83.1544016431333,-4.154401643133298,4.154401643133298,5.2587362571307565
77,70.68806477034309,6.3119352296569105,6.3119352296569105,8.197318480073909
36,35.78345725614344,0.21654274385655725,0.21654274385655725,0.6015076218237702
77,75.0109494126763,1.9890505873237032,1.9890505873237032,2.5831825809398743
48,63.83380523700348,-15.833805237003482,15.833805237003482,32.987094243757255
80,92.02713086818811,-12.02713086818811,12.02713086818811,15.033913585235137
77,72.67283807687207,4.327161923127932,4.327161923127932,5.619690809257054
77,81.48100712936031,-4.481007129360307,4.481007129360307,5.819489778390009
100,92.683432048895,7.316567951105,7.316567951105,7.316567951105
75,84.01630633467812,-9.01630633467812,9.01630633467812,12.021741779570828
76,76.66519712859395,-0.6651971285939453,0.6651971285939453,0.8752593797288754
97,93.10186533209225,3.8981346679077546,3.8981346679077546,4.01869553392552
72,70.56126291381,1.4387370861900024,1.4387370861900024,1.99824595304167
76,75.44419072066806,0.5558092793319389,0.5558092793319389,0.7313279991209722
79,83.25500033344606,-4.255000333446063,4.255000333446063,5.386076371450712
50,60.1677946466441,-10.167794646644097,10.167794646644097,20.335589293288194
77,71.59482800912683,5.405171990873171,5.405171990873171,7.019703884250871
52,68.00236917099464,-16.00236917099464,16.00236917099464,30.773786867297385
44,46.530158290328146,-2.5301582903281457,2.5301582903281457,5.750359750745786
79,78.58540384368773,0.4145961563122711,0.4145961563122711,0.5248052611547736
76,87.4006434227051,-11.400643422705102,11.400643422705102,15.000846608822501
99,91.78923498612795,7.210765013872049,7.210765013872049,7.28360102411318
100,97.23274445524399,2.7672555447560114,2.7672555447560114,2.7672555447560114
51,81.40953442903827,-30.409534429038274,30.409534429038274,59.62653809615348
77,70.34281472895695,6.657185271043048,6.657185271043048,8.645695157198762
100,91.28758490730006,8.712415092699942,8.712415092699942,8.712415092699942
40,45.1431821833214,-5.1431821833214,5.1431821833214,12.857955458303499
36,38.3421778619044,-2.3421778619044034,2.3421778619044034,6.50604961640112
76,72.96060898599833,3.039391014001666,3.039391014001666,3.999198702633771
98,89.51434615371281,8.485653846287192,8.485653846287192,8.658830455395094
99,91.89618918941699,7.103810810583013,7.103810810583013,7.175566475336377
100,89.81807215423821,10.181927845761791,10.181927845761791,10.181927845761791
78,83.79672870664412,-5.796728706644117,5.796728706644117,7.431703470056561
73,60.678468396071196,12.321531603928804,12.321531603928804,16.878810416340826
49,51.22471172227598,-2.224711722275977,2.224711722275977,4.540228004644851
76,67.43509113095543,8.564908869044572,8.564908869044572,11.269616932953385
100,94.54457716752044,5.455422832479556,5.455422832479556,5.455422832479556
100,97.98308968221068,2.016910317789325,2.016910317789325,2.016910317789325
45,44.90801112245388,0.09198887754612173,0.09198887754612173,0.20441972788027052
76,69.04425599306747,6.955744006932534,6.955744006932534,9.152294745963859
77,68.89564699071668,8.104353009283315,8.104353009283315,10.525133778290021
75,69.5316097171122,5.468390282887796,5.468390282887796,7.291187043850394
75,68.17165916842592,6.8283408315740814,6.8283408315740814,9.104454442098774
40,42.56841971245356,-2.5684197124535615,2.5684197124535615,6.421049281133903
52,62.91118759146009,-10.911187591460092,10.911187591460092,20.983053060500175
49,58.7774549189536,-9.777454918953602,9.777454918953602,19.953989630517555
74,65.29568199064758,8.70431800935242,8.70431800935242,11.762591904530298
78,73.73030948424065,4.2696905157593505,4.2696905157593505,5.473962199691475
76,65.55845239096067,10.441547609039333,10.441547609039333,13.73887843294649
76,68.87175589381066,7.128244106189342,7.128244106189342,9.37926856077545
74,74.38337843542561,-0.38337843542561245,0.38337843542561245,0.5180789667913682
36,35.50588065994987,0.49411934005013336,0.49411934005013336,1.3725537223614814
100,94.61538663002207,5.384613369977927,5.384613369977927,5.384613369977927
50,51.495125352509135,-1.4951253525091346,1.4951253525091346,2.990250705018269
100,96.0578741187663,3.942125881233693,3.942125881233693,3.9421258812336926
75,65.56534282779701,9.43465717220299,9.43465717220299,12.57954289627065
39,36.20686913161489,2.793130868385113,2.793130868385113,7.161874021500289
100,90.39300845856758,9.606991541432421,9.606991541432421,9.606991541432421
75,81.27091065055184,-6.270910650551841,6.270910650551841,8.361214200735787
51,59.969789956482806,-8.969789956482806,8.969789956482806,17.587823444083934
75,67.25602628880725,7.743973711192751,7.743973711192751,10.325298281590335
75,71.26730515783397,3.732694842166026,3.732694842166026,4.976926456221369
76,63.671088736361185,12.328911263638815,12.328911263638815,16.222251662682652
100,94.53939336530641,5.46060663469359,5.46060663469359,5.46060663469359
41,39.00632748008778,1.9936725199122165,1.9936725199122165,4.862615902224919
76,74.94310478451693,1.0568952154830669,1.0568952154830669,1.390651599319825
100,92.83101821230245,7.168981787697547,7.168981787697547,7.168981787697547
38,35.64665967756491,2.3533403224350877,2.3533403224350877,6.193000848513389
47,59.505978417807356,-12.505978417807356,12.505978417807356,26.608464718739057
100,97.86560135513392,2.1343986448660814,2.1343986448660814,2.1343986448660814
37,45.96667933980834,-8.966679339808337,8.966679339808337,24.234268485968478
78,73.15982750387786,4.840172496122136,4.840172496122136,6.205349354002738
37,37.79863718251868,-0.7986371825186822,0.7986371825186822,2.158478871672114
77,77.2953804777885,-0.2953804777884983,0.2953804777884983,0.38361101011493287
50,66.87634970756955,-16.876349707569545,16.876349707569545,33.75269941513909
44,67.490389928526,-23.490389928526,23.490389928526,53.38724983755909
75,71.23990831869732,3.760091681302683,3.760091681302683,5.013455575070243
46,52.12090160545715,-6.120901605457149,6.120901605457149,13.306307837950323
72,73.96973675626651,-1.9697367562665136,1.9697367562665136,2.7357454948146023
79,84.77159141110258,-5.771591411102577,5.771591411102577,7.305811912788072
77,72.71535848521434,4.284641514785662,4.284641514785662,5.564469499721639
76,68.59880883764994,7.4011911623500595,7.4011911623500595,9.738409424144816
100,94.54672116291519,5.4532788370848095,5.4532788370848095,5.4532788370848095
77,72.01567808232453,4.984321917675473,4.984321917675473,6.473145347630484
100,96.68290260818138,3.3170973918186206,3.3170973918186206,3.3170973918186206
74,60.67879534065732,13.321204659342683,13.321204659342683,18.001627918030653
100,96.46248043014464,3.5375195698553625,3.5375195698553625,3.537519569855362
96,104.9188264688699,-8.918826468869895,8.918826468869895,9.290444238406142
51,62.54619287723671,-11.546192877236713,11.546192877236713,22.639593876934732
36,31.742995848597737,4.257004151402263,4.257004151402263,11.825011531672953
78,74.39136939446905,3.608630605530948,3.608630605530948,4.626449494270446
76,67.92567922530068,8.074320774699316,8.074320774699316,10.6241062824991
100,95.11764135195523,4.882358648044772,4.882358648044772,4.882358648044772
77,71.57908413603226,5.4209158639677355,5.4209158639677355,7.0401504726853705
74,61.05516372776492,12.94483627223508,12.94483627223508,17.493021989506865
100,94.93667344548314,5.063326554516863,5.063326554516863,5.063326554516863
37,33.00359761736475,3.996402382635253,3.996402382635253,10.801087520635818
77,88.38188793893202,-11.381887938932024,11.381887938932024,14.781672647963667
75,70.93580130909965,4.064198690900355,4.064198690900355,5.4189315878671405
50,71.88533278680924,-21.885332786809244,21.885332786809244,43.77066557361849
77,69.72695701195329,7.273042988046711,7.273042988046711,9.445510374086638
100,96.01615998025252,3.9838400197474755,3.9838400197474755,3.9838400197474755
44,48.32348179735598,-4.323481797355981,4.323481797355981,9.826094993990866
40,44.08363832897932,-4.083638328979319,4.083638328979319,10.209095822448297
75,72.0671324476546,2.9328675523453995,2.9328675523453995,3.9104900697938665
37,39.444622376157945,-2.4446223761579446,2.4446223761579446,6.60708750312958
75,73.37778173448865,1.62221826551135,1.62221826551135,2.1629576873484666
100,94.05815070438473,5.94184929561527,5.94184929561527,5.94184929561527
45,51.05725268223761,-6.0572526822376105,6.0572526822376105,13.46056151608358
80,95.51164118492332,-15.51164118492332,15.51164118492332,19.38955148115415
77,75.60921763851734,1.390782361482664,1.390782361482664,1.8062108590683947
77,85.82471273437956,-8.82471273437956,8.82471273437956,11.460665888804623
96,65.24161072051028,30.75838927948972,30.75838927948972,32.03998883280179
47,53.40851276678904,-6.408512766789038,6.408512766789038,13.635133546359654
41,48.49402706974038,-7.494027069740383,7.494027069740383,18.278114804244836
77,84.53888333627343,-7.538883336273429,7.538883336273429,9.790757579575882
78,92.04537146093233,-14.04537146093233,14.04537146093233,18.006886488374782
35,25.034945885983852,9.965054114016148,9.965054114016148,28.47158318290328
77,70.70079671013094,6.299203289869055,6.299203289869055,8.180783493336435
78,74.2282753087789,3.7717246912210953,3.7717246912210953,4.835544475924481
75,69.3191592797428,5.680840720257194,5.680840720257194,7.5744542936762596
79,77.50027726142531,1.4997227385746896,1.4997227385746896,1.898383213385683
37,41.17167124909207,-4.171671249092071,4.171671249092071,11.274787159708302
38,40.97356684621406,-2.9735668462140623,2.9735668462140623,7.825175911089638
99,85.23025802630079,13.769741973699212,13.769741973699212,13.90883027646385
75,75.21392162581947,-0.2139216258194665,0.2139216258194665,0.2852288344259553
78,72.29637582630606,5.703624173693939,5.703624173693939,7.312338684222998
75,71.31619611834067,3.6838038816593297,3.6838038816593297,4.911738508879107
100,96.26301874914061,3.7369812508593867,3.7369812508593867,3.7369812508593863
78,81.91790555563915,-3.9179055556391518,3.9179055556391518,5.022955840563014
100,88.53187025202584,11.46812974797416,11.46812974797416,11.46812974797416
47,52.155370944516214,-5.155370944516214,5.155370944516214,10.968874350034499
48,52.41497083728778,-4.4149708372877825,4.4149708372877825,9.197855911016212
80,85.16357849926715,-5.163578499267146,5.163578499267146,6.454473124083933
78,77.09377684094228,0.906223159057717,0.906223159057717,1.161824562894509
75,67.70671753950778,7.293282460492222,7.293282460492222,9.724376613989628
76,71.13650425215242,4.86349574784758,4.86349574784758,6.399336510325764
77,71.59641659338196,5.40358340661804,5.40358340661804,7.017640787815636
99,86.78716850248543,12.212831497514571,12.212831497514571,12.336193431832902
76,75.43241968393754,0.5675803160624611,0.5675803160624611,0.7468162053453434
78,78.14367805766338,-0.14367805766337938,0.14367805766337938,0.18420263802997355
77,78.58159619581629,-1.5815961958162887,1.5815961958162887,2.054021033527648
34,27.279999626611513,6.720000373388487,6.720000373388487,19.764706980554372
73,73.80546799196017,-0.805467991960171,0.805467991960171,1.103380810904344
78,74.2491312911055,3.750868708894501,3.750868708894501,4.808806037044231
76,71.06648656170051,4.933513438299485,4.933513438299485,6.4914650503940585
44,48.84899340466987,-4.848993404669869,4.848993404669869,11.020439556067885
47,56.022026154210096,-9.022026154210096,9.022026154210096,19.195800328106586
100,96.191829387047,3.808170612953006,3.808170612953006,3.808170612953006
45,52.79120854414501,-7.791208544145007,7.791208544145007,17.313796764766685
76,68.09274504974537,7.907254950254625,7.907254950254625,10.404282829282401
77,72.41859987401968,4.581400125980323,4.581400125980323,5.94987029348094
50,55.86822422868818,-5.868224228688177,5.868224228688177,11.736448457376355
76,67.11391914783367,8.88608085216633,8.88608085216633,11.692211647587277
97,92.81848308820244,4.181516911797559,4.181516911797559,4.310842177110885
78,72.18336542977,5.8166345702299935,5.8166345702299935,7.45722380798717
77,73.34713318660229,3.652866813397708,3.652866813397708,4.7439828745424775
36,39.5586771384732,-3.5586771384732003,3.5586771384732003,9.885214273536667
77,71.15878724914299,5.841212750857011,5.841212750857011,7.585990585528586
78,81.86987664629946,-3.86987664629946,3.86987664629946,4.9613803157685386
77,76.92168186885736,0.07831813114263753,0.07831813114263753,0.10171185862680199
36,39.11805259518873,-3.118052595188729,3.118052595188729,8.661257208857581
77,69.25334193530296,7.746658064697044,7.746658064697044,10.06059488921694
38,41.20871138047539,-3.2087113804753926,3.2087113804753926,8.443977317040508
53,70.00993949601596,-17.00993949601596,17.00993949601596,32.09422546418106
75,82.30786554931173,-7.307865549311728,7.307865549311728,9.743820732415639
78,81.2256264165765,-3.225626416576503,3.225626416576503,4.135418482790389
42,38.35802997249006,3.6419700275099416,3.6419700275099416,8.671357208357005
100,99.17645601193402,0.8235439880659783,0.8235439880659783,0.8235439880659784
77,83.7977915902996,-6.797791590299596,6.797791590299596,8.828300766622851
77,71.94465545193468,5.055344548065321,5.055344548065321,6.565382529954962
74,60.12942191628271,13.870578083717291,13.870578083717291,18.7440244374558
100,92.33524109951578,7.664758900484216,7.664758900484216,7.664758900484216
48,56.551705496956444,-8.551705496956444,8.551705496956444,17.81605311865926
78,86.51811347844377,-8.518113478443766,8.518113478443766,10.920658305697135
75,67.37652644757975,7.623473552420251,7.623473552420251,10.164631403227
97,78.9020353125499,18.0979646874501,18.0979646874501,18.65769555407227
98,99.8351497450461,-1.8351497450460954,1.8351497450460954,1.8726017806592812
76,73.11296956434005,2.887030435659952,2.887030435659952,3.798724257447305
48,48.40144086362258,-0.40144086362258236,0.40144086362258236,0.8363351325470466
74,77.92175434456216,-3.92175434456216,3.92175434456216,5.299668033192108
79,89.13084310630542,-10.13084310630542,10.13084310630542,12.823852033298
44,52.75708688729635,-8.757086887296353,8.757086887296353,19.902470198400803
100,85.67797421821183,14.32202578178817,14.32202578178817,14.32202578178817
77,68.69422752584755,8.305772474152448,8.305772474152448,10.786717498899282
98,79.83069890707378,18.16930109292622,18.16930109292622,18.54010315604716
76,75.91364928628775,0.08635071371224967,0.08635071371224967,0.11361936014769693
78,89.07346590685532,-11.073465906855319,11.073465906855319,14.196751162635024
75,81.28229315043488,-6.282293150434882,6.282293150434882,8.376390867246508
51,61.18555796090145,-10.185557960901448,10.185557960901448,19.97168227627735
43,42.25482328807311,0.745176711926888,0.745176711926888,1.7329690975043905
76,66.08850033719568,9.911499662804317,9.911499662804317,13.041446924742523
97,70.00323792024031,26.99676207975969,26.99676207975969,27.83171348428834
76,68.47483409994668,7.525165900053324,7.525165900053324,9.90153407901753
35,27.974138173146116,7.025861826853884,7.025861826853884,20.073890933868242
36,43.03550102250323,-7.035501022503233,7.035501022503233,19.543058395842312
76,71.67351546808912,4.326484531910879,4.326484531910879,5.692742805145893
100,95.3261353521651,4.673864647834904,4.673864647834904,4.673864647834904
46,53.40546449523957,-7.4054644952395705,7.4054644952395705,16.098835859216457
76,69.04945756460648,6.9505424353935155,6.9505424353935155,9.145450572886205
78,74.47403305289392,3.5259669471060846,3.5259669471060846,4.520470445007801
77,81.45897762376273,-4.458977623762735,4.458977623762735,5.790880030860694
75,68.11807377158718,6.881926228412823,6.881926228412823,9.175901637883763
76,73.25445864158354,2.7455413584164603,2.7455413584164603,3.6125544189690264
36,36.597200166716334,-0.597200166716334,0.597200166716334,1.6588893519898167
100,94.97607727975182,5.02392272024818,5.02392272024818,5.02392272024818
75,62.791522491130216,12.208477508869784,12.208477508869784,16.27797001182638
43,44.87580322301034,-1.8758032230103368,1.8758032230103368,4.362333076768225
100,96.92929204759514,3.0707079524048595,3.0707079524048595,3.0707079524048595
46,55.13042225056113,-9.130422250561132,9.130422250561132,19.848744022958982
100,89.3403621359218,10.659637864078206,10.659637864078206,10.659637864078206
78,72.75351827089668,5.246481729103323,5.246481729103323,6.726258627055542
48,54.15366874574205,-6.153668745742053,6.153668745742053,12.820143220295943
36,38.06456894593476,-2.0645689459347594,2.0645689459347594,5.734913738707665
78,84.28864563651727,-6.288645636517273,6.288645636517273,8.06236620066317
49,54.206430209416126,-5.206430209416126,5.206430209416126,10.625367774318626
100,93.98624020997704,6.013759790022959,6.013759790022959,6.013759790022959
74,56.60863802270271,17.391361977297287,17.391361977297287,23.5018405098612
51,68.94176877968862,-17.941768779688616,17.941768779688616,35.17993878370317
77,72.43952013034074,4.560479869659261,4.560479869659261,5.922701129427612
77,70.7720304781322,6.227969521867806,6.227969521867806,8.088272106321826
76,79.87540022663677,-3.8754002266367706,3.8754002266367706,5.099210824522067
78,86.31242858711856,-8.31242858711856,8.31242858711856,10.656959727075076
100,100.12294615266055,-0.1229461526605462,0.1229461526605462,0.1229461526605462
50,58.39664833148298,-8.396648331482979,8.396648331482979,16.793296662965957
47,66.650350942148,-19.650350942147995,19.650350942147995,41.80925732371914
74,68.34477540048945,5.655224599510547,5.655224599510547,7.6421954047439815
36,40.28531936424679,-4.285319364246789,4.285319364246789,11.903664900685524
73,72.57970018118445,0.42029981881555045,0.42029981881555045,0.5757531764596581
98,86.88259810305172,11.11740189694828,11.11740189694828,11.344287649947224
80,86.49573368027396,-6.495733680273958,6.495733680273958,8.119667100342447
78,87.31698970521448,-9.316989705214482,9.316989705214482,11.944858596428823
77,69.58386181176006,7.416138188239941,7.416138188239941,9.631348296415508
42,41.991323458264695,0.008676541735304966,0.008676541735304966,0.02065843270310706
72,76.03863576754543,-4.038635767545429,4.038635767545429,5.609216343813096
76,68.22471483858298,7.775285161417017,7.775285161417017,10.230638370285549
100,98.40930908329668,1.5906909167033234,1.5906909167033234,1.5906909167033234
48,57.81404051031291,-9.814040510312907,9.814040510312907,20.445917729818554
78,95.68789382948064,-17.687893829480643,17.687893829480643,22.67678696087262
47,62.864252762044046,-15.864252762044046,15.864252762044046,33.753729280944775
77,70.06915832284179,6.930841677158213,6.930841677158213,9.00109308721846
77,75.48558204875506,1.514417951244937,1.514417951244937,1.9667765600583598
77,71.39586843535382,5.604131564646181,5.604131564646181,7.278092941098937
76,69.24288464036245,6.757115359637552,6.757115359637552,8.89094126268099
34,31.038317748241006,2.961682251758994,2.961682251758994,8.710830152232335
80,91.77292372075124,-11.772923720751237,11.772923720751237,14.716154650939044
76,82.46759088081282,-6.467590880812821,6.467590880812821,8.509988001069502
77,79.16327147867747,-2.1632714786774727,2.1632714786774727,2.8094434788019127
77,78.82985346342033,-1.829853463420335,1.829853463420335,2.3764330693770583
45,58.47755309996491,-13.477553099964908,13.477553099964908,29.950117999922014
42,64.80689980777458,-22.806899807774585,22.806899807774585,54.30214239946329
100,99.23015331508617,0.7698466849138299,0.7698466849138299,0.7698466849138299
76,87.29630983689718,-11.29630983689718,11.29630983689718,14.86356557486471
100,96.3511339157059,3.6488660842940988,3.6488660842940988,3.6488660842940988
76,70.40397312994892,5.596026870051077,5.596026870051077,7.363193250067206
36,36.58131291940731,-0.5813129194073099,0.5813129194073099,1.6147581094647496
45,51.37590654138396,-6.375906541383962,6.375906541383962,14.168681203075472
80,96.40891691346972,-16.408916913469724,16.408916913469724,20.511146141837155
75,88.21185815519114,-13.211858155191138,13.211858155191138,17.615810873588185
97,88.46934626505875,8.530653734941254,8.530653734941254,8.794488386537374
78,71.555651506169,6.444348493831001,6.444348493831001,8.261985248501283
77,70.51504379129705,6.484956208702954,6.484956208702954,8.422021050263577
75,66.09738053900429,8.902619460995709,8.902619460995709,11.870159281327613
43,53.473454304358924,-10.473454304358924,10.473454304358924,24.356870475253313
79,84.92691396432846,-5.926913964328463,5.926913964328463,7.502422739656282
79,88.55150542904545,-9.551505429045449,9.551505429045449,12.090513201323352
75,63.39469068696044,11.605309313039562,11.605309313039562,15.473745750719416
77,76.19465553310252,0.8053444668974805,0.8053444668974805,1.0459019050616631
75,73.48400090015373,1.515999099846269,1.515999099846269,2.0213321331283587
74,72.3928704097756,1.6071295902244032,1.6071295902244032,2.1717967435464907
100,96.09695831856452,3.9030416814354822,3.9030416814354822,3.9030416814354827
76,75.19984154913897,0.8001584508610335,0.8001584508610335,1.0528400669224125
74,79.48571726567026,-5.48571726567026,5.48571726567026,7.413131440094946
77,71.34655339787535,5.653446602124646,5.653446602124646,7.3421384443177224
100,90.13340785057434,9.866592149425657,9.866592149425657,9.866592149425657
44,41.09391263102021,2.90608736897979,2.90608736897979,6.604744020408614
76,69.97387114956213,6.026128850437871,6.026128850437871,7.929116908470883
76,74.7757314725717,1.2242685274282934,1.2242685274282934,1.6108796413530178
35,37.716830688269155,-2.7168306882691553,2.7168306882691553,7.76237339505473
79,96.34811151617426,-17.348111516174257,17.348111516174257,21.959634830600326
76,78.49984326992579,-2.4998432699257904,2.4998432699257904,3.2892674604286714
78,78.760133601558,-0.760133601557996,0.760133601557996,0.9745302584076873
37,38.78811538007249,-1.7881153800724903,1.7881153800724903,4.83274427046619
100,94.81986706071827,5.180132939281734,5.180132939281734,5.180132939281734
50,60.41548377780937,-10.41548377780937,10.41548377780937,20.83096755561874
78,71.26599973038701,6.7340002696129915,6.7340002696129915,8.633333678991015
77,79.87054956127223,-2.8705495612722274,2.8705495612722274,3.7279864432106846
46,52.007469814260375,-6.007469814260375,6.007469814260375,13.059716987522554
75,63.27053887512368,11.729461124876323,11.729461124876323,15.639281499835098
48,52.921719803183336,-4.921719803183336,4.921719803183336,10.253582923298616
76,87.24485125130583,-11.244851251305832,11.244851251305832,14.795856909612937
75,71.21489193032525,3.7851080696747488,3.7851080696747488,5.046810759566331
100,90.48206112143492,9.517938878565076,9.517938878565076,9.517938878565076
39,36.89870832346653,2.101291676533471,2.101291676533471,5.387927375726848
100,96.65380341020544,3.346196589794559,3.346196589794559,3.346196589794559
76,80.75380311683573,-4.753803116835726,4.753803116835726,6.25500410109964
100,97.16014328796899,2.8398567120310076,2.8398567120310076,2.8398567120310076
46,47.98239880920115,-1.9823988092011504,1.9823988092011504,4.309562628698154
78,84.22638439608413,-6.2263843960841285,6.2263843960841285,7.982544097543755
76,71.72481392020185,4.2751860797981465,4.2751860797981465,5.625244841839666
50,58.80304966487992,-8.803049664879921,8.803049664879921,17.606099329759843
37,40.914611032162824,-3.9146110321628242,3.9146110321628242,10.580029816656282
76,69.86340478567448,6.136595214325524,6.136595214325524,8.074467387270428
76,70.62889114641568,5.371108853584317,5.371108853584317,7.067248491558313
100,93.17310299665718,6.826897003342822,6.826897003342822,6.826897003342822
54,78.14095116244766,-24.140951162447664,24.140951162447664,44.705465115643825
47,48.68335464619622,-1.6833546461962214,1.6833546461962214,3.5816056302047268
55,80.95240999334904,-25.952409993349036,25.952409993349036,47.186199987907344
100,96.17560460333881,3.8243953966611883,3.8243953966611883,3.8243953966611883
37,30.48333883434161,6.516661165658391,6.516661165658391,17.61259774502268
76,68.27560812657717,7.724391873422832,7.724391873422832,10.16367351766162
100,88.09498434900152,11.905015650998479,11.905015650998479,11.905015650998479
100,98.48364869427076,1.5163513057292448,1.5163513057292448,1.5163513057292448
76,57.41665752962399,18.58334247037601,18.58334247037601,24.451766408389485
44,51.36329483598989,-7.36329483598989,7.36329483598989,16.734760990886112
76,69.32504808075257,6.674951919247434,6.674951919247434,8.782831472693992
79,79.88482204357351,-0.8848220435735072,0.8848220435735072,1.1200279032576042
77,69.8762895736228,7.123710426377201,7.123710426377201,9.251571982308054
99,83.64336519091873,15.356634809081271,15.356634809081271,15.511752332405324
39,43.69299697725131,-4.692996977251312,4.692996977251312,12.03332558269567
80,96.78570163386655,-16.78570163386655,16.78570163386655,20.98212704233319
46,53.37513821866781,-7.375138218667807,7.375138218667807,16.03290917101697
39,41.64732465603997,-2.64732465603997,2.64732465603997,6.788011938564026
75,72.45053592953255,2.549464070467451,2.549464070467451,3.3992854272899344
77,73.19648983480323,3.8035101651967693,3.8035101651967693,4.939623591164636
47,45.212059764054445,1.7879402359455554,1.7879402359455554,3.804128161586288
76,68.48610040953085,7.513899590469151,7.513899590469151,9.88670998745941
75,71.48908687178368,3.510913128216316,3.510913128216316,4.681217504288422
46,50.59213175603325,-4.592131756033247,4.592131756033247,9.982895121811406
78,79.50650362203895,-1.5065036220389487,1.5065036220389487,1.9314149000499343
78,73.34920687137644,4.650793128623562,4.650793128623562,5.96255529310713
98,79.98238208132611,18.017617918673892,18.017617918673892,18.385324406810096
37,23.48203117974151,13.517968820258488,13.517968820258488,36.535050865563484
76,71.9112739114983,4.088726088501701,4.088726088501701,5.379902748028555
40,40.43218330673865,-0.4321833067386507,0.4321833067386507,1.0804582668466267
73,79.9614891265949,-6.961489126594898,6.961489126594898,9.536286474787532
78,70.4591360755213,7.5408639244787,7.5408639244787,9.667774262152179
48,54.78270078597599,-6.78270078597599,6.78270078597599,14.13062663744998
75,73.84907288863548,1.150927111364524,1.150927111364524,1.5345694818193656
73,64.69386451320278,8.306135486797217,8.306135486797217,11.378267790133174
96,69.1943682882718,26.805631711728196,26.805631711728196,27.922533033050208
100,93.03764208814597,6.962357911854028,6.962357911854028,6.962357911854028
100,92.26628643818118,7.733713561818817,7.733713561818817,7.733713561818817
76,67.30582037503561,8.694179624964391,8.694179624964391,11.439710032847882
53,62.574773923757355,-9.574773923757355,9.574773923757355,18.06561117690067
77,70.1159872126588,6.884012787341206,6.884012787341206,8.940276347196372
48,67.7010910783433,-19.701091078343296,19.701091078343296,41.04393974654854
98,95.02642285954454,2.973577140455461,2.973577140455461,3.0342623882198585
75,76.03184310133629,-1.0318431013362925,1.0318431013362925,1.3757908017817233
76,68.91116203317638,7.088837966823618,7.088837966823618,9.327418377399498
75,69.59367508701403,5.406324912985966,5.406324912985966,7.208433217314621
77,67.79619898368979,9.203801016310209,9.203801016310209,11.952988332870401
78,74.59725114410584,3.40274885589416,3.40274885589416,4.362498533197641
77,68.50057052090456,8.49942947909544,8.49942947909544,11.03822010272135
76,87.02045432749357,-11.020454327493567,11.020454327493567,14.500597799333642
49,74.42918138301005,-25.429181383010047,25.429181383010047,51.8962885367552
35,38.295763627008505,-3.2957636270085047,3.2957636270085047,9.416467505738584
100,92.4374029340011,7.562597065998901,7.562597065998901,7.562597065998901
78,82.16785065432259,-4.167850654322592,4.167850654322592,5.343398274772554
79,79.20359369809867,-0.2035936980986719,0.2035936980986719,0.25771354189705303
49,57.70117441546309,-8.701174415463093,8.701174415463093,17.757498807067538
76,82.64671993362026,-6.646719933620261,6.646719933620261,8.745684123184553
100,89.2413297884654,10.758670211534593,10.758670211534593,10.758670211534593
49,58.93859899121696,-9.938598991216963,9.938598991216963,20.282855084116253
77,89.29482800434866,-12.294828004348659,12.294828004348659,15.9673090965567
77,71.03423343099368,5.96576656900632,5.96576656900632,7.747748790917298
76,76.03415085110097,-0.03415085110097493,0.03415085110097493,0.04493533039601965
77,73.01859551765827,3.9814044823417305,3.9814044823417305,5.170655171872377
74,87.71602795606505,-13.716027956065048,13.716027956065048,18.535172913601418
74,79.63509387076304,-5.635093870763043,5.635093870763043,7.6149917172473565
39,36.11303040714616,2.8869695928538377,2.8869695928538377,7.402486135522661
77,96.15861461151725,-19.15861461151725,19.15861461151725,24.88131767729513
51,60.67095573668993,-9.670955736689933,9.670955736689933,18.962658307235163
75,70.36770388656392,4.632296113436084,4.632296113436084,6.176394817914779
41,48.57466582952679,-7.5746658295267935,7.5746658295267935,18.47479470616291
76,83.92727903536394,-7.927279035363938,7.927279035363938,10.430630309689393
96,72.77395697052502,23.22604302947498,23.22604302947498,24.19379482236977
77,79.46288249351929,-2.462882493519288,2.462882493519288,3.1985486928821922
74,71.54640834773913,2.4535916522608687,2.4535916522608687,3.3156643949471194
76,82.66910420002654,-6.669104200026538,6.669104200026538,8.775137105298077
75,65.7497363299772,9.250263670022804,9.250263670022804,12.333684893363738
78,87.75566129695153,-9.75566129695153,9.75566129695153,12.507258073014782
79,89.92859968320684,-10.92859968320684,10.92859968320684,13.83367048507195
78,71.50185170719831,6.498148292801687,6.498148292801687,8.330959349745754
79,75.28087054283242,3.7191294571675826,3.7191294571675826,4.707758806541244
40,48.271431335879534,-8.271431335879534,8.271431335879534,20.678578339698834
33,26.298819753127667,6.701180246872333,6.701180246872333,20.30660680870404
98,89.50023405945205,8.499765940547945,8.499765940547945,8.673230551579536
46,47.97731260159287,-1.977312601592871,1.977312601592871,4.298505655636676
77,71.66736710508323,5.33263289491677,5.33263289491677,6.925497266125675
49,65.52115219599794,-16.521152195997942,16.521152195997942,33.71663713468968
77,82.72846650467633,-5.728466504676334,5.728466504676334,7.439566889190044
78,98.98131453793027,-20.981314537930274,20.981314537930274,26.899121202474713
76,75.60421127651975,0.3957887234802513,0.3957887234802513,0.5207746361582254
100,88.93192209620388,11.068077903796123,11.068077903796123,11.068077903796123
100,95.90985935596629,4.09014064403371,4.09014064403371,4.09014064403371
77,70.55917115816783,6.440828841832172,6.440828841832172,8.364712781600222
37,33.816936395294775,3.183063604705225,3.183063604705225,8.60287460731142
46,47.91181198299422,-1.911811982994223,1.911811982994223,4.156113006509181
78,79.37448038958958,-1.3744803895895785,1.3744803895895785,1.762154345627665
77,85.92228480130629,-8.92228480130629,8.92228480130629,11.587382858839337
75,69.98093180466806,5.01906819533194,5.01906819533194,6.692090927109253
42,48.07098553595841,-6.070985535958407,6.070985535958407,14.454727466567634
48,57.53340981673955,-9.53340981673955,9.53340981673955,19.861270451540726
78,72.36969779602406,5.630302203975944,5.630302203975944,7.218336158943519
76,79.00308856713099,-3.0030885671309875,3.0030885671309875,3.951432325172352
34,35.07439957792056,-1.074399577920559,1.074399577920559,3.1599987585898797
46,50.44005913495059,-4.440059134950587,4.440059134950587,9.652302467283885
41,44.90848320558107,-3.9084832055810708,3.9084832055810708,9.532885867270904
46,42.70340987049449,3.2965901295055104,3.2965901295055104,7.166500281533718
77,71.31334556030745,5.686654439692546,5.686654439692546,7.385265506094216
49,62.300682681078705,-13.300682681078705,13.300682681078705,27.144250369548377
100,86.66176171187175,13.338238288128252,13.338238288128252,13.33823828812825
47,57.95955705167087,-10.95955705167087,10.95955705167087,23.318206492916747
55,72.73553816664568,-17.735538166645682,17.735538166645682,32.246433030264875
99,90.83529995787234,8.164700042127663,8.164700042127663,8.247171759724912
38,39.855995687863164,-1.8559956878631638,1.8559956878631638,4.884199178587273
78,77.5114591539951,0.488540846004895,0.488540846004895,0.6263344179549937
48,56.19074846909686,-8.19074846909686,8.19074846909686,17.06405931061846
100,93.59298832483753,6.407011675162465,6.407011675162465,6.407011675162464
47,69.53935998994554,-22.539359989945538,22.539359989945538,47.956085084990505
39,34.218350242982595,4.781649757017405,4.781649757017405,12.26064040260873
79,78.85554915784147,0.144450842158534,0.144450842158534,0.18284916728928352
73,66.21002094461846,6.7899790553815365,6.7899790553815365,9.30134117175553
42,52.963782071681834,-10.963782071681834,10.963782071681834,26.10424302781389
44,49.91860529596657,-5.918605295966572,5.918605295966572,13.4513756726513
51,61.23665755442075,-10.236657554420752,10.236657554420752,20.07187755768775
100,95.63334453102172,4.36665546897828,4.36665546897828,4.36665546897828
48,52.509662191468685,-4.509662191468685,4.509662191468685,9.395129565559762
51,60.85851687497947,-9.858516874979472,9.858516874979472,19.33042524505779
76,69.24967887729157,6.750321122708428,6.750321122708428,8.882001477247933
51,59.141688945508676,-8.141688945508676,8.141688945508676,15.96409597158564
76,69.39800132124134,6.601998678758662,6.601998678758662,8.686840366787713
78,73.53014031331139,4.469859686688608,4.469859686688608,5.7305893419084715
41,49.22840938326283,-8.228409383262829,8.228409383262829,20.069291178689827
51,73.5791465354696,-22.579146535469604,22.579146535469604,44.27283634405805
75,87.28122433450417,-12.281224334504174,12.281224334504174,16.374965779338897
77,69.87741490806255,7.122585091937452,7.122585091937452,9.250110509009678
44,66.81505742020661,-22.815057420206614,22.815057420206614,51.85240322774231
41,44.19911942524824,-3.1991194252482416,3.1991194252482416,7.802730305483515
80,88.35150702491228,-8.35150702491228,8.35150702491228,10.43938378114035
53,76.38221700039712,-23.38221700039712,23.38221700039712,44.117390566787016
79,79.80083624396468,-0.8008362439646817,0.8008362439646817,1.0137167645122553
50,62.46186686826561,-12.46186686826561,12.46186686826561,24.92373373653122
100,97.8063119711681,2.1936880288319003,2.1936880288319003,2.1936880288319003
50,67.46260096040471,-17.462600960404714,17.462600960404714,34.92520192080943
76,78.68414523049651,-2.6841452304965117,2.6841452304965117,3.531770040126989
38,39.50646159899353,-1.506461598993532,1.506461598993532,3.9643726289303474
100,86.92266064720478,13.07733935279522,13.07733935279522,13.077339352795219
77,74.99648719820564,2.0035128017943578,2.0035128017943578,2.60196467765501
100,87.63560733600734,12.36439266399266,12.36439266399266,12.36439266399266
78,72.58990904285908,5.410090957140923,5.410090957140923,6.936014047616568
100,96.9370937395243,3.0629062604756996,3.0629062604756996,3.0629062604756996
76,69.22116204147265,6.7788379585273475,6.7788379585273475,8.919523629641246
75,73.78142182436416,1.218578175635841,1.218578175635841,1.624770900847788
39,39.216023902278906,-0.21602390227890567,0.21602390227890567,0.5539074417407838
78,71.41285964157873,6.587140358421266,6.587140358421266,8.445051741565726
79,87.64221268877488,-8.642212688774876,8.642212688774876,10.939509732626425
40,32.258589008582035,7.741410991417965,7.741410991417965,19.353527478544912
38,35.770231852344764,2.2297681476552356,2.2297681476552356,5.867810914882199
77,87.93880291234909,-10.93880291234909,10.93880291234909,14.20623754850531
78,91.52390025577975,-13.52390025577975,13.52390025577975,17.33833366125609
39,38.99856154816012,0.0014384518398813384,0.0014384518398813384,0.0036883380509777908
77,85.9831486649147,-8.983148664914694,8.983148664914694,11.666426837551551
98,85.6456437077046,12.354356292295407,12.354356292295407,12.606486012546334
41,44.820753928781684,-3.8207539287816843,3.8207539287816843,9.318912021418742
73,72.14343219074709,0.8565678092529083,0.8565678092529083,1.1733805606204224
98,87.47700080585875,10.52299919414125,10.52299919414125,10.737754279735968
77,69.07815288106255,7.92184711893745,7.92184711893745,10.288113141477208
77,70.58219288728057,6.41780711271943,6.41780711271943,8.334814432103157
100,98.3941353513382,1.6058646486617931,1.6058646486617931,1.6058646486617933
77,67.51379522921036,9.48620477078964,9.48620477078964,12.319746455570963
100,90.05024636456828,9.949753635431719,9.949753635431719,9.949753635431719
39,46.3391491336187,-7.339149133618697,7.339149133618697,18.818331111842816
100,91.72325718635511,8.276742813644887,8.276742813644887,8.276742813644887
75,73.90994857883564,1.090051421164361,1.090051421164361,1.4534018948858147
51,71.36198646888036,-20.36198646888036,20.36198646888036,39.925463664471295
77,77.21432131306807,-0.21432131306806923,0.21432131306806923,0.27833936762086914
76,73.10582232473391,2.894177675266093,2.894177675266093,3.808128520086964
100,88.08666588837258,11.913334111627421,11.913334111627421,11.913334111627421
50,54.958317707742125,-4.958317707742125,4.958317707742125,9.91663541548425
99,89.18159611617988,9.818403883820125,9.818403883820125,9.917579680626389
100,92.70620972545277,7.293790274547234,7.293790274547234,7.293790274547235
36,29.608950937547625,6.391049062452375,6.391049062452375,17.752914062367708
50,64.91099252682173,-14.91099252682173,14.91099252682173,29.821985053643456
79,83.13789585284087,-4.13789585284087,4.13789585284087,5.2378428516973035
77,69.96664626813748,7.033353731862519,7.033353731862519,9.13422562579548
79,91.3016655110211,-12.301665511021099,12.301665511021099,15.571728494963416
37,35.209942902102796,1.7900570978972041,1.7900570978972041,4.83799215647893
76,69.17105747578462,6.828942524215378,6.828942524215378,8.985450689757077
100,94.95301007522231,5.046989924777691,5.046989924777691,5.046989924777691
100,90.25659133441887,9.743408665581129,9.743408665581129,9.743408665581129
52,76.63460213915157,-24.634602139151568,24.634602139151568,47.374234882983785
75,72.05407547886618,2.9459245211338185,2.9459245211338185,3.927899361511758
37,44.170084790550746,-7.170084790550746,7.170084790550746,19.37860754202904
100,92.45365589302051,7.54634410697949,7.54634410697949,7.54634410697949
72,54.12150682852433,17.878493171475668,17.878493171475668,24.831240515938426
42,39.51538978162806,2.484610218371941,2.484610218371941,5.915738615171287
76,69.00814013988604,6.991859860113962,6.991859860113962,9.199815605413109
97,95.82556625137043,1.1744337486295677,1.1744337486295677,1.2107564418861523
43,42.72354175966373,0.2764582403362681,0.2764582403362681,0.6429261403169025
74,71.95805494103078,2.041945058969219,2.041945058969219,2.759385214823269
76,72.85340030752141,3.1465996924785884,3.1465996924785884,4.1402627532613
75,69.7072877846959,5.292712215304107,5.292712215304107,7.056949620405476
51,66.02442934566764,-15.024429345667642,15.024429345667642,29.459665383662042
76,69.35382531543439,6.646174684565608,6.646174684565608,8.744966690217906
37,29.08860533793044,7.911394662069561,7.911394662069561,21.38214773532314
78,77.41547787227283,0.584522127727169,0.584522127727169,0.7493873432399603
97,83.13607449370906,13.86392550629094,13.86392550629094,14.292706707516434
100,96.40902794507798,3.5909720549220197,3.5909720549220197,3.5909720549220197
75,69.98406473081121,5.0159352691887875,5.0159352691887875,6.687913692251716
36,41.41685397500676,-5.4168539750067595,5.4168539750067595,15.046816597240998
74,62.912591200903265,11.087408799096735,11.087408799096735,14.982984863644235
35,37.09846882106229,-2.0984688210622906,2.0984688210622906,5.995625203035116
75,75.29255442828808,-0.292554428288085,0.292554428288085,0.39007257105077997
78,80.34385230226835,-2.3438523022683455,2.3438523022683455,3.0049388490619817
100,92.88602040291957,7.11397959708043,7.11397959708043,7.11397959708043
50,75.08472125080353,-25.084721250803526,25.084721250803526,50.16944250160705
74,75.31242498788906,-1.3124249878890595,1.3124249878890595,1.7735472809311612
78,87.46192959475303,-9.46192959475303,9.46192959475303,12.13067896763209
47,56.541214070061756,-9.541214070061756,9.541214070061756,20.3004554682165
37,30.570102161520893,6.429897838479107,6.429897838479107,17.378102266159747
77,73.12245872502247,3.8775412749775313,3.8775412749775313,5.0357678895812095
78,89.8820392692218,-11.882039269221806,11.882039269221806,15.233383678489496
77,70.04802946628354,6.951970533716462,6.951970533716462,9.028533160670731
100,90.74355522412496,9.256444775875039,9.256444775875039,9.256444775875039
37,29.951064125518904,7.048935874481096,7.048935874481096,19.051178039138097
39,50.34136283907494,-11.34136283907494,11.34136283907494,29.080417536089588
75,68.06698694486391,6.933013055136087,6.933013055136087,9.244017406848116
39,43.15357163780646,-4.153571637806458,4.153571637806458,10.650183686683224
77,89.55001359363914,-12.550013593639136,12.550013593639136,16.2987189527781
100,98.30164792899976,1.6983520710002438,1.6983520710002438,1.6983520710002438
45,48.66567977409898,-3.665679774098983,3.665679774098983,8.145955053553296
100,92.53645448032708,7.46354551967292,7.46354551967292,7.463545519672919
75,75.96297541371682,-0.9629754137168192,0.9629754137168192,1.2839672182890922
77,70.93097226447469,6.06902773552531,6.06902773552531,7.881854201980923
77,77.25824120328167,-0.25824120328167055,0.25824120328167055,0.3353781860800916
36,32.94429417005069,3.0557058299493107,3.0557058299493107,8.488071749859197
40,36.084734965213435,3.9152650347865645,3.9152650347865645,9.788162586966411
100,87.38869008169102,12.611309918308976,12.611309918308976,12.611309918308978
97,81.19854891519765,15.801451084802352,15.801451084802352,16.2901557575282
52,64.42695920452095,-12.426959204520955,12.426959204520955,23.897998470232608
44,47.85560384479742,-3.8556038447974217,3.8556038447974217,8.76273601090323
75,85.61292458383343,-10.612924583833433,10.612924583833433,14.15056611177791
75,78.8725168122098,-3.8725168122097955,3.8725168122097955,5.163355749613061
37,35.4514067266067,1.5485932733933012,1.5485932733933012,4.1853872253873
97,76.8906120497826,20.109387950217396,20.109387950217396,20.731327783729274
73,74.49220465333983,-1.4922046533398259,1.4922046533398259,2.0441159634792134
100,89.0217882804547,10.9782117195453,10.9782117195453,10.9782117195453
78,72.89158365177977,5.108416348220231,5.108416348220231,6.5492517284874765
41,46.93856736327425,-5.938567363274252,5.938567363274252,14.484310642132323
76,66.79191433148897,9.208085668511032,9.208085668511032,12.115902195409252
76,81.15540052399122,-5.155400523991219,5.155400523991219,6.78342174209371
100,98.21205567725266,1.787944322747336,1.787944322747336,1.7879443227473357
79,89.64827790169547,-10.648277901695465,10.648277901695465,13.478832786956286
100,101.08091719961979,-1.0809171996197904,1.0809171996197904,1.0809171996197904
52,72.07507592077333,-20.07507592077333,20.07507592077333,38.60591523225641
78,75.22296073251675,2.7770392674832465,2.7770392674832465,3.5603067531836494
79,75.27184344046346,3.7281565595365436,3.7281565595365436,4.719185518400688
79,86.28805275520303,-7.288052755203026,7.288052755203026,9.22538323443421
100,97.0074735870613,2.9925264129387017,2.9925264129387017,2.9925264129387017
74,68.71241089997437,5.287589100025627,5.287589100025627,7.145390675710307
52,64.08582037365778,-12.085820373657782,12.085820373657782,23.241962257034196
37,41.51996348561642,-4.519963485616422,4.519963485616422,12.216117528693033
75,58.97550618030066,16.024493819699337,16.024493819699337,21.36599175959912
40,51.60092761723526,-11.600927617235257,11.600927617235257,29.002319043088143
96,91.0289039367778,4.971096063222205,4.971096063222205,5.178225065856465
75,59.760829098063034,15.239170901936966,15.239170901936966,20.318894535915955
100,97.65033261213713,2.3496673878628656,2.3496673878628656,2.3496673878628656
100,93.45530341000645,6.544696589993549,6.544696589993549,6.54469658999355
100,90.93195394109529,9.068046058904713,9.068046058904713,9.068046058904713
78,82.94148880556618,-4.9414888055661805,4.9414888055661805,6.3352420584181806
100,92.3189966649459,7.6810033350541005,7.6810033350541005,7.6810033350541
76,70.4653770347352,5.534622965264802,5.534622965264802,7.282398638506319
78,72.9631678867493,5.036832113250696,5.036832113250696,6.457477068270123
51,51.006270996276946,-0.00627099627694605,0.00627099627694605,0.012296071131266765
78,86.39833101618777,-8.398331016187768,8.398331016187768,10.767091046394576
81,85.03804814932796,-4.038048149327963,4.038048149327963,4.985244628799954
78,101.01248557928206,-23.012485579282057,23.012485579282057,29.5031866401052
36,31.10528273392849,4.89471726607151,4.89471726607151,13.596436850198637
74,75.47581570182614,-1.4758157018261358,1.4758157018261358,1.9943455430082917
77,72.78016533234036,4.21983466765964,4.21983466765964,5.480304763194338
40,46.33512737600943,-6.3351273760094315,6.3351273760094315,15.837818440023579
100,95.01130309645372,4.988696903546284,4.988696903546284,4.988696903546284
76,71.89207696285418,4.107923037145824,4.107923037145824,5.405161890981347
75,73.83874349028243,1.1612565097175747,1.1612565097175747,1.5483420129567662
73,58.22174681409531,14.778253185904688,14.778253185904688,20.24418244644478
43,44.55551228586864,-1.5555122858686374,1.5555122858686374,3.617470432252645
77,75.52225678207395,1.4777432179260472,1.4777432179260472,1.9191470362675938
77,71.18469808579441,5.815301914205591,5.815301914205591,7.552340148318949
78,80.43724917538688,-2.4372491753868815,2.4372491753868815,3.1246784299831813
75,69.11090735933985,5.889092640660152,5.889092640660152,7.852123520880203
72,55.96581965330603,16.034180346693972,16.034180346693972,22.26969492596385
40,49.5792395216685,-9.579239521668498,9.579239521668498,23.948098804171245
37,42.859322829985445,-5.8593228299854445,5.8593228299854445,15.83600764860931
79,86.71685186980146,-7.716851869801459,7.716851869801459,9.768166923799315
50,63.25131962117891,-13.251319621178908,13.251319621178908,26.502639242357816
39,44.21907941702176,-5.21907941702176,5.21907941702176,13.382254915440411
41,52.01879662888326,-11.018796628883258,11.018796628883258,26.875113728983557
50,70.05736926142055,-20.057369261420547,20.057369261420547,40.114738522841094
76,68.05053925604079,7.949460743959207,7.949460743959207,10.459816768367377
41,44.82110425611745,-3.821104256117451,3.821104256117451,9.319766478335247
73,75.10171646686163,-2.1017164668616317,2.1017164668616317,2.879063653235112
37,29.299631140536988,7.700368859463012,7.700368859463012,20.81180772827841
76,67.30680826465856,8.693191735341443,8.693191735341443,11.438410178080845
100,87.87548380287487,12.124516197125132,12.124516197125132,12.124516197125132
39,40.46163410530069,-1.4616341053006892,1.4616341053006892,3.747779757181254
98,96.02567888621579,1.9743211137842138,1.9743211137842138,2.014613381412463
77,71.99001576086596,5.009984239134042,5.009984239134042,6.506473037836417
77,75.75254836542625,1.2474516345737499,1.2474516345737499,1.6200670578879868
77,93.92373383155862,-16.92373383155862,16.92373383155862,21.978875105920288
99,90.58272297822293,8.417277021777068,8.417277021777068,8.502300021997037
77,77.08240297698904,-0.08240297698904442,0.08240297698904442,0.10701685323252523
77,89.27623735642081,-12.276237356420808,12.276237356420808,15.9431653979491
36,27.22421932049886,8.775780679501139,8.775780679501139,24.37716855416983
76,68.01499147792977,7.985008522070231,7.985008522070231,10.506590160618726
39,35.642172858690465,3.357827141309535,3.357827141309535,8.609813182844963
45,53.39740279356582,-8.397402793565817,8.397402793565817,18.660895096812926
95,84.09534070724949,10.904659292750509,10.904659292750509,11.478588729211062
45,46.9053598297657,-1.9053598297657004,1.9053598297657004,4.234132955034889
36,31.845854510203047,4.154145489796953,4.154145489796953,11.539293027213757
78,87.13336016080913,-9.133360160809133,9.133360160809133,11.709436103601451
37,44.8643591719689,-7.8643591719689,7.8643591719689,21.255024789105136
73,63.550101273525534,9.449898726474466,9.449898726474466,12.945066748595158
78,78.03815992315242,-0.03815992315242056,0.03815992315242056,0.048922978400539184
37,30.683949834041826,6.316050165958174,6.316050165958174,17.07040585394101
77,73.3145796416928,3.685420358307198,3.685420358307198,4.786260205593764
73,56.70677627938526,16.29322372061474,16.29322372061474,22.319484548787315
36,33.44999255030575,2.550007449694249,2.550007449694249,7.083354026928469
98,83.210646983422,14.789353016578005,14.789353016578005,15.091176547528576
76,69.27302896043301,6.72697103956699,6.72697103956699,8.851277683640776
78,76.00484850201059,1.9951514979894114,1.9951514979894114,2.5578865358838607
48,59.80720577246014,-11.807205772460136,11.807205772460136,24.59834535929195
77,87.26950067974776,-10.269500679747765,10.269500679747765,13.337013869802291
40,45.6054583872895,-5.605458387289502,5.605458387289502,14.013645968223756
75,67.60600839484894,7.393991605151058,7.393991605151058,9.858655473534744
77,83.10194764475919,-6.101947644759193,6.101947644759193,7.9246073308560945
77,70.27389132452954,6.726108675470456,6.726108675470456,8.735206072039555
49,48.74057146930653,0.2594285306934694,0.2594285306934694,0.5294459810070804
38,43.552004213312856,-5.5520042133128555,5.5520042133128555,14.610537403454881
100,102.74818922180098,-2.7481892218009847,2.7481892218009847,2.7481892218009847
100,91.0681998703214,8.931800129678606,8.931800129678606,8.931800129678606
100,101.22060223844994,-1.220602238449942,1.220602238449942,1.220602238449942
73,60.451437981946825,12.548562018053175,12.548562018053175,17.189810983634487
36,40.98581225607636,-4.985812256076358,4.985812256076358,13.849478489100994
77,79.46834853401762,-2.468348534017622,2.468348534017622,3.2056474467761324
74,74.99041170832915,-0.9904117083291482,0.9904117083291482,1.3383942004447948
43,47.916004343791215,-4.916004343791215,4.916004343791215,11.432568241374918
51,73.29658642499797,-22.29658642499797,22.29658642499797,43.71879691176072
77,77.64489429690786,-0.6448942969078644,0.6448942969078644,0.8375250609193043
76,68.96671694523695,7.0332830547630465,7.0332830547630465,9.254319808898744
77,67.82119549428371,9.178804505716286,9.178804505716286,11.920525332099073
38,42.02132611993377,-4.021326119933768,4.021326119933768,10.582437157720442
74,58.533591619079345,15.466408380920655,15.466408380920655,20.900551866108994
77,80.5592158257056,-3.559215825705607,3.559215825705607,4.622358215202087
98,85.50299849614032,12.497001503859678,12.497001503859678,12.752042350877224
37,42.05762343974179,-5.057623439741789,5.057623439741789,13.669252539842674
77,71.16886861778909,5.831131382210913,5.831131382210913,7.572897898975212
76,64.24807878608912,11.751921213910876,11.751921213910876,15.463054228830101
100,83.98992876464114,16.010071235358865,16.010071235358865,16.010071235358865
75,71.65882602550592,3.341173974494083,3.341173974494083,4.454898632658778
99,96.2278136676849,2.7721863323151013,2.7721863323151013,2.8001882144596983
75,70.94995882716051,4.050041172839485,4.050041172839485,5.400054897119314
50,63.465272750440114,-13.465272750440114,13.465272750440114,26.930545500880225
44,40.43632840650597,3.5636715934940284,3.5636715934940284,8.099253621577338
78,73.91459912925039,4.085400870749609,4.085400870749609,5.2376934240379605
42,53.92258955149538,-11.922589551495378,11.922589551495378,28.387117979750897
78,84.22371712305142,-6.223717123051415,6.223717123051415,7.979124516732583
33,30.437272367377403,2.5627276326225967,2.5627276326225967,7.7658413109775655
76,69.95199412144606,6.048005878553937,6.048005878553937,7.9579024717814955
74,68.77104563143598,5.228954368564018,5.228954368564018,7.066154552113538
51,63.737009572258714,-12.737009572258714,12.737009572258714,24.9745285730563
96,72.73064094899577,23.26935905100423,23.26935905100423,24.238915678129406
36,41.23627334077239,-5.236273340772392,5.236273340772392,14.545203724367756
100,96.83393333962682,3.1660666603731755,3.1660666603731755,3.1660666603731755
74,75.17513055797357,-1.1751305579735742,1.1751305579735742,1.5880142675318571
78,79.92491549354457,-1.9249154935445745,1.9249154935445745,2.467840376339198
75,80.18585525060925,-5.185855250609251,5.185855250609251,6.914473667479001
74,74.91035648646381,-0.9103564864638116,0.9103564864638116,1.2302114681943401
50,68.30835811220862,-18.308358112208623,18.308358112208623,36.616716224417246
75,60.32107018802495,14.678929811975053,14.678929811975053,19.571906415966737
75,66.98507322293979,8.01492677706021,8.01492677706021,10.686569036080282
80,85.75925954235859,-5.759259542358592,5.759259542358592,7.199074427948241
48,53.57241978155041,-5.572419781550408,5.572419781550408,11.609207878230016
51,66.88075837706806,-15.880758377068062,15.880758377068062,31.13874191581973
77,71.62625249391851,5.373747506081486,5.373747506081486,6.978892865040891
100,99.65273056978695,0.34726943021304635,0.34726943021304635,0.34726943021304635
49,59.79022200725408,-10.79022200725408,10.79022200725408,22.02086123929404
38,38.877439121366606,-0.8774391213666064,0.8774391213666064,2.3090503193858063
73,57.28059261950545,15.719407380494552,15.719407380494552,21.533434767800756
37,39.926983781556984,-2.9269837815569844,2.9269837815569844,7.910766977181039
50,63.244992573695214,-13.244992573695214,13.244992573695214,26.489985147390428
74,69.28370233999237,4.716297660007626,4.716297660007626,6.373375216226522
48,49.860152429093034,-1.8601524290930342,1.8601524290930342,3.875317560610488
100,93.84637604055253,6.153623959447472,6.153623959447472,6.153623959447472
45,52.299343859760356,-7.299343859760356,7.299343859760356,16.22076413280079
38,32.67468035555188,5.325319644448122,5.325319644448122,14.013999064337163
74,73.071889313739,0.9281106862609931,0.9281106862609931,1.254203630082423
80,90.11890073391795,-10.118900733917954,10.118900733917954,12.648625917397444
78,80.09866380508421,-2.0986638050842146,2.0986638050842146,2.6905946219028394
43,45.988698774703636,-2.9886987747036358,2.9886987747036358,6.950462266752641
98,100.38897697216876,-2.388976972168763,2.388976972168763,2.4377316042538397
77,80.57672736617396,-3.576727366173955,3.576727366173955,4.645100475550591
78,85.09707439327988,-7.0970743932798825,7.0970743932798825,9.0988133247178
75,82.26514568700901,-7.26514568700901,7.26514568700901,9.686860916012014
77,92.3237248721857,-15.323724872185693,15.323724872185693,19.90094139244895
51,62.90384877594187,-11.903848775941867,11.903848775941867,23.34087995282719
77,69.86706579184286,7.132934208157138,7.132934208157138,9.263550919684596
78,72.63362224387852,5.36637775612148,5.36637775612148,6.879971482207026
100,91.78642493686544,8.213575063134556,8.213575063134556,8.213575063134556
100,91.02460444342726,8.975395556572735,8.975395556572735,8.975395556572735
42,52.456421761139,-10.456421761138998,10.456421761138998,24.896242288426183
77,75.08155016456517,1.9184498354348278,1.9184498354348278,2.4914932927725038
74,58.33901640599643,15.660983594003568,15.660983594003568,21.163491343248065
76,68.87588696175357,7.124113038246435,7.124113038246435,9.373832945061098
78,81.34203046287584,-3.34203046287584,3.34203046287584,4.28465443958441
77,73.00438096709803,3.9956190329019705,3.9956190329019705,5.189115627145417
52,71.16795924977399,-19.167959249773986,19.167959249773986,36.86146009571921
48,54.1119600541285,-6.111960054128502,6.111960054128502,12.733250112767713
79,79.84767724009913,-0.8476772400991308,0.8476772400991308,1.073009164682444
76,82.08361241796956,-6.083612417969562,6.083612417969562,8.004753181538897
51,62.99287928403654,-11.99287928403654,11.99287928403654,23.515449576542235
77,71.68158755597953,5.318412444020467,5.318412444020467,6.907029148078528
100,94.81248153231394,5.187518467686061,5.187518467686061,5.187518467686061
80,89.11484135445366,-9.11484135445366,9.11484135445366,11.393551693067074
78,74.15110485631152,3.8488951436884804,3.8488951436884804,4.934480953446769
77,74.71576427029493,2.284235729705074,2.284235729705074,2.966539908707888
76,76.74890440476301,-0.7489044047630102,0.7489044047630102,0.9854005325829082
76,68.10055783479226,7.899442165207745,7.899442165207745,10.394002848957559
51,58.646914494921276,-7.646914494921276,7.646914494921276,14.993949990041719
100,97.5687295451718,2.4312704548281943,2.4312704548281943,2.4312704548281943
77,69.89205927110957,7.107940728890426,7.107940728890426,9.231091855701852
78,87.64082013682473,-9.640820136824729,9.640820136824729,12.360025816441961
46,56.33864681498971,-10.338646814989708,10.338646814989708,22.475319163021105
37,45.437263100118656,-8.437263100118656,8.437263100118656,22.803413784104475
100,94.38182660716791,5.618173392832091,5.618173392832091,5.618173392832091
97,96.61831989998397,0.3816801000160268,0.3816801000160268,0.3934846391917802
78,98.18633902151367,-20.186339021513675,20.186339021513675,25.87992182245343
46,59.559177896920666,-13.559177896920666,13.559177896920666,29.47647368895797
38,35.05890746832575,2.9410925316742507,2.9410925316742507,7.739717188616449
77,72.29232067649131,4.707679323508685,4.707679323508685,6.113869251309981
50,64.3578444094895,-14.357844409489502,14.357844409489502,28.715688818979
74,71.09528655103043,2.9047134489695736,2.9047134489695736,3.9252884445534777
50,64.46425447379565,-14.464254473795648,14.464254473795648,28.928508947591297
97,88.52841472918738,8.471585270812625,8.471585270812625,8.733593062693428
80,85.79398010666475,-5.793980106664748,5.793980106664748,7.2424751333309345
35,28.173643015336552,6.826356984663448,6.826356984663448,19.503877099038426
77,71.63780415190946,5.362195848090536,5.362195848090536,6.963890711805891
79,80.73571707944356,-1.7357170794435604,1.7357170794435604,2.1971102271437473
76,83.944194568612,-7.944194568612005,7.944194568612005,10.452887590278955
100,93.3760627781873,6.623937221812696,6.623937221812696,6.623937221812697
37,44.02969794996387,-7.029697949963868,7.029697949963868,18.999183648550993
75,76.94103028585245,-1.9410302858524489,1.9410302858524489,2.5880403811365986
47,50.3700617787557,-3.370061778755698,3.370061778755698,7.170344210118507
36,33.1172918056763,2.8827081943236976,2.8827081943236976,8.007522762010272
35,40.5108693975789,-5.510869397578901,5.510869397578901,15.745341135939716
97,113.85118128518425,-16.851181285184254,16.851181285184254,17.37235184039614
100,92.97699379084257,7.02300620915743,7.02300620915743,7.02300620915743
96,68.98893433446514,27.011065665534858,27.011065665534858,28.136526734932144
100,93.39484086686045,6.605159133139551,6.605159133139551,6.605159133139551
77,72.18619029620197,4.813809703798029,4.813809703798029,6.251700914023414
78,90.28448952857507,-12.284489528575065,12.284489528575065,15.749345549455212
51,57.35521131255972,-6.355211312559717,6.355211312559717,12.461198652077877
77,70.91614925280255,6.083850747197445,6.083850747197445,7.901104866490188
100,94.95822762532903,5.04177237467097,5.04177237467097,5.04177237467097
100,100.23060518430613,-0.2306051843061283,0.2306051843061283,0.2306051843061283
78,83.54787047023609,-5.5478704702360915,5.5478704702360915,7.1126544490206305
100,94.03719974314401,5.962800256855985,5.962800256855985,5.962800256855985
50,70.78722133265742,-20.787221332657424,20.787221332657424,41.57444266531485
49,59.43427303260201,-10.434273032602007,10.434273032602007,21.29443476041226
46,51.4115288716382,-5.411528871638197,5.411528871638197,11.764193199213471
77,71.47218354579513,5.527816454204867,5.527816454204867,7.178982408058269
77,84.48913859984582,-7.489138599845816,7.489138599845816,9.726154025773786
80,91.60429651033468,-11.604296510334677,11.604296510334677,14.505370637918347
77,76.06362502756669,0.9363749724333132,0.9363749724333132,1.2160713927705367
76,74.14178988684984,1.8582101131501645,1.8582101131501645,2.4450133067765325
79,81.15038342942809,-2.1503834294280892,2.1503834294280892,2.722004341048214
35,41.60830802682359,-6.608308026823593,6.608308026823593,18.880880076638835
50,69.12953038859187,-19.129530388591874,19.129530388591874,38.25906077718375
78,77.37394710307078,0.6260528969292238,0.6260528969292238,0.8026319191400306
77,72.61727159199192,4.382728408008077,4.382728408008077,5.691855075335165
77,71.75659289888834,5.243407101111657,5.243407101111657,6.809619611833321
100,101.00079523419605,-1.0007952341960475,1.0007952341960475,1.0007952341960475
75,76.52842577659013,-1.528425776590126,1.528425776590126,2.037901035453501
45,53.3492529190425,-8.349252919042499,8.349252919042499,18.553895375649997
43,57.609885780792055,-14.609885780792055,14.609885780792055,33.97647855998152
100,92.39953353870251,7.600466461297486,7.600466461297486,7.600466461297486
74,66.87244944742491,7.127550552575087,7.127550552575087,9.631825071047414
35,38.0803360835164,-3.0803360835164,3.0803360835164,8.800960238618286
77,70.71994209845052,6.280057901549483,6.280057901549483,8.155919352661666
78,72.69629484861936,5.30370515138064,5.30370515138064,6.799621988949539
47,62.39868535729159,-15.39868535729159,15.39868535729159,32.76316033466296
95,68.51236113268925,26.48763886731075,26.48763886731075,27.881725123485
78,84.92582128995048,-6.925821289950477,6.925821289950477,8.879258064039073
76,64.03740547475711,11.962594525242892,11.962594525242892,15.740255954266964
99,93.30928628740017,5.69071371259983,5.69071371259983,5.748195669292758
51,67.56160766671222,-16.56160766671222,16.56160766671222,32.47374052296514
99,88.72154037530215,10.278459624697845,10.278459624697845,10.382282449189743
79,85.24848075138371,-6.24848075138371,6.24848075138371,7.909469305548999
100,93.51375125291764,6.486248747082357,6.486248747082357,6.486248747082357
77,74.901855244428,2.098144755571994,2.098144755571994,2.7248633189246676
75,74.460783629631,0.5392163703690045,0.5392163703690045,0.718955160492006
77,68.50026196814326,8.499738031856737,8.499738031856737,11.038620820593165
74,64.47752488760824,9.52247511239176,9.52247511239176,12.868209611340218
77,74.37115613259601,2.6288438674039867,2.6288438674039867,3.4140829446805023
78,89.86945710525178,-11.869457105251783,11.869457105251783,15.217252699040747
78,80.85228284437109,-2.8522828443710893,2.8522828443710893,3.6567728773988324
52,64.71448973685955,-12.714489736859548,12.714489736859548,24.450941801652977
100,95.273979441895,4.726020558105006,4.726020558105006,4.726020558105006
74,56.19147619284776,17.80852380715224,17.80852380715224,24.065572712367896
73,85.5186862572999,-12.518686257299905,12.518686257299905,17.148885283972472
98,98.8687383525176,-0.868738352517596,0.868738352517596,0.8864677066506081
100,83.67424780302387,16.325752196976126,16.325752196976126,16.325752196976126
75,73.86165092131718,1.1383490786828219,1.1383490786828219,1.5177987715770958
74,72.81196590900142,1.1880340909985847,1.1880340909985847,1.6054514743224118
77,71.19139217148717,5.808607828512834,5.808607828512834,7.543646530536148
100,95.43910259029917,4.560897409700829,4.560897409700829,4.560897409700829
100,94.48296205499157,5.5170379450084255,5.5170379450084255,5.5170379450084255
46,72.254912708883,-26.254912708882998,26.254912708882998,57.07589719322391
100,97.24671783318344,2.753282166816561,2.753282166816561,2.753282166816561
48,77.15206333389767,-29.152063333897672,29.152063333897672,60.73346527895348
52,63.19285026244056,-11.192850262440558,11.192850262440558,21.52471204315492
49,60.32953801788268,-11.329538017882683,11.329538017882683,23.121506158944253
76,70.56869172483079,5.431308275169215,5.431308275169215,7.146458256801598
53,71.38821792115763,-18.388217921157633,18.388217921157633,34.694750794637045
76,66.6361495094518,9.363850490548202,9.363850490548202,12.320855908616055
100,92.2786805370153,7.721319462984695,7.721319462984695,7.721319462984695
77,89.08059031753002,-12.080590317530024,12.080590317530024,15.689078334454576
77,69.37798006135309,7.622019938646915,7.622019938646915,9.898727193047941
52,72.21829577825412,-20.218295778254117,20.218295778254117,38.881338035104065
75,81.08134923861182,-6.081349238611821,6.081349238611821,8.108465651482428
38,42.975952897758354,-4.975952897758354,4.975952897758354,13.094612888837776
44,42.1599330917107,1.8400669082893018,1.8400669082893018,4.18197024611205
74,70.41837330712517,3.581626692874835,3.581626692874835,4.84003607145248
77,82.98839305385557,-5.9883930538555745,5.9883930538555745,7.777133836176072
100,96.74881406979107,3.2511859302089334,3.2511859302089334,3.251185930208934
100,99.32552677935496,0.6744732206450408,0.6744732206450408,0.6744732206450408
79,86.897978242891,-7.897978242891,7.897978242891,9.997440813786076
41,51.81395430200021,-10.813954302000212,10.813954302000212,26.375498297561496
44,44.34595790963607,-0.34595790963606987,0.34595790963606987,0.7862679764456133
76,69.68133128936833,6.31866871063167,6.31866871063167,8.314037777146934
76,68.44980903371052,7.5501909662894775,7.5501909662894775,9.934461797749313
75,67.72287346856648,7.277126531433524,7.277126531433524,9.7028353752447
100,94.80075320491343,5.199246795086566,5.199246795086566,5.199246795086566
100,90.73912611366741,9.26087388633259,9.26087388633259,9.26087388633259
76,68.60928029860425,7.390719701395753,7.390719701395753,9.724631186047043
48,65.71757872300314,-17.717578723003143,17.717578723003143,36.91162233958988
100,97.3792275102097,2.6207724897902978,2.6207724897902978,2.6207724897902978
76,87.52243349886618,-11.522433498866178,11.522433498866178,15.161096709034444
100,94.1756863752437,5.8243136247563,5.8243136247563,5.8243136247563
80,83.96273886261956,-3.9627388626195597,3.9627388626195597,4.95342357827445
100,97.94796952230246,2.052030477697542,2.052030477697542,2.052030477697542
74,66.87245509895166,7.1275449010483385,7.1275449010483385,9.631817433849106
96,75.4618638319628,20.538136168037198,20.538136168037198,21.393891841705415
77,84.03462252032757,-7.034622520327574,7.034622520327574,9.135873403022824
76,68.35626366319988,7.643736336800117,7.643736336800117,10.0575478115791
44,54.459164666203336,-10.459164666203336,10.459164666203336,23.770828786825764
77,75.20700371316876,1.7929962868312401,1.7929962868312401,2.328566606274338
77,82.53994748277375,-5.539947482773755,5.539947482773755,7.194736990615266
77,69.9816872266493,7.018312773350701,7.018312773350701,9.114691913442469
76,62.65906004349367,13.340939956506332,13.340939956506332,17.553868363824122
71,52.90115368384011,18.098846316159893,18.098846316159893,25.491332839661823
99,81.70594126094281,17.294058739057192,17.294058739057192,17.46874620106787
51,65.79638401484715,-14.796384014847149,14.796384014847149,29.01251767617088
77,78.0550260904455,-1.0550260904454944,1.0550260904454944,1.3701637538253173
54,72.36708849248552,-18.36708849248552,18.36708849248552,34.013126837936156
100,95.65809169566958,4.341908304330417,4.341908304330417,4.341908304330417
43,43.684083630107516,-0.6840836301075157,0.6840836301075157,1.5908921630407344
73,62.86458663562148,10.135413364378522,10.135413364378522,13.884127896408934
79,92.80367034506693,-13.803670345066934,13.803670345066934,17.473000436793587
100,98.8665766935222,1.1334233064777948,1.1334233064777948,1.1334233064777948
75,85.25034763139897,-10.250347631398967,10.250347631398967,13.667130175198622
76,67.14798294140454,8.852017058595465,8.852017058595465,11.647390866572978
77,72.18092228847944,4.819077711520563,4.819077711520563,6.258542482494238
48,55.1167400616511,-7.1167400616511,7.1167400616511,14.82654179510646
50,73.37248097623873,-23.372480976238734,23.372480976238734,46.74496195247747
40,40.54428681617757,-0.5442868161775678,0.5442868161775678,1.3607170404439195
100,92.64219626693415,7.35780373306585,7.35780373306585,7.35780373306585
79,98.33567810637545,-19.335678106375454,19.335678106375454,24.47554190680437
76,70.86473809822718,5.135261901772822,5.135261901772822,6.7569235549642395
76,82.03282033172593,-6.0328203317259295,6.0328203317259295,7.937921489113064
100,86.8689586929006,13.131041307099395,13.131041307099395,13.131041307099395
100,95.10726863604305,4.892731363956955,4.892731363956955,4.892731363956955
36,36.742251014389105,-0.7422510143891046,0.7422510143891046,2.0618083733030685
100,95.60973842511994,4.390261574880057,4.390261574880057,4.390261574880057
77,70.47452776652743,6.52547223347257,6.52547223347257,8.47463926425009
78,83.42427912924153,-5.424279129241526,5.424279129241526,6.95420401184811
78,76.65620418789375,1.3437958121062508,1.3437958121062508,1.7228151437259625
76,75.11899056735938,0.8810094326406244,0.8810094326406244,1.159222937685032
98,85.80123108908091,12.198768910919085,12.198768910919085,12.447723378488861
100,97.46175949813299,2.5382405018670084,2.5382405018670084,2.5382405018670084
80,86.74190063154484,-6.741900631544837,6.741900631544837,8.427375789431046
75,82.10913377070653,-7.109133770706535,7.109133770706535,9.478845027608713
49,61.92834986091657,-12.928349860916569,12.928349860916569,26.384387471258304
100,92.93413726099658,7.065862739003421,7.065862739003421,7.065862739003421
100,89.72327619121768,10.276723808782322,10.276723808782322,10.276723808782322
48,58.95147702928602,-10.951477029286018,10.951477029286018,22.81557714434587
100,100.68505501903422,-0.6850550190342233,0.6850550190342233,0.6850550190342233
98,94.85974094130573,3.1402590586942694,3.1402590586942694,3.2043459782594583
47,54.05785936243774,-7.057859362437739,7.057859362437739,15.016722047739869
77,83.8587011398782,-6.858701139878207,6.858701139878207,8.907404077763905
98,89.08513355403898,8.914866445961025,8.914866445961025,9.096802495878595
34,35.4096391399819,-1.4096391399818984,1.4096391399818984,4.145997470534995
76,73.6383849424788,2.361615057521206,2.361615057521206,3.1073882335805343
52,74.77575484417086,-22.775754844170862,22.775754844170862,43.79952854648243
45,45.403657184329425,-0.40365718432942543,0.40365718432942543,0.8970159651765011
50,62.21944051452555,-12.219440514525552,12.219440514525552,24.438881029051103
100,89.23342135771387,10.766578642286134,10.766578642286134,10.766578642286134
100,95.31066533251986,4.689334667480139,4.689334667480139,4.689334667480139
77,72.68978493342765,4.310215066572354,4.310215066572354,5.597681904639421
37,30.09934339095841,6.90065660904159,6.90065660904159,18.650423267679976
44,49.760750942259364,-5.760750942259364,5.760750942259364,13.092615777862191
41,47.49067571493507,-6.4906757149350724,6.4906757149350724,15.83091637789042
71,70.93776427267558,0.06223572732442051,0.06223572732442051,0.08765595397805706
75,68.94742347067293,6.0525765293270695,6.0525765293270695,8.07010203910276
41,50.601888967362946,-9.601888967362946,9.601888967362946,23.419241383812064
39,36.721573810224896,2.2784261897751037,2.2784261897751037,5.842118435320779
100,91.97090130846442,8.02909869153558,8.02909869153558,8.02909869153558
96,90.20127784594891,5.798722154051092,5.798722154051092,6.040335577136554
76,78.3794017492001,-2.379401749200099,2.379401749200099,3.1307917752632886
75,69.2729185955099,5.727081404490093,5.727081404490093,7.636108539320125
98,83.52738322192224,14.472616778077764,14.472616778077764,14.767976304160985
46,77.10005617244951,-31.100056172449513,31.100056172449513,67.60881776619459
100,93.44669954719795,6.553300452802048,6.553300452802048,6.553300452802048
75,65.79024244312198,9.209757556878017,9.209757556878017,12.279676742504023
72,88.80797819478529,-16.807978194785292,16.807978194785292,23.34441415942402
100,96.08459645955017,3.91540354044983,3.91540354044983,3.91540354044983
98,83.88954673574192,14.110453264258084,14.110453264258084,14.398421698222535
78,75.63385862874166,2.366141371258337,2.366141371258337,3.0335145785363293
75,69.77677267698748,5.223227323012523,5.223227323012523,6.96430309735003
74,63.12992305019981,10.870076949800193,10.870076949800193,14.689293175405666
35,39.09620307256317,-4.096203072563171,4.096203072563171,11.703437350180486
53,78.05421430349634,-25.054214303496337,25.054214303496337,47.27210245942705
98,93.50300897916796,4.496991020832041,4.496991020832041,4.588766347787797
38,34.0339418151373,3.9660581848627032,3.9660581848627032,10.436995223322903
73,66.19211118096906,6.807888819030936,6.807888819030936,9.325875094562926
77,78.962701709497,-1.9627017094969972,1.9627017094969972,2.5489632590870093
75,78.32004284490614,-3.3200428449061405,3.3200428449061405,4.426723793208187
77,77.68977711941336,-0.689777119413364,0.689777119413364,0.8958144407965765
51,70.73640570863382,-19.736405708633825,19.736405708633825,38.69883472281142
51,65.05864934940485,-14.058649349404845,14.058649349404845,27.565979116480086
79,95.16043292321227,-16.16043292321227,16.16043292321227,20.45624420659781
100,92.37033685459846,7.629663145401537,7.629663145401537,7.629663145401537
38,45.48632457710477,-7.486324577104767,7.486324577104767,19.700854150275703
98,88.08664173299402,9.913358267005975,9.913358267005975,10.115671701026505
78,82.10649272065709,-4.106492720657087,4.106492720657087,5.264734257252676
46,48.739064549930376,-2.739064549930376,2.739064549930376,5.954488152022557
36,38.64462417649328,-2.6446241764932807,2.6446241764932807,7.346178268036891
52,71.73058356443823,-19.730583564438234,19.730583564438234,37.94342993161199
78,88.20172025751123,-10.201720257511226,10.201720257511226,13.079128535270804
76,69.28229193085832,6.717708069141679,6.717708069141679,8.839089564660103
76,78.58180560119926,-2.581805601199264,2.581805601199264,3.3971126331569264
78,84.63472289125117,-6.634722891251172,6.634722891251172,8.506054988783553
53,74.91797360742382,-21.917973607423818,21.917973607423818,41.35466718381852
98,90.95679244290268,7.043207557097318,7.043207557097318,7.186946486833998
78,73.93980353563629,4.060196464363713,4.060196464363713,5.205380082517581
78,69.66244753455031,8.33755246544969,8.33755246544969,10.689169827499603
77,73.57475080340612,3.4252491965938816,3.4252491965938816,4.448375579992054
42,43.309059783475234,-1.3090597834752344,1.3090597834752344,3.1168090082743674
38,34.35528022432045,3.6447197756795475,3.6447197756795475,9.591367830735651
100,100.40876452444897,-0.40876452444896927,0.40876452444896927,0.4087645244489692
52,62.62331546335052,-10.623315463350522,10.623315463350522,20.429452814135622
77,91.68105349768646,-14.681053497686463,14.681053497686463,19.066303243748653
73,73.13158499035707,-0.1315849903570694,0.1315849903570694,0.18025341144804025
74,60.70197543701016,13.298024562989838,13.298024562989838,17.970303463499782
36,28.716995160919637,7.283004839080363,7.283004839080363,20.230568997445452
35,37.18209411591474,-2.1820941159147367,2.1820941159147367,6.234554616899247
80,93.0852599422194,-13.085259942219395,13.085259942219395,16.356574927774243
100,94.21440307304306,5.785596926956941,5.785596926956941,5.785596926956941
100,87.91650704383815,12.083492956161848,12.083492956161848,12.083492956161848
47,53.880898409338556,-6.880898409338556,6.880898409338556,14.640209381571395
100,88.61294050043315,11.387059499566845,11.387059499566845,11.387059499566845
76,79.90595701797673,-3.905957017976732,3.905957017976732,5.139417128916753
98,86.50368555463919,11.49631444536081,11.49631444536081,11.73093310751103
100,86.59059046971296,13.409409530287036,13.409409530287036,13.409409530287036
44,45.48490050218667,-1.4849005021866688,1.4849005021866688,3.374773868606065
73,75.82953745729888,-2.8295374572988834,2.8295374572988834,3.8760787086286075
97,83.77310683636986,13.226893163630137,13.226893163630137,13.635972333639318
76,63.63135358333981,12.36864641666019,12.36864641666019,16.27453475876341
73,63.81132547553404,9.18867452446596,9.18867452446596,12.587225375980765
51,79.90023447923078,-28.900234479230775,28.900234479230775,56.66712642986427
37,39.67880706349494,-2.6788070634949435,2.6788070634949435,7.240019090526874
44,66.40513672831037,-22.405136728310367,22.405136728310367,50.920765291614465
76,68.01116167180777,7.98883832819223,7.98883832819223,10.511629379200302
36,35.779879700773435,0.22012029922656495,0.22012029922656495,0.611445275629347
77,71.70642857269576,5.293571427304244,5.293571427304244,6.874768087408109
36,31.455304612436805,4.544695387563195,4.544695387563195,12.624153854342207
75,71.46824621247266,3.531753787527336,3.531753787527336,4.709005050036448
76,83.09281164809163,-7.092811648091626,7.092811648091626,9.332646905383719
77,72.78910149895292,4.210898501047083,4.210898501047083,5.468699352009199
100,87.83041628038272,12.169583719617279,12.169583719617279,12.169583719617279
49,66.79188746591903,-17.791887465919032,17.791887465919032,36.30997442024292
79,89.33572497867974,-10.335724978679735,10.335724978679735,13.083196175543968
81,101.40821200337885,-20.40821200337885,20.40821200337885,25.195323460961543
77,70.35090496686254,6.649095033137456,6.649095033137456,8.635188354723969
77,67.74335575937849,9.256644240621512,9.256644240621512,12.021615896911054
73,67.57617276199916,5.42382723800084,5.42382723800084,7.429900326028547
47,61.57674755460851,-14.57674755460851,14.57674755460851,31.01435649916704
77,74.13293725333253,2.8670627466674716,2.8670627466674716,3.723458112555158
100,93.40678908498681,6.593210915013188,6.593210915013188,6.593210915013188
75,67.25020965269039,7.749790347309613,7.749790347309613,10.333053796412818
100,90.35644243872481,9.643557561275188,9.643557561275188,9.643557561275188
98,80.22366269131206,17.776337308687943,17.776337308687943,18.139119702742796
75,74.15892931565013,0.841070684349873,0.841070684349873,1.121427579133164
44,45.75245905849694,-1.7524590584969388,1.7524590584969388,3.982861496583952
76,79.10187397701485,-3.101873977014847,3.101873977014847,4.081413127651114
78,89.54226155716313,-11.54226155716313,11.54226155716313,14.797771227132216
76,72.93732846946364,3.062671530536363,3.062671530536363,4.029830961232057
80,88.3564867977797,-8.356486797779695,8.356486797779695,10.445608497224619
75,61.17899320005405,13.821006799945948,13.821006799945948,18.428009066594598
76,80.48350619689509,-4.483506196895092,4.483506196895092,5.899350259072491
37,44.72913163010842,-7.729131630108419,7.729131630108419,20.88954494623897
75,68.65497156388369,6.3450284361163085,6.3450284361163085,8.460037914821743
36,38.944249712441746,-2.9442497124417457,2.9442497124417457,8.178471423449293
50,58.72290479138212,-8.72290479138212,8.72290479138212,17.44580958276424
73,71.22302959834228,1.7769704016577208,1.7769704016577208,2.4342060296681107
100,101.69972950986285,-1.6997295098628484,1.6997295098628484,1.6997295098628482
100,93.71501704450567,6.284982955494328,6.284982955494328,6.284982955494328
52,76.52852902519786,-24.528529025197855,24.528529025197855,47.170248125380496
48,58.509751337367874,-10.509751337367874,10.509751337367874,21.89531528618307
80,92.07844199108035,-12.078441991080354,12.078441991080354,15.098052488850442
77,78.06487750065686,-1.0648775006568627,1.0648775006568627,1.3829577930608608
35,38.31326257126821,-3.3132625712682113,3.3132625712682113,9.466464489337746
76,67.68499578942253,8.31500421057747,8.31500421057747,10.940795013917723
74,75.52439834066439,-1.5243983406643906,1.5243983406643906,2.059997757654582
50,61.99702581889098,-11.997025818890982,11.997025818890982,23.994051637781965
48,51.018290718493375,-3.0182907184933754,3.0182907184933754,6.288105663527865
76,78.43915621197678,-2.43915621197678,2.43915621197678,3.2094160683905
76,69.15918745276626,6.840812547233739,6.840812547233739,9.001069141097025
46,51.36738358181816,-5.36738358181816,5.36738358181816,11.668225177865565
77,68.66833957233642,8.331660427663579,8.331660427663579,10.820338217744908
47,62.218921716634114,-15.218921716634114,15.218921716634114,32.380684503476836
75,75.65037018415889,-0.6503701841588878,0.6503701841588878,0.8671602455451838
100,98.45886556202784,1.5411344379721612,1.5411344379721612,1.5411344379721612
75,72.78180662812609,2.218193371873909,2.218193371873909,2.957591162498545
41,49.125930775109225,-8.125930775109225,8.125930775109225,19.81934335392494
78,74.78989366008874,3.2101063399112633,3.2101063399112633,4.115520948604184
75,76.70297709257592,-1.702977092575921,1.702977092575921,2.270636123434561
76,77.68895021639118,-1.6889502163911772,1.6889502163911772,2.2223029163041805
49,57.01470949209234,-8.014709492092337,8.014709492092337,16.35654998386191
76,69.94061355808483,6.059386441915166,6.059386441915166,7.972876897256798
38,37.33611937835619,0.6638806216438127,0.6638806216438127,1.7470542674837175
97,79.0007071412181,17.9992928587819,17.9992928587819,18.55597201936278
73,66.56163816697192,6.4383618330280825,6.4383618330280825,8.819673743874086
77,70.72464627246556,6.275353727534437,6.275353727534437,8.149810035759009
76,65.42879060137577,10.571209398624234,10.571209398624234,13.909486050821359
73,74.57242799449486,-1.5724279944948591,1.5724279944948591,2.154010951362821
45,64.83101643891841,-19.83101643891841,19.83101643891841,44.06892541981869
48,56.31489917491566,-8.31489917491566,8.31489917491566,17.322706614407622
100,99.02375261778435,0.9762473822156466,0.9762473822156466,0.9762473822156466
37,36.970637508507224,0.029362491492776144,0.029362491492776144,0.0793580851156112
79,78.38920436787038,0.6107956321296228,0.6107956321296228,0.7731590280121808
74,63.54946567427866,10.450534325721343,10.450534325721343,14.122343683407221
44,48.512578241682505,-4.512578241682505,4.512578241682505,10.255859640187511
75,75.4150152023565,-0.4150152023564999,0.4150152023564999,0.5533536031419999
76,70.33188016887762,5.668119831122382,5.668119831122382,7.458052409371556
50,75.73412522994715,-25.734125229947153,25.734125229947153,51.46825045989431
75,75.94186198488609,-0.9418619848860885,0.9418619848860885,1.2558159798481179
100,90.57020176771434,9.429798232285663,9.429798232285663,9.429798232285663
77,84.15779827318985,-7.157798273189854,7.157798273189854,9.295841913233577
40,43.157016750429946,-3.1570167504299462,3.1570167504299462,7.892541876074866
76,70.5587373266279,5.441262673372094,5.441262673372094,7.159556149173809
76,67.22653524790348,8.773464752096515,8.773464752096515,11.544032568548046
76,78.85132572381377,-2.8513257238137726,2.8513257238137726,3.7517443734391747
76,78.26989646194369,-2.269896461943688,2.269896461943688,2.9867058709785366
48,52.14247213248112,-4.142472132481117,4.142472132481117,8.630150276002329
100,92.97780635810722,7.022193641892784,7.022193641892784,7.022193641892784
78,82.6856803979452,-4.685680397945205,4.685680397945205,6.007282561468212
74,77.12300268085147,-3.123002680851471,3.123002680851471,4.2202738930425285
74,64.78437565368183,9.215624346318165,9.215624346318165,12.453546413943467
78,84.11529004414557,-6.115290044145567,6.115290044145567,7.840115441212266
77,70.81002655731115,6.189973442688853,6.189973442688853,8.038926548946563
40,38.75987465944869,1.2401253405513089,1.2401253405513089,3.100313351378272
40,51.52251486819398,-11.52251486819398,11.52251486819398,28.80628717048495
100,91.15778547515495,8.842214524845048,8.842214524845048,8.842214524845048
77,70.6967552629997,6.303244737000298,6.303244737000298,8.186032125974412
75,78.26050014123251,-3.2605001412325123,3.2605001412325123,4.34733352164335
46,47.380082364858595,-1.3800823648585947,1.3800823648585947,3.0001790540404234
76,75.61722194525414,0.3827780547458559,0.3827780547458559,0.5036553351919157
38,32.958100960527766,5.041899039472234,5.041899039472234,13.268155367032195
49,46.53010278485365,2.4698972151463465,2.4698972151463465,5.040606561523156
49,56.41681254511775,-7.41681254511775,7.41681254511775,15.136352132893368
77,74.1340874794371,2.865912520562901,2.865912520562901,3.721964312419352
52,67.02775862636277,-15.027758626362768,15.027758626362768,28.899535819928403
77,79.49791814938209,-2.4979181493820874,2.4979181493820874,3.244049544652062
40,35.7040356077641,4.295964392235902,4.295964392235902,10.739910980589755
75,69.7564835108979,5.243516489102106,5.243516489102106,6.991355318802809
45,45.694436652305136,-0.6944366523051357,0.6944366523051357,1.5431925606780794
77,81.88930952819472,-4.889309528194715,4.889309528194715,6.349752634019111
78,85.90884658681924,-7.908846586819237,7.908846586819237,10.13954690617851
40,40.614598787285786,-0.6145987872857859,0.6145987872857859,1.5364969682144647
45,57.688223902640495,-12.688223902640495,12.688223902640495,28.196053116978874
37,26.828270156439828,10.171729843560172,10.171729843560172,27.491161739351817
51,66.6087959193895,-15.608795919389493,15.608795919389493,30.60548219488136
75,65.26887774626103,9.731122253738974,9.731122253738974,12.974829671651966
75,68.58241515920054,6.417584840799464,6.417584840799464,8.55677978773262
75,67.66692948147437,7.333070518525631,7.333070518525631,9.777427358034174
100,96.75280072653311,3.24719927346689,3.24719927346689,3.24719927346689
100,92.35068287648014,7.6493171235198645,7.6493171235198645,7.649317123519865
45,50.62235368964235,-5.6223536896423525,5.6223536896423525,12.49411931031634
78,74.69899331626318,3.3010066837368157,3.3010066837368157,4.232059850944635
79,80.4954325108635,-1.4954325108634947,1.4954325108634947,1.892952545396829
51,71.95618673828162,-20.956186738281616,20.956186738281616,41.090562231924736
39,46.40170067698562,-7.4017006769856195,7.4017006769856195,18.97871968457851
39,42.71616053343157,-3.7161605334315695,3.7161605334315695,9.52861675238864
98,91.53400946972731,6.465990530272691,6.465990530272691,6.597949520686419
48,65.73860292333326,-17.73860292333326,17.73860292333326,36.955422756944294
79,79.41115393521353,-0.4111539352135338,0.4111539352135338,0.5204480192576377
51,75.52347174444232,-24.52347174444232,24.52347174444232,48.08523871459278
51,67.4504290000528,-16.450429000052793,16.450429000052793,32.255743137358415
39,38.059010284301685,0.9409897156983149,0.9409897156983149,2.412794142816192
100,93.13809122908486,6.861908770915136,6.861908770915136,6.861908770915136
77,86.53369642953714,-9.533696429537144,9.533696429537144,12.381423934463823
100,86.52834564535335,13.471654354646645,13.471654354646645,13.471654354646645
45,45.73384489775101,-0.7338448977510126,0.7338448977510126,1.6307664394466945
78,106.93120608962732,-28.931206089627324,28.931206089627324,37.091289858496566
78,73.15944491025473,4.840555089745266,4.840555089745266,6.205839858647776
51,66.3764907053204,-15.376490705320407,15.376490705320407,30.149981775138052
97,85.17259650959784,11.827403490402162,11.827403490402162,12.193199474641405
78,81.2221820254003,-3.2221820254003006,3.2221820254003006,4.131002596667052
51,63.49581216852075,-12.49581216852075,12.49581216852075,24.50159248729559
75,84.85439512211696,-9.854395122116955,9.854395122116955,13.13919349615594
50,75.00348370626588,-25.003483706265882,25.003483706265882,50.006967412531765
75,63.146501150993565,11.853498849006435,11.853498849006435,15.80466513200858
77,68.22331222611078,8.776687773889222,8.776687773889222,11.398295810245743
73,55.29967833801254,17.70032166198746,17.70032166198746,24.247015975325287
36,29.062434280417875,6.937565719582125,6.937565719582125,19.271015887728122
75,65.25150122682135,9.748498773178653,9.748498773178653,12.997998364238203
99,90.11950463819969,8.880495361800314,8.880495361800314,8.970197335151832
47,64.19418712342915,-17.194187123429145,17.194187123429145,36.583376858359884
80,92.16367003174685,-12.163670031746847,12.163670031746847,15.204587539683558
40,45.94235313588844,-5.942353135888439,5.942353135888439,14.855882839721096
75,67.40306128953101,7.59693871046899,7.59693871046899,10.129251613958653
100,91.59283820142022,8.407161798579779,8.407161798579779,8.407161798579779
100,96.0334288903473,3.9665711096527048,3.9665711096527048,3.9665711096527048
36,45.338474540401585,-9.338474540401585,9.338474540401585,25.940207056671067
76,81.0733738758728,-5.073373875872804,5.073373875872804,6.6754919419379
76,80.04213383843505,-4.042133838435049,4.042133838435049,5.318597155835591
100,95.10867645205445,4.891323547945547,4.891323547945547,4.891323547945547
77,79.87777939090961,-2.877779390909609,2.877779390909609,3.7373758323501414
76,66.89703123055034,9.10296876944966,9.10296876944966,11.977590486117974
76,65.19600430048723,10.803995699512768,10.803995699512768,14.215783815148377
36,42.62202239826655,-6.622022398266552,6.622022398266552,18.39450666185153
51,71.85767801346339,-20.857678013463385,20.857678013463385,40.89740786953605
35,30.541125706311057,4.458874293688943,4.458874293688943,12.739640839111265
99,104.1094947477354,-5.109494747735397,5.109494747735397,5.161105805793331
76,67.38830237578283,8.611697624217172,8.611697624217172,11.331181084496277
45,46.336329658316856,-1.3363296583168562,1.3363296583168562,2.969621462926347
39,49.776817298339125,-10.776817298339125,10.776817298339125,27.632864867536217
78,77.75685079406736,0.24314920593263878,0.24314920593263878,0.31172975119569074
74,67.62665766474178,6.373342335258215,6.373342335258215,8.612624777375967
74,63.71129260866914,10.28870739133086,10.28870739133086,13.903658636933594
37,36.53232573535881,0.46767426464118955,0.46767426464118955,1.263984499030242
100,95.95807362982143,4.041926370178572,4.041926370178572,4.041926370178572
77,82.78840037201368,-5.788400372013683,5.788400372013683,7.5174030805372505
75,78.74248890800419,-3.7424889080041908,3.7424889080041908,4.989985210672254
47,49.30684506802999,-2.3068450680299932,2.3068450680299932,4.908180995808496
77,69.78486557949718,7.215134420502821,7.215134420502821,9.370304442211456
76,71.2006917917439,4.799308208256093,4.799308208256093,6.314879221389597
38,43.650935920973744,-5.650935920973744,5.650935920973744,14.870884002562484
100,94.82309705907701,5.176902940922986,5.176902940922986,5.176902940922986
97,101.14031250922143,-4.140312509221431,4.140312509221431,4.268363411568486
78,81.38408617246704,-3.384086172467036,3.384086172467036,4.338572015983379
78,84.10478858638919,-6.104788586389191,6.104788586389191,7.826652033832296
38,40.26773492224208,-2.2677349222420773,2.2677349222420773,5.967723479584413
46,46.1758649327752,-0.1758649327751982,0.1758649327751982,0.3823150712504309
51,67.07241987531398,-16.072419875313983,16.072419875313983,31.514548775125455
100,95.26443603397774,4.735563966022255,4.735563966022255,4.735563966022255
77,78.87819880981235,-1.8781988098123463,1.8781988098123463,2.439219233522528
54,66.7892956946834,-12.789295694683403,12.789295694683403,23.683880916080376
98,98.38887533951612,-0.38887533951611886,0.38887533951611886,0.39681157093481517
43,41.959594884085575,1.0404051159144245,1.0404051159144245,2.419546781196336
100,98.03541844389126,1.9645815561087403,1.9645815561087403,1.9645815561087403
44,63.54437404989431,-19.54437404989431,19.54437404989431,44.419031931577976
95,84.43913141114487,10.56086858885513,10.56086858885513,11.116703777742241
75,81.15169934167638,-6.151699341676377,6.151699341676377,8.202265788901835
77,76.29126674192841,0.7087332580715895,0.7087332580715895,0.920432802690376
100,87.31492004912666,12.685079950873345,12.685079950873345,12.685079950873346
74,70.50193970376728,3.4980602962327225,3.4980602962327225,4.727108508422598
77,79.45142255199869,-2.4514225519986894,2.4514225519986894,3.1836656519463498
74,64.55163656597026,9.448363434029744,9.448363434029744,12.76805869463479
47,52.258193456225996,-5.258193456225996,5.258193456225996,11.187645651544672
100,95.4616469015092,4.538353098490802,4.538353098490802,4.538353098490802
77,72.70903287048772,4.290967129512282,4.290967129512282,5.572684583782184
79,87.19552775545819,-8.195527755458187,8.195527755458187,10.374085766402768
77,75.99593887012537,1.0040611298746285,1.0040611298746285,1.3039754933436734
76,61.854331178608355,14.145668821391645,14.145668821391645,18.61272213341006
51,63.88309273418545,-12.883092734185453,12.883092734185453,25.260966145461673
74,52.92790401436513,21.072095985634867,21.072095985634867,28.475805385993063
46,48.46314286999656,-2.4631428699965596,2.4631428699965596,5.354658413036
72,77.16934914624353,-5.169349146243533,5.169349146243533,7.179651592004907
51,70.94607015231983,-19.946070152319834,19.946070152319834,39.10994147513693
36,43.981742749301105,-7.981742749301105,7.981742749301105,22.171507636947517
77,81.37106887663037,-4.371068876630375,4.371068876630375,5.676712826792694
100,98.54801201652876,1.4519879834712413,1.4519879834712413,1.4519879834712413
45,51.06523549359509,-6.06523549359509,6.06523549359509,13.478301096877976
77,69.8050534493512,7.194946550648794,7.194946550648794,9.344086429414018
50,68.32704337671674,-18.327043376716745,18.327043376716745,36.65408675343349
99,86.1624285170526,12.837571482947396,12.837571482947396,12.967243922169086
76,80.30664726025763,-4.306647260257634,4.306647260257634,5.66664113191794
40,38.972897446998196,1.0271025530018036,1.0271025530018036,2.567756382504509
97,74.28302436908508,22.716975630914916,22.716975630914916,23.41956250609785
52,70.70094349825567,-18.70094349825567,18.70094349825567,35.9633528812609
79,88.11235557775731,-9.112355577757313,9.112355577757313,11.534627313616852
77,89.15690161407491,-12.156901614074911,12.156901614074911,15.788183914383003
79,77.10017642670046,1.8998235732995425,1.8998235732995425,2.4048399662019526
80,90.31397712739002,-10.313977127390018,10.313977127390018,12.89247140923752
52,72.34974469677557,-20.349744696775574,20.349744696775574,39.134124416876105
99,91.51686921617566,7.483130783824336,7.483130783824336,7.558717963458926
78,84.94706035697719,-6.94706035697719,6.94706035697719,8.906487637150242
77,96.4913927429102,-19.491392742910193,19.491392742910193,25.313497068714536
77,91.34679570911585,-14.346795709115852,14.346795709115852,18.632202219630976
100,89.66447753848391,10.335522461516092,10.335522461516092,10.335522461516092
36,40.36165539169576,-4.361655391695763,4.361655391695763,12.115709421377119
99,87.34334110708537,11.656658892914635,11.656658892914635,11.774402922135994
99,90.29546486700772,8.704535132992277,8.704535132992277,8.79245973029523
53,74.11416459211216,-21.11416459211216,21.11416459211216,39.838046400211624
100,96.00858891472424,3.9914110852757574,3.9914110852757574,3.9914110852757574
72,82.99313375212175,-10.99313375212175,10.99313375212175,15.268241322391319
100,99.42101021410494,0.578989785895061,0.578989785895061,0.578989785895061
100,95.03483841595268,4.965161584047323,4.965161584047323,4.965161584047323
38,44.01947192853075,-6.0194719285307485,6.0194719285307485,15.840715601396708
37,34.870522055104125,2.129477944895875,2.129477944895875,5.755345797015878
50,61.669082432122366,-11.669082432122366,11.669082432122366,23.33816486424473
74,75.0219043273009,-1.021904327300902,1.021904327300902,1.3809517936498676
100,99.53693539340173,0.463064606598266,0.463064606598266,0.463064606598266
75,69.9176563029438,5.082343697056203,5.082343697056203,6.776458262741604
74,73.19240734722293,0.8075926527770747,0.8075926527770747,1.0913414226717226
47,55.95028163899828,-8.950281638998277,8.950281638998277,19.04315242340059
75,71.99287978999243,3.007120210007571,3.007120210007571,4.0094936133434285
50,68.46177820758841,-18.46177820758841,18.46177820758841,36.92355641517682
43,41.77217006207461,1.2278299379253923,1.2278299379253923,2.85541846029161
37,41.50657655877751,-4.50657655877751,4.50657655877751,12.179936645344624
76,67.97981213163962,8.020187868360381,8.020187868360381,10.552878774158396
75,67.72681680233156,7.273183197668445,7.273183197668445,9.697577596891259
100,97.23219852578025,2.767801474219752,2.767801474219752,2.767801474219752
77,79.74041282170919,-2.740412821709185,2.740412821709185,3.558977690531409
51,63.51193138949863,-12.511931389498628,12.511931389498628,24.533198802938486
75,59.69191825705308,15.308081742946918,15.308081742946918,20.410775657262555
75,70.70900645733575,4.290993542664253,4.290993542664253,5.721324723552338
51,62.20285371009451,-11.202853710094509,11.202853710094509,21.966379823714725
78,77.05722504694688,0.9427749530531173,0.9427749530531173,1.2086858372475864
79,74.73778163819748,4.262218361802525,4.262218361802525,5.395213116205728
49,57.88451304361999,-8.88451304361999,8.88451304361999,18.131659272693856
76,70.5968432752978,5.4031567247022,5.4031567247022,7.109416743029211
79,75.01589017961555,3.9841098203844467,3.9841098203844467,5.043176987828414
78,71.81573866421839,6.184261335781613,6.184261335781613,7.928540174078992
34,20.899354798552253,13.100645201447747,13.100645201447747,38.531309416022786
98,88.7143790537481,9.285620946251896,9.285620946251896,9.47512341454275
100,95.65476369182653,4.345236308173469,4.345236308173469,4.345236308173469
78,94.29267074518188,-16.29267074518188,16.29267074518188,20.888039416899844
77,81.26875730702024,-4.268757307020238,4.268757307020238,5.5438406584678415
48,60.11138356744631,-12.11138356744631,12.11138356744631,25.23204909884648
77,72.16453648217893,4.8354635178210685,4.8354635178210685,6.2798227504169715
75,67.81165833700689,7.1883416629931105,7.1883416629931105,9.58445555065748
38,43.11667114834171,-5.116671148341709,5.116671148341709,13.464924074583445
76,70.11887224583279,5.88112775416721,5.88112775416721,7.738325992325276
98,99.30085861658347,-1.3008586165834686,1.3008586165834686,1.3274067516157844
76,70.81654107794812,5.183458922051884,5.183458922051884,6.820340686910373
76,69.52158225532514,6.478417744674857,6.478417744674857,8.52423387457218
78,77.19152386891615,0.8084761310838502,0.8084761310838502,1.0365078603639106
78,76.96583377965398,1.0341662203460231,1.0341662203460231,1.3258541286487477
77,75.73421864327877,1.2657813567212344,1.2657813567212344,1.6438718918457589
42,41.807257755593355,0.1927422444066451,0.1927422444066451,0.45891010573010743
38,41.99931838993949,-3.9993183899394893,3.9993183899394893,10.52452207878813
43,52.839794150184076,-9.839794150184076,9.839794150184076,22.88324220973041
46,51.39979117596323,-5.39979117596323,5.39979117596323,11.738676469485283
77,71.29840179916317,5.701598200836827,5.701598200836827,7.404672988099775
53,69.83891655543366,-16.838916555433656,16.838916555433656,31.771540670629538
74,71.07569529596653,2.9243047040334744,2.9243047040334744,3.951763113558749
40,41.47352647401173,-1.4735264740117273,1.4735264740117273,3.6838161850293183
71,66.89911554989067,4.100884450109334,4.100884450109334,5.775893591703286
79,73.98269546983148,5.017304530168516,5.017304530168516,6.351018392618375
53,70.85108504951633,-17.85108504951633,17.85108504951633,33.681292546257225
77,78.97399456011776,-1.9739945601177595,1.9739945601177595,2.563629298854233
43,43.11984904696567,-0.119849046965669,0.119849046965669,0.2787187138736488
44,44.23814058857648,-0.2381405885764778,0.2381405885764778,0.5412286104010858
100,95.82680338840515,4.173196611594847,4.173196611594847,4.173196611594847
72,53.35760295046924,18.642397049530757,18.642397049530757,25.892218124348275
36,35.97521150969041,0.024788490309589406,0.024788490309589406,0.06885691752663724
75,65.81050893847018,9.189491061529822,9.189491061529822,12.25265474870643
74,72.37026500308612,1.6297349969138821,1.6297349969138821,2.2023445904241647
76,68.77787159895432,7.22212840104568,7.22212840104568,9.502800527691683
77,72.28516854938884,4.7148314506111575,4.7148314506111575,6.123157728066438
37,30.63901554955747,6.36098445044253,6.36098445044253,17.191849866060892
80,81.87988259518143,-1.879882595181428,1.879882595181428,2.349853243976785
77,78.66037410837157,-1.6603741083715704,1.6603741083715704,2.156330010872169
99,93.88613841390539,5.113861586094615,5.113861586094615,5.165516753630924
47,54.301638736592984,-7.3016387365929845,7.3016387365929845,15.535401567219115
40,44.51824951149757,-4.518249511497572,4.518249511497572,11.29562377874393
37,34.6430336956718,2.3569663043282034,2.3569663043282034,6.370179200887035
99,89.34252151666621,9.65747848333379,9.65747848333379,9.755028771044232
75,69.47163741218523,5.528362587814769,5.528362587814769,7.3711501170863585
75,68.35201732207223,6.6479826779277715,6.6479826779277715,8.863976903903694
37,38.1811708502222,-1.1811708502222018,1.1811708502222018,3.1923536492491937
38,46.34386652092733,-8.343866520927328,8.343866520927328,21.957543476124545
42,49.548037864415946,-7.548037864415946,7.548037864415946,17.97151872479987
98,83.684153077507,14.315846922492995,14.315846922492995,14.60800706376836
78,86.93369736404973,-8.933697364049735,8.933697364049735,11.45345815903812
77,84.49952183172987,-7.499521831729865,7.499521831729865,9.739638742506319
100,91.40236945414352,8.597630545856475,8.597630545856475,8.597630545856475
40,34.792731044298385,5.207268955701615,5.207268955701615,13.018172389254037
38,35.960487177006584,2.039512822993416,2.039512822993416,5.367139007877411
37,35.02413605849695,1.9758639415030501,1.9758639415030501,5.3401728148731085
100,91.65715221923912,8.342847780760877,8.342847780760877,8.342847780760877
76,68.57014262779344,7.4298573722065555,7.4298573722065555,9.776128121324415
36,34.348099547148486,1.651900452851514,1.651900452851514,4.588612369031983
46,55.108747288083705,-9.108747288083705,9.108747288083705,19.801624539312403
48,65.45300868634733,-17.45300868634733,17.45300868634733,36.36043476322361
77,71.16364509187332,5.83635490812668,5.83635490812668,7.5796816988658176
79,76.55683864397015,2.4431613560298473,2.4431613560298473,3.0926093114301865
50,63.16241438655412,-13.162414386554119,13.162414386554119,26.324828773108237
80,84.97994030485806,-4.9799403048580615,4.9799403048580615,6.224925381072577
100,101.12852923492923,-1.128529234929232,1.128529234929232,1.128529234929232
79,82.7931799672098,-3.7931799672097952,3.7931799672097952,4.801493629379488
75,70.32215916337488,4.677840836625123,4.677840836625123,6.237121115500164
52,72.15328577957618,-20.15328577957618,20.15328577957618,38.756318806877275
75,79.1194558383196,-4.119455838319595,4.119455838319595,5.492607784426127
54,69.23652371121374,-15.236523711213735,15.236523711213735,28.215784650395804
73,54.29231648931827,18.707683510681733,18.707683510681733,25.626963713262647
76,70.80603704278067,5.193962957219327,5.193962957219327,6.834161785814903
40,36.854261567562205,3.1457384324377955,3.1457384324377955,7.86434608109449
74,68.0437719743297,5.956228025670299,5.956228025670299,8.04895679144635
100,93.15429256533596,6.845707434664035,6.845707434664035,6.8457074346640345
77,82.76789500558482,-5.767895005584819,5.767895005584819,7.490772734525739
78,78.49093466742104,-0.49093466742104397,0.49093466742104397,0.6294034197705691
76,67.04954105844907,8.950458941550934,8.950458941550934,11.77691965993544
78,82.33628586272697,-4.336285862726967,4.336285862726967,5.559340849649958
99,90.3147699230243,8.6852300769757,8.6852300769757,8.772959673712828
76,67.48644386762486,8.513556132375143,8.513556132375143,11.202047542598873
99,94.9896480013397,4.010351998660298,4.010351998660298,4.050860604707371
79,76.967177466306,2.0328225336940022,2.0328225336940022,2.573193080625319
99,94.3319809873625,4.668019012637501,4.668019012637501,4.715170719835859
77,69.30929605909907,7.6907039409009315,7.6907039409009315,9.987927195975235
36,33.90748338346849,2.092516616531512,2.092516616531512,5.812546157031977
38,45.21309706579089,-7.21309706579089,7.21309706579089,18.98183438366024
75,68.33555800033858,6.66444199966142,6.66444199966142,8.885922666215228
76,67.33211238377682,8.667887616223183,8.667887616223183,11.40511528450419
77,72.10797598283352,4.892024017166477,4.892024017166477,6.353277944372049
42,51.11065752258415,-9.110657522584148,9.110657522584148,21.69204172043845
53,71.46619950493472,-18.46619950493472,18.46619950493472,34.8418858583674
55,74.30137244385092,-19.301372443850923,19.301372443850923,35.093404443365316
76,74.32915690264775,1.6708430973522468,1.6708430973522468,2.198477759674009
79,85.99583560392499,-6.995835603924988,6.995835603924988,8.855488106234162
38,40.964102774077425,-2.964102774077425,2.964102774077425,7.8002704580984865
100,96.82335628791537,3.1766437120846263,3.1766437120846263,3.1766437120846267
50,53.09884514871031,-3.0988451487103106,3.0988451487103106,6.197690297420621
76,75.32685734477182,0.6731426552281761,0.6731426552281761,0.8857140200370739
76,76.91506137243854,-0.9150613724385437,0.9150613724385437,1.2040281216296629
78,74.90511789700305,3.094882102996948,3.094882102996948,3.967797567944805
74,59.99607707373325,14.003922926266753,14.003922926266753,18.924220170630747
76,69.41653818752091,6.5834618124790865,6.5834618124790865,8.662449753261955
74,71.0894308236327,2.9105691763673036,2.9105691763673036,3.9332015896855457
79,88.68452620699216,-9.68452620699216,9.68452620699216,12.258893932901469
36,30.655409366364772,5.344590633635228,5.344590633635228,14.846085093431189
75,58.30050825645151,16.699491743548492,16.699491743548492,22.26598899139799
54,75.75853036329889,-21.75853036329889,21.75853036329889,40.29357474684979
52,74.30952208232883,-22.309522082328826,22.309522082328826,42.902927081401586
99,84.95391569006772,14.046084309932283,14.046084309932283,14.18796394942655
100,98.8162926109892,1.1837073890108059,1.1837073890108059,1.1837073890108059
51,62.79266005299553,-11.79266005299553,11.79266005299553,23.122862849010843
45,51.7294541631616,-6.7294541631615985,6.7294541631615985,14.954342584803552
75,65.21661186649236,9.783388133507643,9.783388133507643,13.044517511343523
100,88.3142254797512,11.685774520248799,11.685774520248799,11.685774520248799
73,80.20463840143441,-7.2046384014344085,7.2046384014344085,9.86936767319782
78,74.08377763778452,3.9162223622154784,3.9162223622154784,5.020797900276254
51,58.43778847585792,-7.437788475857921,7.437788475857921,14.583898972270434
77,79.59427620332215,-2.5942762033221527,2.5942762033221527,3.369189874444354
77,68.71993431722558,8.28006568277442,8.28006568277442,10.753332055551196
33,27.30429253375003,5.695707466249971,5.695707466249971,17.259719594696882
35,33.6203650002188,1.379634999781203,1.379634999781203,3.9418142850891513
75,72.80916502258289,2.1908349774171114,2.1908349774171114,2.921113303222815
49,58.55845709606281,-9.55845709606281,9.55845709606281,19.507055298087366
77,70.32331773236983,6.67668226763017,6.67668226763017,8.671015931987233
49,70.49304584930023,-21.49304584930023,21.49304584930023,43.86335887612292
77,66.44319417209987,10.556805827900135,10.556805827900135,13.710137438831344
79,92.53382493138044,-13.533824931380437,13.533824931380437,17.131423963772704
76,79.20236775796266,-3.202367757962662,3.202367757962662,4.2136417867929765
49,54.76456944282569,-5.764569442825689,5.764569442825689,11.76442743433814
75,71.04620395185624,3.953796048143758,3.953796048143758,5.271728064191677
52,78.9322171528369,-26.9322171528369,26.9322171528369,51.79272529391711
74,62.12220929229048,11.877790707709522,11.877790707709522,16.051068523931786
53,65.62344747477347,-12.62344747477347,12.62344747477347,23.81782542410089
47,60.49457480643392,-13.494574806433917,13.494574806433917,28.71186129028493
48,67.87783196350117,-19.877831963501166,19.877831963501166,41.41214992396076
78,71.42894378927407,6.571056210725928,6.571056210725928,8.424431039392214
37,44.746728152802056,-7.746728152802056,7.746728152802056,20.937103115681232
77,68.46705532019377,8.532944679806235,8.532944679806235,11.081746337410694
75,66.14115122839515,8.858848771604855,8.858848771604855,11.811798362139807
49,60.30466919317654,-11.304669193176537,11.304669193176537,23.07075345546232
73,65.12734420234062,7.872655797659377,7.872655797659377,10.784459996793666
44,61.007457960820034,-17.007457960820034,17.007457960820034,38.653313547318255
77,75.2047714239089,1.7952285760911053,1.7952285760911053,2.331465683235202
76,84.08244588399151,-8.082445883991511,8.082445883991511,10.634797215778304
48,58.61316256467587,-10.613162564675868,10.613162564675868,22.110755343074725
100,98.01622153951317,1.9837784604868318,1.9837784604868318,1.9837784604868318
100,95.47790187491489,4.522098125085108,4.522098125085108,4.522098125085108
100,90.76349842390103,9.236501576098973,9.236501576098973,9.236501576098973
74,61.878094101713366,12.121905898286634,12.121905898286634,16.38095391660356
100,95.37635997271582,4.623640027284182,4.623640027284182,4.623640027284182
100,95.20919356362309,4.790806436376911,4.790806436376911,4.790806436376911
77,81.23901886675085,-4.239018866750854,4.239018866750854,5.505219307468642
79,86.23422633148887,-7.23422633148887,7.23422633148887,9.157248520871986
100,98.45924134385841,1.5407586561415911,1.5407586561415911,1.5407586561415911
76,63.89559069424498,12.10440930575502,12.10440930575502,15.926854349677658
48,59.45959434374585,-11.459594343745849,11.459594343745849,23.874154882803854
77,70.76167256368232,6.238327436317675,6.238327436317675,8.101723943269707
78,79.3465598109784,-1.3465598109784054,1.3465598109784054,1.7263587320235967
49,70.1844461328096,-21.184446132809597,21.184446132809597,43.23356353634612
51,63.170416663783314,-12.170416663783314,12.170416663783314,23.863562085849637
76,75.4019880486819,0.5980119513180995,0.5980119513180995,0.7868578306817099
100,95.33712968739844,4.662870312601555,4.662870312601555,4.662870312601555
77,85.11394862261099,-8.113948622610991,8.113948622610991,10.537595613780509
45,46.70357295537163,-1.7035729553716266,1.7035729553716266,3.7857176786036146
38,43.99014727485198,-5.990147274851978,5.990147274851978,15.763545460136786
100,99.86240071491764,0.1375992850823593,0.1375992850823593,0.1375992850823593
46,47.670955459497506,-1.670955459497506,1.670955459497506,3.632511868472839
48,65.44258909872622,-17.442589098726216,17.442589098726216,36.33872728901295
76,79.89822948515815,-3.8982294851581543,3.8982294851581543,5.129249322576519
100,92.85212846766845,7.14787153233155,7.14787153233155,7.14787153233155
48,57.66366479866302,-9.66366479866302,9.66366479866302,20.132634997214627
36,32.41305044891245,3.5869495510875495,3.5869495510875495,9.96374875302097
77,82.81736501837227,-5.817365018372271,5.817365018372271,7.555019504379573
47,59.61817272033733,-12.618172720337327,12.618172720337327,26.847176000717717
44,59.68096334955537,-15.68096334955537,15.68096334955537,35.638553067171294
37,26.64844929928873,10.351550700711272,10.351550700711272,27.97716405597641
78,74.40950714872442,3.5904928512755845,3.5904928512755845,4.603195963173826
100,94.03355669417867,5.966443305821329,5.966443305821329,5.966443305821329
76,70.09620958208623,5.903790417913768,5.903790417913768,7.768145286728642
73,64.17321921870801,8.826780781291987,8.826780781291987,12.091480522317791
77,70.75027014949364,6.249729850506355,6.249729850506355,8.116532273384877
39,30.349991622649732,8.650008377350268,8.650008377350268,22.179508659872482
100,88.19970731823543,11.800292681764574,11.800292681764574,11.800292681764574
78,72.1401713667316,5.859828633268407,5.859828633268407,7.512600811882574
77,68.67383166910462,8.326168330895385,8.326168330895385,10.813205624539462
75,79.59054719826625,-4.5905471982662505,4.5905471982662505,6.120729597688334
100,96.38490869850918,3.6150913014908213,3.6150913014908213,3.6150913014908213
40,39.42604325625522,0.5739567437447803,0.5739567437447803,1.4348918593619508
78,84.46225306447096,-6.462253064470957,6.462253064470957,8.284939826244816
74,81.4553661883686,-7.4553661883686,7.4553661883686,10.074819173471083
77,90.98215916992683,-13.982159169926831,13.982159169926831,18.158648272632245
77,88.61888096132826,-11.618880961328259,11.618880961328259,15.089455793932805
75,67.21412541730251,7.785874582697488,7.785874582697488,10.381166110263319
75,64.15241700916938,10.847582990830617,10.847582990830617,14.463443987774156
47,49.50938082898846,-2.509380828988462,2.509380828988462,5.339108146783962
38,37.47234001377799,0.5276599862220124,0.5276599862220124,1.3885789111105589
45,51.22055413098919,-6.220554130989193,6.220554130989193,13.823453624420429
76,71.45956411516194,4.540435884838061,4.540435884838061,5.974257743207975
75,77.54573311398077,-2.5457331139807735,2.5457331139807735,3.394310818641031
76,67.41617668454461,8.58382331545539,8.58382331545539,11.294504362441304
75,66.06915714891237,8.930842851087633,8.930842851087633,11.907790468116843
77,75.72204643016103,1.2779535698389708,1.2779535698389708,1.659679960829832
39,36.81744355374606,2.1825564462539404,2.1825564462539404,5.596298580138308
36,42.13032158773699,-6.1303215877369865,6.1303215877369865,17.028671077047186
49,69.49247337180701,-20.49247337180701,20.49247337180701,41.82137422817757
72,84.84076146150369,-12.84076146150369,12.84076146150369,17.834390918755126
50,65.27872241070523,-15.278722410705228,15.278722410705228,30.557444821410456
39,45.19552137695459,-6.195521376954588,6.195521376954588,15.885952248601507
50,62.75764439661485,-12.75764439661485,12.75764439661485,25.5152887932297
38,36.04403421932841,1.9559657806715904,1.9559657806715904,5.147278370188396
78,75.21459701673226,2.785402983267744,2.785402983267744,3.571029465727877
77,70.38877445735824,6.611225542641762,6.611225542641762,8.586007198236056
78,75.8518996524395,2.1481003475605007,2.1481003475605007,2.7539748045647445
77,76.14674325629692,0.8532567437030849,0.8532567437030849,1.1081256411728375
77,70.16475248239679,6.835247517603207,6.835247517603207,8.876944828056113
75,70.75151148356014,4.248488516439863,4.248488516439863,5.6646513552531506
76,76.85017157497138,-0.8501715749713838,0.8501715749713838,1.1186468091728736
100,90.95845828362921,9.041541716370787,9.041541716370787,9.041541716370787
77,80.83713920989169,-3.8371392098916886,3.8371392098916886,4.983297675184011
80,83.41507404048387,-3.415074040483873,3.415074040483873,4.268842550604841
79,87.55267873812662,-8.552678738126616,8.552678738126616,10.826175617881791
47,49.75436632752165,-2.7543663275216517,2.7543663275216517,5.86035388834394
100,97.28377106207435,2.7162289379256492,2.7162289379256492,2.7162289379256492
76,68.64744273746302,7.352557262536976,7.352557262536976,9.674417450706548
42,47.19804747990446,-5.19804747990446,5.19804747990446,12.376303523582049
78,86.83659448225343,-8.836594482253432,8.836594482253432,11.328967284940298
77,71.06305261360157,5.93694738639843,5.93694738639843,7.710321281036922
78,78.17602337204602,-0.1760233720460178,0.1760233720460178,0.22567098980258693
77,81.42794044256762,-4.427940442567618,4.427940442567618,5.750572003334568
78,77.24412266933216,0.7558773306678432,0.7558773306678432,0.9690735008562092
47,49.22430212048265,-2.2243021204826476,2.2243021204826476,4.73255770315457
49,58.566012319796364,-9.566012319796364,9.566012319796364,19.522474122033394
77,78.78335918232342,-1.783359182323423,1.783359182323423,2.3160508861343154
76,72.1195659651671,3.880434034832902,3.880434034832902,5.105834256359082
73,71.25322959189032,1.7467704081096826,1.7467704081096826,2.3928361754927163
75,59.0195080988105,15.980491901189502,15.980491901189502,21.307322534919336
100,93.5638779189545,6.436122081045497,6.436122081045497,6.436122081045497
47,51.403135009795484,-4.403135009795484,4.403135009795484,9.368372361266989
77,69.96368130611532,7.036318693884681,7.036318693884681,9.13807622582426
78,79.42201495220489,-1.42201495220489,1.42201495220489,1.8230960925703716
73,50.483202129364,22.516797870635997,22.516797870635997,30.844928589912325
78,76.23208602719458,1.7679139728054167,1.7679139728054167,2.26655637539156
77,91.39319130578681,-14.393191305786814,14.393191305786814,18.692456241281576
73,70.22744142749548,2.772558572504522,2.772558572504522,3.7980254417870167
74,68.54874583280518,5.4512541671948185,5.4512541671948185,7.3665596853984034
38,36.38383892796951,1.6161610720304935,1.6161610720304935,4.253055452711825
76,74.72352086375459,1.2764791362454133,1.2764791362454133,1.6795778108492283
78,83.87018624631236,-5.8701862463123575,5.8701862463123575,7.52587980296456
73,82.96186573449299,-9.961865734492989,9.961865734492989,13.646391417113682
77,70.53277845692115,6.46722154307885,6.46722154307885,8.398989016985519
37,38.89226019441555,-1.8922601944155488,1.8922601944155488,5.114216741663646
78,72.80757769027606,5.192422309723938,5.192422309723938,6.656951679133254
100,92.31966475837437,7.680335241625627,7.680335241625627,7.680335241625627
100,90.96298472868709,9.03701527131291,9.03701527131291,9.03701527131291
100,96.53540751394843,3.464592486051572,3.464592486051572,3.4645924860515724
45,73.77691499169458,-28.776914991694582,28.776914991694582,63.94869998154351
77,70.19192331550572,6.8080766844942815,6.8080766844942815,8.841658031810756
48,55.533301937483785,-7.533301937483785,7.533301937483785,15.694379036424552
100,93.50413541135194,6.495864588648061,6.495864588648061,6.495864588648061
74,70.921931991323,3.0780680086769934,3.0780680086769934,4.159551363077018
79,86.49230337317016,-7.492303373170159,7.492303373170159,9.483928320468555
40,42.340186757005114,-2.340186757005114,2.340186757005114,5.8504668925127845
76,68.22240131557326,7.777598684426735,7.777598684426735,10.233682479508861
37,42.265224483482065,-5.265224483482065,5.265224483482065,14.23033644184342
36,32.233182494472864,3.7668175055271362,3.7668175055271362,10.4633819597976
48,62.32548225357749,-14.32548225357749,14.32548225357749,29.844754694953107
75,78.02016861289249,-3.0201686128924905,3.0201686128924905,4.026891483856653
100,89.81328990928688,10.18671009071312,10.18671009071312,10.18671009071312
79,78.30955412855607,0.6904458714439272,0.6904458714439272,0.8739821157518066
54,80.79325352699742,-26.793253526997418,26.793253526997418,49.61713616110633
76,71.73175240741872,4.268247592581275,4.268247592581275,5.616115253396415
100,94.34637980531987,5.65362019468013,5.65362019468013,5.65362019468013
51,64.81678050809593,-13.816780508095931,13.816780508095931,27.09172648646261
100,95.55081781850362,4.449182181496383,4.449182181496383,4.449182181496383
76,90.06200948117309,-14.062009481173092,14.062009481173092,18.50264405417512
75,79.49008277241688,-4.4900827724168835,4.4900827724168835,5.986777029889178
76,68.10935213289211,7.890647867107887,7.890647867107887,10.382431404089324
100,99.74571560095283,0.25428439904716527,0.25428439904716527,0.25428439904716527
36,41.42089204577499,-5.420892045774991,5.420892045774991,15.058033460486087
75,65.63251596134582,9.367484038654183,9.367484038654183,12.489978718205577
100,96.9528871627109,3.047112837289106,3.047112837289106,3.047112837289106
38,47.501356852805756,-9.501356852805756,9.501356852805756,25.003570665278307
44,45.313459419227975,-1.313459419227975,1.313459419227975,2.9851350436999433
77,79.14385029300419,-2.143850293004192,2.143850293004192,2.7842211597457043
77,81.0926729798822,-4.092672979882195,4.092672979882195,5.3151597141327205
36,35.420426706650986,0.5795732933490143,0.5795732933490143,1.609925814858373
73,55.44420535009438,17.55579464990562,17.55579464990562,24.049033766994
49,63.70743663966091,-14.707436639660912,14.707436639660912,30.015176815634515
75,66.37350458822065,8.626495411779345,8.626495411779345,11.50199388237246
39,44.6382789005848,-5.638278900584801,5.638278900584801,14.457125386114875
78,76.8186146184269,1.1813853815730937,1.1813853815730937,1.5145966430424278
77,82.87580756201342,-5.875807562013421,5.875807562013421,7.6309189117057405
100,90.38564675716336,9.614353242836643,9.614353242836643,9.614353242836643
76,71.38808491997753,4.61191508002247,4.61191508002247,6.0683093158190395
100,93.59525477199023,6.404745228009773,6.404745228009773,6.404745228009773
51,81.29791428093435,-30.29791428093435,30.29791428093435,59.407675060655585
77,70.00996706917465,6.99003293082535,6.99003293082535,9.077964845227728
76,68.93992883700523,7.060071162994774,7.060071162994774,9.289567319729967
49,65.3321809560705,-16.332180956070502,16.332180956070502,33.33098154300102
78,73.86083334551408,4.139166654485919,4.139166654485919,5.306623916007588
100,95.48726414793299,4.51273585206701,4.51273585206701,4.51273585206701
79,78.95032862386496,0.049671376135037804,0.049671376135037804,0.06287515966460482
76,72.2872163402607,3.7127836597393014,3.7127836597393014,4.885241657551712
38,41.45968464100263,-3.4596846410026316,3.4596846410026316,9.1044332657964
80,92.12250052576877,-12.122500525768771,12.122500525768771,15.153125657210964
75,87.18680720828037,-12.18680720828037,12.18680720828037,16.24907627770716
74,67.9372460870719,6.062753912928102,6.062753912928102,8.192910693146084
99,83.10043308677963,15.899566913220369,15.899566913220369,16.060168599212492
75,69.45159209945045,5.548407900549549,5.548407900549549,7.397877200732732
78,83.93135073704055,-5.931350737040546,5.931350737040546,7.60429581671865
46,51.60242250349642,-5.60242250349642,5.60242250349642,12.179179355427001
100,92.88277562395814,7.117224376041861,7.117224376041861,7.117224376041861
51,56.54535054365206,-5.545350543652063,5.545350543652063,10.873236360102084
98,89.78754887125541,8.21245112874459,8.21245112874459,8.380052172188357
47,53.041668850647156,-6.041668850647156,6.041668850647156,12.854614575845014
76,75.98791425551701,0.012085744482988048,0.012085744482988048,0.015902295372352694
77,73.1839056742271,3.8160943257728945,3.8160943257728945,4.955966656847915
76,75.69655559521331,0.30344440478668844,0.30344440478668844,0.3992689536666953
79,83.99851986416893,-4.998519864168927,4.998519864168927,6.327240334391046
98,88.91088545655784,9.089114543442165,9.089114543442165,9.2746066769818
47,51.88623348069383,-4.886233480693832,4.886233480693832,10.396241448284748
78,74.13052610891602,3.8694738910839845,3.8694738910839845,4.960863962928185
43,41.63511410473126,1.364885895268742,1.364885895268742,3.174153244811028
76,68.7362352814932,7.263764718506806,7.263764718506806,9.557585155930008
51,65.9021022889923,-14.902102288992296,14.902102288992296,29.21980840978882
99,95.0433553042188,3.9566446957811934,3.9566446957811934,3.996610803819387
51,68.61940460547133,-17.61940460547133,17.61940460547133,34.54785216759085
100,96.65972137871495,3.3402786212850515,3.3402786212850515,3.340278621285051
100,92.41437013090335,7.58562986909665,7.58562986909665,7.58562986909665
77,74.32876184231357,2.6712381576864317,2.6712381576864317,3.4691404645278334
53,67.18038091945503,-14.180380919455033,14.180380919455033,26.755435697084966
100,91.94702147097581,8.052978529024188,8.052978529024188,8.052978529024188
79,91.30108315029413,-12.301083150294133,12.301083150294133,15.570991329486244
77,71.71859970391257,5.281400296087426,5.281400296087426,6.858961423490164
100,96.19482074876191,3.805179251238087,3.805179251238087,3.8051792512380866
100,90.46764946085433,9.532350539145668,9.532350539145668,9.532350539145668
75,66.3176776047943,8.682322395205702,8.682322395205702,11.576429860274269
99,99.16430263138804,-0.1643026313880398,0.1643026313880398,0.16596225392731292
40,43.090034486195236,-3.0900344861952362,3.0900344861952362,7.725086215488091
74,76.77582979231462,-2.7758297923146245,2.7758297923146245,3.751121340965709
53,79.1729689200148,-26.172968920014796,26.172968920014796,49.38296022644301
75,66.45983114791242,8.540168852087575,8.540168852087575,11.386891802783433
46,67.65458680798555,-21.654586807985552,21.654586807985552,47.075188713012075
40,44.18389049264533,-4.183890492645332,4.183890492645332,10.459726231613331
76,73.3143887637185,2.6856112362815026,2.6856112362815026,3.53369899510724
100,83.95154162282475,16.04845837717525,16.04845837717525,16.04845837717525
97,78.59073882611887,18.409261173881134,18.409261173881134,18.978619766887768
74,63.23239815254239,10.767601847457613,10.767601847457613,14.55081330737515
100,98.43957152880819,1.5604284711918126,1.5604284711918126,1.5604284711918126
38,41.05984829099086,-3.059848290990857,3.059848290990857,8.052232344712781
75,60.56772114840087,14.43227885159913,14.43227885159913,19.24303846879884
100,97.08957041222229,2.9104295877777133,2.9104295877777133,2.9104295877777133
76,92.93128304379138,-16.93128304379138,16.93128304379138,22.27800400498866
77,69.55588136840677,7.444118631593227,7.444118631593227,9.667686534536658
49,59.17478377983142,-10.174783779831422,10.174783779831422,20.76486485679882
100,88.07149311307623,11.92850688692377,11.92850688692377,11.92850688692377
38,43.63352839215705,-5.6335283921570465,5.6335283921570465,14.825074716202755
35,37.961529200781584,-2.961529200781584,2.961529200781584,8.461512002233098
50,55.81873249510778,-5.818732495107781,5.818732495107781,11.637464990215562
100,91.91968550118104,8.080314498818964,8.080314498818964,8.080314498818964
78,73.56876747147984,4.431232528520155,4.431232528520155,5.6810673442566095
77,98.43098675982087,-21.43098675982087,21.43098675982087,27.832450337429698
39,48.09155108783176,-9.09155108783176,9.09155108783176,23.311669455978873
48,60.0879413393362,-12.087941339336197,12.087941339336197,25.183211123617077
73,71.10078361596342,1.8992163840365777,1.8992163840365777,2.6016662795021612
100,97.670919699372,2.329080300627993,2.329080300627993,2.329080300627993
47,70.29696492305638,-23.29696492305638,23.29696492305638,49.56801047458804
99,94.86354451824052,4.136455481759484,4.136455481759484,4.178237860363114
75,68.71636922175088,6.283630778249119,6.283630778249119,8.378174370998826
74,64.77638910749423,9.223610892505775,9.223610892505775,12.464339043926723
38,33.91613844984763,4.0838615501523705,4.0838615501523705,10.747004079348343
79,87.64290130444161,-8.642901304441608,8.642901304441608,10.940381398027352
76,70.55872097518125,5.441279024818755,5.441279024818755,7.159577664235203
78,76.89715059730837,1.102849402691632,1.102849402691632,1.4139094906302976
76,68.88370471564002,7.116295284359978,7.116295284359978,9.363546426789444
100,93.88419633788024,6.11580366211976,6.11580366211976,6.11580366211976
77,81.77412194015301,-4.774121940153009,4.774121940153009,6.200158363835077
39,43.53219707344775,-4.5321970734477475,4.5321970734477475,11.621018137045507
36,28.09527707385226,7.904722926147741,7.904722926147741,21.957563683743725
77,69.48413306925777,7.515866930742234,7.515866930742234,9.760866143821085
100,102.09744484372682,-2.0974448437268194,2.0974448437268194,2.0974448437268194
41,48.88295146382961,-7.882951463829613,7.882951463829613,19.226710887389302
97,75.71455135068138,21.285448649318624,21.285448649318624,21.94376149414291
47,46.348457436384514,0.6515425636154859,0.6515425636154859,1.3862607736499701
75,67.26352778239503,7.73647221760497,7.73647221760497,10.31529629013996
77,82.14243901926773,-5.1424390192677265,5.1424390192677265,6.67849223281523
77,73.12577161665591,3.8742283833440894,3.8742283833440894,5.031465432914402
79,82.10734392018864,-3.10734392018864,3.10734392018864,3.9333467344160002
76,63.21586089936827,12.784139100631727,12.784139100631727,16.821235658725957
99,82.81878318959308,16.181216810406923,16.181216810406923,16.344663444855478
76,66.9746292508561,9.025370749143903,9.025370749143903,11.875487827820926
75,77.08415474003715,-2.0841547400371496,2.0841547400371496,2.7788729867161996
77,70.87587573627093,6.1241242637290725,6.1241242637290725,7.953408134713082
100,92.31169048705118,7.68830951294882,7.68830951294882,7.68830951294882
47,69.19007294862176,-22.19007294862176,22.19007294862176,47.21292116728034
73,52.058797890154324,20.941202109845676,20.941202109845676,28.686578232665312
77,72.03416272519502,4.965837274804983,4.965837274804983,6.44913931792855
78,84.77591344868569,-6.775913448685685,6.775913448685685,8.687068523956007
36,26.17250007194511,9.827499928054891,9.827499928054891,27.298610911263587
99,91.19050381664465,7.80949618335535,7.80949618335535,7.888379983187221
77,80.43839907638817,-3.4383990763881656,3.4383990763881656,4.4654533459586565
76,70.83853669856893,5.16146330143107,5.16146330143107,6.791399080830356
77,91.63699476376692,-14.636994763766921,14.636994763766921,19.00908410878821
77,79.47070068885482,-2.4707006888548193,2.4707006888548193,3.208702193317947
78,90.68443336146228,-12.684433361462283,12.684433361462283,16.262094053156773
76,94.36908261127483,-18.369082611274834,18.369082611274834,24.169845541151098
79,80.55196300423702,-1.5519630042370238,1.5519630042370238,1.9645101319455998
76,68.8937266904598,7.1062733095401995,7.1062733095401995,9.350359617816052
50,53.25609070913535,-3.25609070913535,3.25609070913535,6.5121814182707
49,57.80875832992925,-8.808758329929248,8.808758329929248,17.97705781618214
76,89.08403958097456,-13.084039580974562,13.084039580974562,17.215841553913897
75,88.4723480096652,-13.472348009665197,13.472348009665197,17.963130679553597
78,78.47565796155732,-0.4756579615573173,0.4756579615573173,0.6098178994324581
44,48.778179792116205,-4.778179792116205,4.778179792116205,10.85949952753683
78,77.56892895688485,0.43107104311515343,0.43107104311515343,0.5526551834809659
76,68.99317769051757,7.0068223094824305,7.0068223094824305,9.219503038792672
51,60.513058899097764,-9.513058899097764,9.513058899097764,18.653056664897576
77,69.16575250488332,7.834247495116685,7.834247495116685,10.174347396255436
74,56.77510865043868,17.224891349561318,17.224891349561318,23.27688020210989
77,91.58947576435429,-14.58947576435429,14.58947576435429,18.94737112253804
39,47.77173992610205,-8.77173992610205,8.77173992610205,22.491640836159103
76,94.1557882059144,-18.155788205914405,18.155788205914405,23.889195007782114
78,78.93827197689797,-0.9382719768979655,0.9382719768979655,1.2029127908948274
99,87.54994503969654,11.450054960303461,11.450054960303461,11.565712081114606
100,96.24871006897774,3.7512899310222565,3.7512899310222565,3.7512899310222565
53,67.11587241880227,-14.115872418802269,14.115872418802269,26.63372154490994
36,36.75315545263019,-0.7531554526301889,0.7531554526301889,2.0920984795283024
73,62.303647785492345,10.696352214507655,10.696352214507655,14.652537280147474
77,76.26200732552844,0.7379926744715561,0.7379926744715561,0.9584320447682547
47,50.36319692574627,-3.363196925746273,3.363196925746273,7.1557381398856865
47,54.01561613974878,-7.015616139748779,7.015616139748779,14.926842850529317
100,87.26265554968765,12.73734445031235,12.73734445031235,12.73734445031235
42,51.4844772239218,-9.4844772239218,9.4844772239218,22.58208862838524
37,39.32285745147622,-2.3228574514762172,2.3228574514762172,6.277993112097885
76,67.79890339867794,8.201096601322064,8.201096601322064,10.790916580686927
77,77.76864501034524,-0.7686450103452387,0.7686450103452387,0.9982402731756346
51,69.9507092437439,-18.9507092437439,18.9507092437439,37.15825341910569
77,86.83038836927268,-9.830388369272683,9.830388369272683,12.766738141912576
37,26.307373008347668,10.692626991652332,10.692626991652332,28.898991869330626
41,38.65223042733327,2.347769572666728,2.347769572666728,5.726267250406654
76,65.90027213298464,10.09972786701536,10.09972786701536,13.289115614493896
75,59.73057781045671,15.269422189543292,15.269422189543292,20.359229586057722
44,46.63276055532336,-2.632760555323358,2.632760555323358,5.983546716643995
100,92.66666065700099,7.333339342999011,7.333339342999011,7.333339342999011
100,87.84164614202123,12.158353857978767,12.158353857978767,12.158353857978767
77,71.73284248452084,5.2671575154791554,5.2671575154791554,6.840464305817084
76,80.82489158725097,-4.824891587250974,4.824891587250974,6.3485415621723345
75,63.52171889102436,11.478281108975636,11.478281108975636,15.304374811967516
74,71.18752106918873,2.8124789308112668,2.8124789308112668,3.800647203799009
49,53.5194188824134,-4.519418882413397,4.519418882413397,9.223303841659995
40,48.789083781491534,-8.789083781491534,8.789083781491534,21.972709453728836
100,91.8643247176844,8.135675282315603,8.135675282315603,8.135675282315603
75,79.2335653249466,-4.233565324946596,4.233565324946596,5.6447537665954615
35,32.166687108055456,2.8333128919445443,2.8333128919445443,8.095179691270127
52,77.45372966526789,-25.453729665267886,25.453729665267886,48.949480125515166
78,86.68386873467506,-8.683868734675059,8.683868734675059,11.133165044455204
100,95.13296127270401,4.867038727295991,4.867038727295991,4.867038727295991
76,75.50965179934339,0.4903482006566122,0.4903482006566122,0.6451950008639634
74,76.27061411001783,-2.2706141100178314,2.2706141100178314,3.0683974459700427
76,67.33607202752532,8.663927972474681,8.663927972474681,11.39990522694037
75,62.155784384864006,12.844215615135994,12.844215615135994,17.125620820181325
39,44.29056127391189,-5.290561273911891,5.290561273911891,13.565541727979207
95,111.50722434447295,-16.507224344472945,16.507224344472945,17.376025625760995
49,58.97471238839785,-9.974712388397847,9.974712388397847,20.356555894689485
80,88.55975532648344,-8.55975532648344,8.55975532648344,10.6996941581043
53,75.4099461554397,-22.409946155439698,22.409946155439698,42.28291727441452
73,56.46253565015579,16.537464349844207,16.537464349844207,22.65406075321124
100,97.88051608067309,2.1194839193269104,2.1194839193269104,2.1194839193269104
100,99.95723358385897,0.042766416141034824,0.042766416141034824,0.042766416141034824
78,74.87153870669012,3.1284612933098828,3.1284612933098828,4.010847811935747
37,45.48426958857557,-8.484269588575572,8.484269588575572,22.930458347501546
96,75.44474544573178,20.555254554268217,20.555254554268217,21.411723494029392
77,72.00827786258785,4.991722137412154,4.991722137412154,6.482756022613187
78,89.6150060235773,-11.615006023577294,11.615006023577294,14.891033363560632
97,89.310566283853,7.6894337161469934,7.6894337161469934,7.9272512537597875
75,82.97243677608361,-7.972436776083612,7.972436776083612,10.629915701444816
41,49.42411323079857,-8.424113230798568,8.424113230798568,20.54661763609407
79,82.50623841213154,-3.5062384121315375,3.5062384121315375,4.438276471052579
79,86.80402087985135,-7.80402087985135,7.80402087985135,9.878507442849811
100,93.08276609080508,6.91723390919492,6.91723390919492,6.91723390919492
74,69.6916155259358,4.308384474064198,4.308384474064198,5.822141181167835
45,58.500802003887856,-13.500802003887856,13.500802003887856,30.001782230861902
38,42.412883726058226,-4.412883726058226,4.412883726058226,11.612851910679542
77,75.9339695383677,1.0660304616322946,1.0660304616322946,1.384455144977006
77,78.07356068385515,-1.073560683855149,1.073560683855149,1.3942346543573365
77,71.40963363845798,5.590366361542024,5.590366361542024,7.260216053950681
76,71.1359114602582,4.8640885397418,4.8640885397418,6.400116499660263
38,37.92464815322335,0.0753518467766483,0.0753518467766483,0.1982943336227587
77,82.19520649661295,-5.195206496612954,5.195206496612954,6.747021424172668
100,93.27425541178046,6.725744588219541,6.725744588219541,6.725744588219541
42,53.827931722095414,-11.827931722095414,11.827931722095414,28.161742195465273
100,95.31286239264932,4.687137607350678,4.687137607350678,4.687137607350678
48,58.15793802939879,-10.157938029398792,10.157938029398792,21.162370894580818
77,72.36061580230025,4.639384197699755,4.639384197699755,6.0251742827269545
76,74.80631417188948,1.1936858281105174,1.1936858281105174,1.5706392475138387
77,70.67483364282971,6.325166357170289,6.325166357170289,8.214501762558816
77,71.76654981352841,5.233450186471586,5.233450186471586,6.796688553859203
75,67.61507948483397,7.38492051516603,7.38492051516603,9.84656068688804
78,79.7291373473821,-1.7291373473821068,1.7291373473821068,2.2168427530539834
77,91.00127405175498,-14.001274051754976,14.001274051754976,18.18347279448698
72,68.18442689214342,3.8155731078565793,3.8155731078565793,5.2994070942452485
100,92.71532819869128,7.284671801308718,7.284671801308718,7.284671801308719
76,63.0020252581349,12.9979747418651,12.9979747418651,17.102598344559343
53,70.21623364254552,-17.216233642545518,17.216233642545518,32.48345970291607
79,89.19949781891994,-10.199497818919937,10.199497818919937,12.910756732810047
97,79.94798517865823,17.05201482134177,17.05201482134177,17.579396723032755
75,58.13012440633841,16.86987559366159,16.86987559366159,22.493167458215453
77,93.42380170205226,-16.42380170205226,16.42380170205226,21.32961260006787
77,95.4577948575724,-18.457794857572395,18.457794857572395,23.971162152691424
42,46.787382015097265,-4.787382015097265,4.787382015097265,11.398528607374441
100,94.87055887330843,5.1294411266915745,5.1294411266915745,5.1294411266915745
44,63.321160394424055,-19.321160394424055,19.321160394424055,43.91172816914558
49,61.78574873690299,-12.785748736902988,12.785748736902988,26.09336476918977
75,81.27626107610307,-6.276261076103069,6.276261076103069,8.368348101470758
49,61.50864663472123,-12.50864663472123,12.50864663472123,25.527850274941287
77,71.08711825573758,5.912881744262421,5.912881744262421,7.679067200340807
78,78.39934003717003,-0.39934003717003463,0.39934003717003463,0.5119744066282494
100,90.3051623948272,9.694837605172793,9.694837605172793,9.694837605172793
75,68.82122435252684,6.178775647473159,6.178775647473159,8.238367529964211
78,90.88485300700744,-12.884853007007436,12.884853007007436,16.5190423166762
37,31.019415855378377,5.9805841446216235,5.9805841446216235,16.16374093140979
78,77.44330116698481,0.5566988330151901,0.5566988330151901,0.7137164525835771
78,74.36092277478821,3.6390772252117927,3.6390772252117927,4.6654836220664
34,34.442809082288925,-0.44280908228892457,0.44280908228892457,1.3023796537909547
76,66.84364006959875,9.156359930401251,9.156359930401251,12.047842013685857
77,70.65698277672844,6.343017223271559,6.343017223271559,8.23768470554748
97,91.70433761737848,5.295662382621515,5.295662382621515,5.459445755279912
79,74.38056291000781,4.619437089992189,4.619437089992189,5.8473887215091
47,51.710318023310876,-4.710318023310876,4.710318023310876,10.02195324108697
100,93.66034715734659,6.339652842653408,6.339652842653408,6.339652842653408
76,95.48957254363097,-19.48957254363097,19.48957254363097,25.644174399514437
77,70.42933930735272,6.57066069264728,6.57066069264728,8.533325574866597
77,71.07473628266854,5.925263717331461,5.925263717331461,7.695147684846053
76,71.49909407516168,4.500905924838321,4.500905924838321,5.922244637945159
100,85.41526375390882,14.584736246091182,14.584736246091182,14.584736246091182
74,59.71581831094572,14.284181689054279,14.284181689054279,19.302948228451726
76,71.21109037215292,4.788909627847076,4.788909627847076,6.301196878746153
75,73.0898241764304,1.9101758235696025,1.9101758235696025,2.5469010980928033
74,61.72537618496854,12.274623815031461,12.274623815031461,16.587329479772244
80,88.01203611242481,-8.01203611242481,8.01203611242481,10.015045140531011
74,77.73323772947406,-3.7332377294740553,3.7332377294740553,5.044915850640615
53,76.78747534642518,-23.787475346425182,23.787475346425182,44.88202895551921
77,75.16204165648361,1.8379583435163909,1.8379583435163909,2.3869588876836247
97,68.3661214184108,28.6338785815892,28.6338785815892,29.519462455246597
75,67.99907593758087,7.000924062419131,7.000924062419131,9.33456541655884
100,96.30470037327464,3.695299626725358,3.695299626725358,3.695299626725358
48,55.343825158417175,-7.343825158417175,7.343825158417175,15.299635746702448
78,73.06374182613892,4.936258173861077,4.936258173861077,6.328536120334714
100,86.87231457675496,13.12768542324504,13.12768542324504,13.127685423245039
78,71.40036301693299,6.599636983067015,6.599636983067015,8.461073055214122
76,67.90404626042964,8.095953739570362,8.095953739570362,10.652570709961003
75,66.00950546658264,8.990494533417362,8.990494533417362,11.987326044556482
76,70.60048123634942,5.399518763650576,5.399518763650576,7.104629952171811
51,65.77063410248354,-14.770634102483541,14.770634102483541,28.962027651928512
76,83.46853114654655,-7.468531146546553,7.468531146546553,9.827014666508623
78,73.73479154096871,4.265208459031285,4.265208459031285,5.468215973117033
100,95.14305795547455,4.856942044525454,4.856942044525454,4.856942044525454
100,94.87851744120019,5.121482558799812,5.121482558799812,5.121482558799812
99,82.67605241816887,16.323947581831135,16.323947581831135,16.488835941243572
49,58.35812422088971,-9.358124220889707,9.358124220889707,19.098212695693277
35,35.92618653835234,-0.92618653835234,0.92618653835234,2.6462472524352574
77,72.55270683225386,4.447293167746139,4.447293167746139,5.775705412657324
77,69.96493678568007,7.035063214319933,7.035063214319933,9.13644573288303
50,57.96127863757707,-7.961278637577067,7.961278637577067,15.922557275154134
77,69.61054551224545,7.3894544877545485,7.3894544877545485,9.596694139940972
100,91.23925206535068,8.760747934649316,8.760747934649316,8.760747934649316
74,76.65997265850358,-2.659972658503577,2.659972658503577,3.5945576466264546
38,38.683052037397594,-0.6830520373975943,0.6830520373975943,1.7975053615726166
49,57.754242564685114,-8.754242564685114,8.754242564685114,17.8658011524186
76,62.274288140434955,13.725711859565045,13.725711859565045,18.060147183638218
44,41.58131681192147,2.418683188078532,2.418683188078532,5.497007245633028
56,85.83258749804062,-29.832587498040624,29.832587498040624,53.27247767507254
100,95.852939139753,4.147060860246995,4.147060860246995,4.147060860246995
75,65.7558268536169,9.244173146383105,9.244173146383105,12.325564195177472
73,59.777939176410804,13.222060823589196,13.222060823589196,18.11241208710849
76,71.04773629803468,4.952263701965322,4.952263701965322,6.516136449954371
76,74.3003447291475,1.699655270852503,1.699655270852503,2.236388514279609
77,69.95685040116307,7.0431495988369335,7.0431495988369335,9.146947530957055
78,87.37808671281368,-9.378086712813683,9.378086712813683,12.023188093350875
79,77.27522401334814,1.7247759866518635,1.7247759866518635,2.1832607425972954
51,61.81684580933826,-10.816845809338261,10.816845809338261,21.20950158693777
76,66.206769144996,9.793230855003998,9.793230855003998,12.88583007237368
78,84.87668577173537,-6.876685771735367,6.876685771735367,8.816263809917139
75,64.94967690336163,10.050323096638365,10.050323096638365,13.40043079551782
75,66.67271718625886,8.327282813741135,8.327282813741135,11.103043751654846
76,78.67197887448401,-2.6719788744840116,2.6719788744840116,3.5157616769526467
99,90.77329260215782,8.226707397842176,8.226707397842176,8.309805452365834
76,71.92438521197523,4.075614788024765,4.075614788024765,5.362651036874691
76,68.94634925380329,7.053650746196709,7.053650746196709,9.281119402890408
75,77.13136126885263,-2.131361268852629,2.131361268852629,2.841815025136839
45,41.30299979916707,3.6970002008329317,3.6970002008329317,8.21555600185096
78,78.57595427650192,-0.5759542765019177,0.5759542765019177,0.7384029185922021
35,32.513362027720184,2.4866379722798158,2.4866379722798158,7.104679920799474
97,100.64756274850332,-3.6475627485033186,3.6475627485033186,3.7603739675291945
52,72.91551086083433,-20.91551086083433,20.91551086083433,40.22213627083525
76,81.88988784565996,-5.889887845659956,5.889887845659956,7.749852428499943
39,50.21103911790956,-11.211039117909557,11.211039117909557,28.746254148486045
100,88.61964960055664,11.380350399443358,11.380350399443358,11.380350399443358
76,82.35480873734608,-6.354808737346076,6.354808737346076,8.361590443876416
76,79.7152254807693,-3.7152254807693055,3.7152254807693055,4.888454579959613
74,65.90189421239081,8.098105787609185,8.098105787609185,10.943386199471872
77,75.13054074360068,1.869459256399324,1.869459256399324,2.4278691641549663
78,72.39200847745406,5.6079915225459445,5.6079915225459445,7.189732721212749
77,69.2268335837594,7.773166416240599,7.773166416240599,10.095021319792986
97,84.6477478243361,12.352252175663907,12.352252175663907,12.734280593467945
78,83.012275596663,-5.012275596663002,5.012275596663002,6.425994354696157
76,78.04655108768883,-2.046551087688826,2.046551087688826,2.692830378537929
78,71.98076331712704,6.0192366828729575,6.0192366828729575,7.7169701062473814
77,66.54443354355756,10.45556645644244,10.45556645644244,13.578657735639531
46,62.242422075349,-16.242422075348998,16.242422075348998,35.30961320728043
33,32.13858425369197,0.8614157463080332,0.8614157463080332,2.6103507463879794
53,69.58393652875355,-16.583936528753554,16.583936528753554,31.290446280667084
99,91.30880680482525,7.691193195174748,7.691193195174748,7.768882015328028
46,50.505865008848005,-4.505865008848005,4.505865008848005,9.795358714886968
78,88.33585980382708,-10.335859803827077,10.335859803827077,13.251102312598817
100,93.23619937849982,6.763800621500181,6.763800621500181,6.763800621500181
76,70.71480474719687,5.285195252803135,5.285195252803135,6.954204280004124
75,84.48004385352222,-9.480043853522218,9.480043853522218,12.64005847136296
78,76.03370797547613,1.9662920245238666,1.9662920245238666,2.5208872109280342
48,52.19245810712942,-4.1924581071294185,4.1924581071294185,8.73428772318629
37,44.81050061486501,-7.810500614865013,7.810500614865013,21.109461121256793
76,69.88249258986527,6.117507410134735,6.117507410134735,8.049351855440442
80,93.89299978749969,-13.89299978749969,13.89299978749969,17.366249734374613
97,94.10485434850563,2.8951456514943743,2.8951456514943743,2.9846862386539943
75,65.25277584553179,9.747224154468213,9.747224154468213,12.996298872624285
47,49.32499820405096,-2.3249982040509565,2.3249982040509565,4.94680468947012
76,79.1674826140135,-3.167482614013494,3.167482614013494,4.167740281596703
77,79.18172451283868,-2.1817245128386844,2.1817245128386844,2.8334084582320576
47,67.57647119100558,-20.57647119100558,20.57647119100558,43.77972593830975
77,76.01388717018217,0.9861128298178272,0.9861128298178272,1.280666012750425
39,43.59689942957528,-4.596899429575281,4.596899429575281,11.786921614295592
38,37.20328923504465,0.7967107649553498,0.7967107649553498,2.096607276198289
100,94.02187885593247,5.978121144067529,5.978121144067529,5.978121144067529
79,85.2399392184135,-6.239939218413497,6.239939218413497,7.898657238498097
72,69.98201101070865,2.0179889892913536,2.0179889892913536,2.80276248512688
77,70.87046981495641,6.129530185043592,6.129530185043592,7.960428811744924
38,40.64832472643987,-2.648324726439867,2.648324726439867,6.969275595894386
79,91.80297872897481,-12.802978728974807,12.802978728974807,16.206302188575705
77,79.48097962826982,-2.4809796282698215,2.4809796282698215,3.2220514652854826
77,67.82562957041712,9.17437042958288,9.17437042958288,11.914766791666077
39,45.568864423890474,-6.568864423890474,6.568864423890474,16.843242112539677
78,79.12811540988943,-1.128115409889432,1.128115409889432,1.4463018075505536
76,69.08112576068514,6.91887423931486,6.91887423931486,9.103781893835343
76,78.25325295298819,-2.2532529529881913,2.2532529529881913,2.964806517089725
77,70.29705178476338,6.702948215236617,6.702948215236617,8.705127552255346
75,64.6644928041807,10.335507195819304,10.335507195819304,13.780676261092406
100,99.5928757008963,0.4071242991036996,0.4071242991036996,0.4071242991036996
100,94.58472728495406,5.415272715045944,5.415272715045944,5.415272715045944
48,71.89409582602897,-23.894095826028973,23.894095826028973,49.77936630422703
100,95.18792163394562,4.812078366054379,4.812078366054379,4.812078366054379
73,75.44709612087583,-2.447096120875827,2.447096120875827,3.3521864669531873
80,89.85551584895737,-9.855515848957367,9.855515848957367,12.319394811196709
73,65.09512244518095,7.904877554819052,7.904877554819052,10.828599390163085
76,68.82996121559698,7.170038784403019,7.170038784403019,9.434261558425025
76,70.42661371947885,5.573386280521149,5.573386280521149,7.333403000685721
99,101.39187277839892,-2.3918727783989198,2.3918727783989198,2.4160331094938585
74,77.50970694231945,-3.509706942319454,3.509706942319454,4.7428472193506135
78,84.12727155646463,-6.127271556464635,6.127271556464635,7.85547635444184
37,42.69512707340363,-5.695127073403633,5.695127073403633,15.392235333523333
76,69.96081237882883,6.039187621171166,6.039187621171166,7.9462995015410085
52,66.63109530659698,-14.631095306596976,14.631095306596976,28.136721743455723
53,69.26559156975836,-16.265591569758357,16.265591569758357,30.68979541463841
77,68.8857439413391,8.1142560586609,8.1142560586609,10.537994881377792
35,39.934136283738596,-4.934136283738596,4.934136283738596,14.09753223925313
39,38.162922301437426,0.8370776985625739,0.8370776985625739,2.1463530732373686
100,92.97287485256727,7.027125147432727,7.027125147432727,7.027125147432728
77,72.77628333700983,4.223716662990171,4.223716662990171,5.48534631557165
100,93.94557006259444,6.054429937405558,6.054429937405558,6.054429937405558
77,75.57778134351828,1.4222186564817179,1.4222186564817179,1.847037216210023
74,73.0291591392027,0.9708408607972956,0.9708408607972956,1.3119471091855346
46,51.011177915342515,-5.011177915342515,5.011177915342515,10.893865033353292
100,88.68478829436296,11.31521170563704,11.31521170563704,11.31521170563704
39,47.90477605538088,-8.904776055380879,8.904776055380879,22.832759116361228
73,67.437071916056,5.562928083944001,5.562928083944001,7.620449430060276
49,61.8639574338456,-12.863957433845599,12.863957433845599,26.252974354786936
75,72.59786766012122,2.4021323398787757,2.4021323398787757,3.2028431198383673
76,66.49210541272649,9.507894587273512,9.507894587273512,12.510387614833569
75,65.56233817282745,9.437661827172548,9.437661827172548,12.583549102896729
34,23.007148883816456,10.992851116183544,10.992851116183544,32.331915047598656
76,68.50825706719954,7.491742932800463,7.491742932800463,9.857556490526925
100,96.52635094353266,3.4736490564673375,3.4736490564673375,3.4736490564673375
50,57.10314043304207,-7.103140433042071,7.103140433042071,14.206280866084143
71,60.522046747334095,10.477953252665905,10.477953252665905,14.757680637557613
76,79.91692931751598,-3.9169293175159794,3.9169293175159794,5.153854365152605
37,31.491149315382422,5.5088506846175775,5.5088506846175775,14.888785634101561
77,89.33279221718735,-12.332792217187347,12.332792217187347,16.016613269074476
98,80.9084594683688,17.091540531631196,17.091540531631196,17.44034748125632
77,91.84084969460406,-14.84084969460406,14.84084969460406,19.273830772213067
46,51.471060242078494,-5.471060242078494,5.471060242078494,11.893609221909768
80,85.57117987137252,-5.571179871372522,5.571179871372522,6.963974839215652
37,40.51091375770826,-3.510913757708259,3.510913757708259,9.488956101914214
38,36.64593897938848,1.3540610206115176,1.3540610206115176,3.563318475293467
78,71.90661053990353,6.093389460096475,6.093389460096475,7.812037769354455
51,66.96145895116614,-15.961458951166136,15.961458951166136,31.296978335619873
100,96.5162973691618,3.483702630838195,3.483702630838195,3.483702630838195
45,53.26650243680968,-8.26650243680968,8.26650243680968,18.370005415132624
100,95.44839528306261,4.5516047169373905,4.5516047169373905,4.5516047169373905
76,69.58491305223475,6.415086947765246,6.415086947765246,8.440903878638482
40,42.93765751956678,-2.937657519566777,2.937657519566777,7.344143798916942
78,74.4268136479497,3.5731863520502998,3.5731863520502998,4.5810081436542305
46,47.30392667619289,-1.3039266761928872,1.3039266761928872,2.834623209114972
37,37.90441894790339,-0.9044189479033875,0.9044189479033875,2.4443755348740206
47,51.56080745696385,-4.56080745696385,4.56080745696385,9.703845653114575
100,99.1055834291634,0.8944165708365972,0.8944165708365972,0.8944165708365972
100,100.89731287829251,-0.8973128782925102,0.8973128782925102,0.8973128782925102
73,90.90908950419424,-17.90908950419424,17.90908950419424,24.53299932081403
100,88.80089150039326,11.199108499606737,11.199108499606737,11.199108499606737
77,72.88212660576062,4.117873394239382,4.117873394239382,5.34788752498621
53,80.04962731717875,-27.049627317178746,27.049627317178746,51.03703267392217
76,66.20096058986603,9.799039410133972,9.799039410133972,12.893472908071017
100,93.68483042663195,6.315169573368053,6.315169573368053,6.315169573368053
51,74.32844709739214,-23.328447097392143,23.328447097392143,45.74205313214146
79,85.57917565158033,-6.579175651580329,6.579175651580329,8.32807044503839
50,59.08362254436933,-9.083622544369327,9.083622544369327,18.167245088738653
98,92.21751472207711,5.782485277922888,5.782485277922888,5.900495181553967
77,75.58744574839929,1.4125542516007101,1.4125542516007101,1.8344860410398833
77,71.05072795745708,5.9492720425429155,5.9492720425429155,7.726327327977812
44,45.12799958288255,-1.127999582882552,1.127999582882552,2.5636354156421635
52,60.77749903830872,-8.777499038308719,8.777499038308719,16.879805842901384
76,68.99653253914224,7.003467460857763,7.003467460857763,9.21508876428653
77,72.69877688249207,4.301223117507931,4.301223117507931,5.586004048711598
75,67.30074756417689,7.699252435823112,7.699252435823112,10.265669914430816
74,65.5851219242402,8.414878075759802,8.414878075759802,11.371456859134868
77,81.92463662310689,-4.924636623106892,4.924636623106892,6.395631978060899
73,53.118795183815934,19.881204816184066,19.881204816184066,27.234527145457626
77,70.70930269128341,6.290697308716588,6.290697308716588,8.169736764566997
38,47.3415945399948,-9.341594539994801,9.341594539994801,24.58314352630211
38,44.04526695849886,-6.045266958498857,6.045266958498857,15.908597259207518
77,79.18100118713843,-2.1810011871384347,2.1810011871384347,2.832469074205759
73,76.24067483275583,-3.240674832755829,3.240674832755829,4.439280592816204
77,76.03654705162535,0.9634529483746519,0.9634529483746519,1.2512375952917556
36,34.48621521740053,1.5137847825994726,1.5137847825994726,4.204957729442979
74,72.69760916093463,1.3023908390653673,1.3023908390653673,1.7599876203586045
38,44.75709511701045,-6.757095117010451,6.757095117010451,17.78182925529066
47,58.67709266781473,-11.677092667814733,11.677092667814733,24.844878016627092
100,95.26654752738246,4.733452472617543,4.733452472617543,4.733452472617543
51,64.46068839409295,-13.460688394092955,13.460688394092955,26.393506655084227
78,88.61448098937002,-10.614480989370023,10.614480989370023,13.608308960730797
76,89.44017457524143,-13.440174575241429,13.440174575241429,17.68444023058083
52,66.04064135455566,-14.04064135455566,14.04064135455566,27.0012333741455
45,53.09076636850262,-8.09076636850262,8.09076636850262,17.979480818894714
77,69.57702922109898,7.422970778901018,7.422970778901018,9.640221790780542
76,69.87765624800261,6.122343751997391,6.122343751997391,8.055715463154463
78,77.69302349438699,0.30697650561300804,0.30697650561300804,0.3935596225807796
73,84.09798307571454,-11.097983075714538,11.097983075714538,15.20271654207471
96,100.28331969771207,-4.2833196977120735,4.2833196977120735,4.461791351783409
75,71.39156484731053,3.6084351526894665,3.6084351526894665,4.811246870252622
77,76.20582291348842,0.7941770865115814,0.7941770865115814,1.0313988136514045
42,43.61889070001378,-1.6188907000137789,1.6188907000137789,3.854501666699474
74,55.28393684553113,18.71606315446887,18.71606315446887,25.29197723576874
78,74.22771018450753,3.7722898154924707,3.7722898154924707,4.836268994221117
35,38.9809877814965,-3.980987781496502,3.980987781496502,11.374250804275722
78,86.97366930429338,-8.97366930429338,8.97366930429338,11.504704236273565
100,94.96063074623666,5.03936925376334,5.03936925376334,5.03936925376334
97,106.65146596132283,-9.651465961322828,9.651465961322828,9.949964908580235
79,79.4592593327539,-0.45925933275390207,0.45925933275390207,0.581340927536585
100,96.38397632254664,3.616023677453356,3.616023677453356,3.616023677453356
73,66.49680424482044,6.503195755179561,6.503195755179561,8.908487335862413
50,64.14485885089735,-14.14485885089735,14.14485885089735,28.289717701794697
76,69.7971591806214,6.2028408193785936,6.2028408193785936,8.161632657077096
79,85.27389876950816,-6.273898769508165,6.273898769508165,7.941644012035652
75,66.45184557686282,8.548154423137177,8.548154423137177,11.397539230849569
77,77.1512852724857,-0.15128527248569412,0.15128527248569412,0.1964743798515508
75,67.70237680792275,7.297623192077253,7.297623192077253,9.730164256103006
77,68.72637245874346,8.273627541256545,8.273627541256545,10.744970832800707
78,79.7096033877217,-1.7096033877216996,1.7096033877216996,2.19179921502782
79,92.57930790666586,-13.57930790666586,13.57930790666586,17.18899735020995
41,53.520486975985776,-12.520486975985776,12.520486975985776,30.537773112160426
43,35.72203709834845,7.277962901651549,7.277962901651549,16.92549512011988
79,93.48317004227955,-14.483170042279554,14.483170042279554,18.333126635796905
51,75.42273104235792,-24.422731042357924,24.422731042357924,47.88770792619201
73,69.4867888596383,3.5132111403617046,3.5132111403617046,4.812618000495486
77,76.77828018848562,0.22171981151437592,0.22171981151437592,0.2879478071615272
75,68.88417476818967,6.115825231810334,6.115825231810334,8.154433642413778
78,73.0754953937064,4.9245046062935955,4.9245046062935955,6.313467443966148
100,96.07424316060383,3.925756839396172,3.925756839396172,3.925756839396172
72,66.82082111071927,5.179178889280735,5.179178889280735,7.193304012889909
100,93.16108587632742,6.838914123672581,6.838914123672581,6.838914123672581
77,70.73155073709995,6.268449262900049,6.268449262900049,8.140843198571492
73,72.79983451671092,0.20016548328908357,0.20016548328908357,0.2741992921768268
77,80.68782668530186,-3.6878266853018573,3.6878266853018573,4.789385305586827
78,80.08941759854524,-2.0894175985452392,2.0894175985452392,2.6787405109554348
39,35.9044393301133,3.0955606698867015,3.0955606698867015,7.937335050991543
47,53.40348999974079,-6.403489999740792,6.403489999740792,13.624446807959131
76,78.16288305947374,-2.1628830594737423,2.1628830594737423,2.8458987624654504
34,30.13914316115195,3.8608568388480506,3.8608568388480506,11.355461290729561
100,88.79464433016665,11.205355669833352,11.205355669833352,11.205355669833352
77,77.64572133184951,-0.645721331849515,0.645721331849515,0.8385991322720974
38,38.62299836161648,-0.6229983616164816,0.6229983616164816,1.6394693726749516
44,43.323031905589225,0.6769680944107748,0.6769680944107748,1.538563850933579
40,43.51632765706139,-3.516327657061389,3.516327657061389,8.790819142653472
74,57.90370056075932,16.09629943924068,16.09629943924068,21.75175599897389
48,51.12076958439833,-3.1207695843983316,3.1207695843983316,6.501603300829857
52,68.80882243665845,-16.808822436658446,16.808822436658446,32.32465853203547
77,69.8268949070928,7.173105092907207,7.173105092907207,9.31572089987949
77,82.30411249836871,-5.30411249836871,5.30411249836871,6.888457790089234
77,69.14675556598296,7.853244434017043,7.853244434017043,10.199018745476678
77,76.41403443292458,0.5859655670754194,0.5859655670754194,0.7609942429550901
33,31.490877026688523,1.5091229733114773,1.5091229733114773,4.5730999191256885
78,73.18095790090686,4.819042099093139,4.819042099093139,6.17825910140146
76,89.95162334393265,-13.951623343932653,13.951623343932653,18.35739913675349
75,77.82418525447986,-2.8241852544798576,2.8241852544798576,3.765580339306477
39,46.62379115243082,-7.623791152430819,7.623791152430819,19.548182442130305
77,68.18161724969846,8.818382750301538,8.818382750301538,11.452445130261738
79,87.9976648440702,-8.9976648440702,8.9976648440702,11.389449169709115
99,97.75479548836807,1.2452045116319255,1.2452045116319255,1.257782334981743
48,63.04901765832061,-15.049017658320608,15.049017658320608,31.352120121501265
36,41.984614695555265,-5.9846146955552655,5.9846146955552655,16.623929709875735
77,74.41137466868112,2.5886253313188803,2.5886253313188803,3.3618510796349095
79,83.05079697139584,-4.05079697139584,4.05079697139584,5.127591103032709
38,39.14600393590686,-1.1460039359068617,1.1460039359068617,3.0157998313338465
77,73.14769114873218,3.8523088512678214,3.8523088512678214,5.0029985081400286
77,76.70013718677416,0.2998628132258432,0.2998628132258432,0.3894322249686275
99,95.54932340155936,3.450676598440637,3.450676598440637,3.4855319176168056
75,63.36912300987435,11.63087699012565,11.63087699012565,15.5078359868342
100,95.24464381113984,4.755356188860162,4.755356188860162,4.755356188860162
76,66.62184237378798,9.378157626212015,9.378157626212015,12.339681087121072
76,74.49888970151989,1.5011102984801141,1.5011102984801141,1.9751451295790974
43,44.828489888536105,-1.8284898885361045,1.8284898885361045,4.252302066363034
76,68.34308659690502,7.6569134030949755,7.6569134030949755,10.074886056703916
80,87.78544877580268,-7.785448775802678,7.785448775802678,9.731810969753347
45,47.65153508735835,-2.651535087358347,2.651535087358347,5.89230019412966
76,70.67832764743625,5.321672352563752,5.321672352563752,7.002200463899673
79,82.08572944607859,-3.085729446078588,3.085729446078588,3.9059866406058075
78,80.02482416054322,-2.0248241605432185,2.0248241605432185,2.595928410952844
97,81.61873076163596,15.381269238364041,15.381269238364041,15.856978596251588
73,77.25936413295845,-4.259364132958453,4.259364132958453,5.834745387614318
38,29.270684592856156,8.729315407143844,8.729315407143844,22.971882650378536
76,78.920589983048,-2.9205899830480035,2.9205899830480035,3.8428815566421104
75,67.9073498461673,7.092650153832693,7.092650153832693,9.456866871776924
98,84.41166860883001,13.588331391169987,13.588331391169987,13.86564427670407
100,97.2962219275934,2.7037780724066067,2.7037780724066067,2.7037780724066067
77,100.38028929018063,-23.380289290180627,23.380289290180627,30.364012065169643
77,70.09547003307205,6.904529966927953,6.904529966927953,8.966922034971367
100,95.70511035045286,4.2948896495471445,4.2948896495471445,4.2948896495471445
78,86.38297572293729,-8.382975722937289,8.382975722937289,10.747404772996525
78,84.66944889380596,-6.6694488938059635,6.6694488938059635,8.55057550487944
76,75.28124612032659,0.7187538796734145,0.7187538796734145,0.9457287890439665
45,52.62970172126083,-7.62970172126083,7.62970172126083,16.954892713912955
35,26.18470721729784,8.815292782702159,8.815292782702159,25.186550807720455
76,67.53337648190062,8.466623518099382,8.466623518099382,11.140294102762345
76,74.3136112940257,1.686388705974295,1.686388705974295,2.218932507860915
50,82.12017422701908,-32.12017422701908,32.12017422701908,64.24034845403816
79,76.60234875616318,2.397651243836819,2.397651243836819,3.0350015744769863
80,82.19347962774557,-2.1934796277455746,2.1934796277455746,2.7418495346819682
76,74.63570536249726,1.3642946375027378,1.3642946375027378,1.7951245230299184
48,50.78892510325973,-2.7889251032597286,2.7889251032597286,5.810260631791101
73,66.13919352369827,6.8608064763017325,6.8608064763017325,9.398365036029771
76,69.5504952901642,6.449504709835793,6.449504709835793,8.486190407678675
80,88.7741633911666,-8.774163391166596,8.774163391166596,10.967704238958245
78,74.26984477341001,3.7301552265899858,3.7301552265899858,4.782250290499982
100,96.47348030648047,3.526519693519532,3.526519693519532,3.5265196935195324
44,43.84013699410349,0.15986300589651137,0.15986300589651137,0.3633250134011622
74,74.69354362058924,-0.6935436205892387,0.6935436205892387,0.9372211089043766
78,73.94348407034559,4.0565159296544095,4.0565159296544095,5.200661448274884
75,59.32440008746209,15.675599912537912,15.675599912537912,20.900799883383883
46,46.190410192107315,-0.1904101921073149,0.1904101921073149,0.41393520023329333
34,29.10481578588253,4.895184214117471,4.895184214117471,14.397600629757267
100,94.78944858716659,5.210551412833411,5.210551412833411,5.210551412833411
75,64.78667566922502,10.21332433077498,10.21332433077498,13.617765774366642
51,71.58098750651988,-20.580987506519875,20.580987506519875,40.35487746376446
51,69.5790548035657,-18.579054803565697,18.579054803565697,36.42951922267784
100,98.76124891025427,1.2387510897457332,1.2387510897457332,1.2387510897457332
77,69.51465814191516,7.485341858084837,7.485341858084837,9.72122319231797
78,71.69852848230839,6.30147151769161,6.30147151769161,8.078809638066167
74,59.80889174750165,14.191108252498353,14.191108252498353,19.177173314186962
100,93.8294666169125,6.170533383087502,6.170533383087502,6.170533383087502
73,63.48415672439235,9.51584327560765,9.51584327560765,13.035401747407741
76,70.58087288625556,5.4191271137444375,5.4191271137444375,7.130430412821628
36,34.68831114984602,1.3116888501539776,1.3116888501539776,3.6435801393166045
73,82.6599561711541,-9.659956171154107,9.659956171154107,13.232816672813847
97,92.90970859570241,4.090291404297588,4.090291404297588,4.216795262162462
50,63.443798837299376,-13.443798837299376,13.443798837299376,26.88759767459875
78,78.86014688560499,-0.8601468856049905,0.8601468856049905,1.1027524174422956
77,82.00618520352756,-5.006185203527565,5.006185203527565,6.501539225360474
77,70.02008559560086,6.979914404399139,6.979914404399139,9.064823901817064
74,50.121524978846864,23.878475021153136,23.878475021153136,32.26820948804478
76,67.74838118931667,8.251618810683325,8.251618810683325,10.857393171951744
100,100.31943039725415,-0.3194303972541519,0.3194303972541519,0.3194303972541519
76,74.52918043196298,1.4708195680370153,1.4708195680370153,1.9352889053118623
77,73.2889656647352,3.7110343352647988,3.7110343352647988,4.8195251107335055
76,65.93152886833869,10.068471131661312,10.068471131661312,13.247988331133307
74,75.95028465807806,-1.9502846580780613,1.9502846580780613,2.6355198082135964
37,31.53683386141033,5.463166138589671,5.463166138589671,14.765313888080192
78,72.75117065823704,5.248829341762956,5.248829341762956,6.729268386875585
49,68.07878032171718,-19.078780321717176,19.078780321717176,38.93628637085138
38,46.87128213279365,-8.871282132793652,8.871282132793652,23.3454792968254
51,65.49687369604413,-14.496873696044133,14.496873696044133,28.425242541263007
77,93.70009957616712,-16.70009957616712,16.70009957616712,21.688441008009246
100,98.72683558075545,1.2731644192445515,1.2731644192445515,1.2731644192445515
77,78.95159883490267,-1.9515988349026685,1.9515988349026685,2.534543941432037
76,74.30829335952211,1.6917066404778893,1.6917066404778893,2.225929790102486
49,57.18001529664064,-8.18001529664064,8.18001529664064,16.693908768654367
37,31.512621806959736,5.487378193040264,5.487378193040264,14.830751873081796
77,85.45205726983684,-8.452057269836843,8.452057269836843,10.97669775303486
75,93.25726411403208,-18.257264114032083,18.257264114032083,24.343018818709446
75,90.7991369706434,-15.799136970643403,15.799136970643403,21.06551596085787
100,92.0634241017417,7.9365758982582975,7.9365758982582975,7.936575898258297
45,50.3933171205103,-5.3933171205102965,5.3933171205102965,11.985149156689548
100,89.83833099802814,10.161669001971859,10.161669001971859,10.161669001971859
100,92.70045013915012,7.299549860849879,7.299549860849879,7.29954986084988
77,71.727527887539,5.272472112461003,5.272472112461003,6.847366379819484
100,93.9853419986845,6.014658001315496,6.014658001315496,6.014658001315496
78,89.87904357236204,-11.879043572362036,11.879043572362036,15.22954304148979
76,71.42786619810308,4.572133801896925,4.572133801896925,6.015965528811743
73,69.80099619184054,3.1990038081594605,3.1990038081594605,4.3821969974787125
77,69.75094358015723,7.249056419842773,7.249056419842773,9.414358986808796
76,67.59723026424776,8.402769735752244,8.402769735752244,11.056275968095058
44,46.07837957034202,-2.0783795703420225,2.0783795703420225,4.723589932595506
77,70.15278722382875,6.847212776171247,6.847212776171247,8.892484124897724
100,87.56124079813208,12.438759201867924,12.438759201867924,12.438759201867924
99,93.9213350327753,5.078664967224697,5.078664967224697,5.12996461335828
100,91.1116005418403,8.888399458159697,8.888399458159697,8.888399458159697
76,85.91282796192094,-9.91282796192094,9.91282796192094,13.043194686738078
76,78.3687391679437,-2.3687391679437013,2.3687391679437013,3.1167620630838178
47,56.02383044798818,-9.023830447988182,9.023830447988182,19.199639251038686
76,84.81454887864086,-8.814548878640863,8.814548878640863,11.59809062979061
47,56.07531512302725,-9.075315123027252,9.075315123027252,19.309181112823943
76,64.5177138251193,11.482286174880699,11.482286174880699,15.108271282737762
100,92.34608269360284,7.653917306397162,7.653917306397162,7.653917306397162
77,78.46905791528795,-1.469057915287948,1.469057915287948,1.9078674224518803
76,83.05213916658516,-7.052139166585164,7.052139166585164,9.2791304823489
73,67.34583788336847,5.654162116631525,5.654162116631525,7.745427557029487
38,33.21306457649361,4.786935423506392,4.786935423506392,12.597198482911558
39,42.938733569424286,-3.9387335694242864,3.9387335694242864,10.099316844677658
76,77.01480151837286,-1.0148015183728631,1.0148015183728631,1.3352651557537671
78,73.56788618468849,4.43211381531151,4.43211381531151,5.68219719911732
75,58.46840218033047,16.53159781966953,16.53159781966953,22.042130426226038
78,74.22248161817694,3.7775183818230573,3.7775183818230573,4.842972284388535
76,70.71586625157833,5.284133748421667,5.284133748421667,6.952807563712719
76,64.52403050337138,11.475969496628622,11.475969496628622,15.09995986398503
47,57.104792387789814,-10.104792387789814,10.104792387789814,21.49955827189322
36,36.63135470497849,-0.6313547049784916,0.6313547049784916,1.7537630693846988
39,46.96708106459107,-7.967081064591071,7.967081064591071,20.42841298613095
76,66.71121191945535,9.288788080544649,9.288788080544649,12.222089579664011
51,67.85752541244204,-16.857525412442044,16.857525412442044,33.05397139694519
100,92.63365119092742,7.366348809072576,7.366348809072576,7.366348809072576
100,98.81336848998203,1.1866315100179747,1.1866315100179747,1.1866315100179747
77,85.77938789352132,-8.779387893521317,8.779387893521317,11.401802459118594
100,97.20404257126265,2.7959574287373528,2.7959574287373528,2.7959574287373528
76,73.1799666974416,2.8200333025584,2.8200333025584,3.710570134945263
77,78.97314380529053,-1.9731438052905332,1.9731438052905332,2.5625244224552377
100,90.08459341336135,9.915406586638653,9.915406586638653,9.915406586638653
38,36.544745383054234,1.4552546169457656,1.4552546169457656,3.8296174130151726
47,55.983217139964694,-8.983217139964694,8.983217139964694,19.113227957371688
47,52.30636816683435,-5.306368166834353,5.306368166834353,11.290145035817774
74,74.58480506924033,-0.5848050692403319,0.5848050692403319,0.7902771205950432
77,71.62281806718345,5.377181932816555,5.377181932816555,6.983353159502019
48,53.90063701165577,-5.900637011655768,5.900637011655768,12.29299377428285
78,72.23426219988106,5.765737800118941,5.765737800118941,7.391971538614027
100,94.60496365975042,5.395036340249575,5.395036340249575,5.395036340249575
100,90.41790120904415,9.582098790955854,9.582098790955854,9.582098790955854
33,21.535734493515243,11.464265506484757,11.464265506484757,34.74019850449926
99,92.87935823446915,6.1206417655308485,6.1206417655308485,6.18246642982914
74,69.9828826904774,4.017117309522604,4.017117309522604,5.428536904760276
100,98.25966963321872,1.7403303667812793,1.7403303667812793,1.7403303667812793
49,60.296687768635834,-11.296687768635834,11.296687768635834,23.054464833950682
100,94.77050329158239,5.229496708417614,5.229496708417614,5.229496708417614
37,37.46510196084006,-0.46510196084005884,0.46510196084005884,1.2570323265947536
40,40.23464787643204,-0.23464787643204232,0.23464787643204232,0.5866196910801058
77,71.76111343071616,5.238886569283835,5.238886569283835,6.803748791277709
75,70.66067569498834,4.339324305011658,4.339324305011658,5.7857657400155444
39,39.48974270665208,-0.48974270665208053,0.48974270665208053,1.2557505298771297
77,72.2761760774548,4.7238239225451935,4.7238239225451935,6.134836263045706
78,92.68812098172339,-14.688120981723387,14.688120981723387,18.830924335542804
75,62.2571788509763,12.742821149023698,12.742821149023698,16.99042819869826
48,58.03867374655714,-10.038673746557137,10.038673746557137,20.913903638660702
37,36.863535119955266,0.13646488004473412,0.13646488004473412,0.368824000120903
74,65.41587915899751,8.584120841002488,8.584120841002488,11.60016329865201
74,72.59355066937475,1.4064493306252501,1.4064493306252501,1.9006072035476353
71,74.72643578885878,-3.7264357888587796,3.7264357888587796,5.248501111068704
74,91.1009773334469,-17.100977333446906,17.100977333446906,23.109428828982306
76,76.8386033315709,-0.8386033315708943,0.8386033315708943,1.1034254362774925
40,43.537778518106784,-3.5377785181067836,3.5377785181067836,8.844446295266959
40,34.37306955543474,5.626930444565261,5.626930444565261,14.067326111413154
35,30.940177649566273,4.059822350433727,4.059822350433727,11.599492429810649
99,88.16332433691113,10.836675663088869,10.836675663088869,10.9461370334231
47,52.61081685143843,-5.610816851438429,5.610816851438429,11.937908194549848
76,70.1972476421204,5.802752357879598,5.802752357879598,7.635200470894207
99,88.53992702777364,10.460072972226357,10.460072972226357,10.565730274976119
76,69.76811329371914,6.231886706280861,6.231886706280861,8.199850929316922
38,26.396752661807938,11.603247338192062,11.603247338192062,30.534861416294902
78,87.73441048148742,-9.734410481487416,9.734410481487416,12.480013437804379
42,39.273204483573494,2.726795516426506,2.726795516426506,6.492370277205967
43,52.34521237112463,-9.345212371124632,9.345212371124632,21.733052025871235
77,69.73380575769724,7.26619424230276,7.26619424230276,9.436615899094493
78,79.18103864750627,-1.18103864750627,1.18103864750627,1.5141521121875257
74,70.19821584966358,3.8017841503364167,3.8017841503364167,5.137546149103265
77,72.46638675215966,4.533613247840336,4.533613247840336,5.887809412779657
79,85.63842677266763,-6.6384267726676285,6.6384267726676285,8.403071864136239
75,72.84920599757038,2.1507940024296204,2.1507940024296204,2.867725336572827
74,67.9593867869838,6.040613213016201,6.040613213016201,8.162990828400272
77,67.65556432002555,9.344435679974453,9.344435679974453,12.135630753213574
38,37.58604216126164,0.4139578387383622,0.4139578387383622,1.0893627335220057
78,74.83491408309055,3.1650859169094474,3.1650859169094474,4.057802457576214
48,59.71817357266464,-11.71817357266464,11.71817357266464,24.412861609717996
80,89.57556800235383,-9.575568002353833,9.575568002353833,11.969460002942292
77,77.71622490254789,-0.7162249025478928,0.7162249025478928,0.9301622111011595
79,82.38077511161794,-3.380775111617936,3.380775111617936,4.279462166604983
100,91.23354333993436,8.766456660065643,8.766456660065643,8.766456660065643
76,62.814642832326285,13.185357167673715,13.185357167673715,17.349154167991728
77,70.47236142218841,6.527638577811587,6.527638577811587,8.477452698456606
75,57.449773518363415,17.550226481636585,17.550226481636585,23.400301975515447
100,94.85465769820104,5.145342301798962,5.145342301798962,5.145342301798962
76,76.39444684887398,-0.39444684887398296,0.39444684887398296,0.5190090116762934
99,92.53118659879527,6.468813401204727,6.468813401204727,6.534154950711846
73,53.109619877410076,19.890380122589924,19.890380122589924,27.24709605834236
46,48.9706579128264,-2.970657912826397,2.970657912826397,6.457951984405211
77,75.69624933765829,1.303750662341713,1.303750662341713,1.693182678365861
41,47.72554391078587,-6.725543910785873,6.725543910785873,16.403765636063106
75,87.35323432139091,-12.353234321390914,12.353234321390914,16.470979095187886
77,70.20910219204926,6.790897807950742,6.790897807950742,8.81934780253343
97,98.68238441385614,-1.6823844138561412,1.6823844138561412,1.7344169215011764
50,57.28290805681113,-7.282908056811131,7.282908056811131,14.565816113622262
73,60.039319943048554,12.960680056951446,12.960680056951446,17.75435624239924
76,66.33401914920469,9.665980850795307,9.665980850795307,12.718395856309614
100,95.76151427588391,4.238485724116089,4.238485724116089,4.238485724116089
53,72.62792899649172,-19.62792899649172,19.62792899649172,37.03382829526739
100,96.3433548592619,3.6566451407381066,3.6566451407381066,3.6566451407381066
39,39.10183394281421,-0.10183394281420988,0.10183394281420988,0.2611126738825894
76,89.51287927992139,-13.512879279921393,13.512879279921393,17.780104315686042
50,62.97348325835597,-12.97348325835597,12.97348325835597,25.94696651671194
42,42.31451824806902,-0.31451824806902096,0.31451824806902096,0.748852971592907
100,90.49767516620872,9.502324833791278,9.502324833791278,9.502324833791278
76,71.88243069945494,4.117569300545057,4.117569300545057,5.4178543428224435
73,74.33071933079542,-1.330719330795418,1.330719330795418,1.8229031928704356
78,72.42433050236528,5.5756694976347205,5.5756694976347205,7.14829422773682
98,83.7890941891196,14.210905810880405,14.210905810880405,14.50092429681674
79,91.91026820256751,-12.910268202567508,12.910268202567508,16.34211164881963
98,83.07987463804656,14.920125361953438,14.920125361953438,15.224617716279019
76,67.12141865831792,8.878581341682079,8.878581341682079,11.682343870634314
75,69.7718854248697,5.228114575130306,5.228114575130306,6.970819433507075
74,63.038663831030526,10.961336168969474,10.961336168969474,14.812616444553345
34,35.69323224998556,-1.693232249985563,1.693232249985563,4.980094852898715
51,55.181579644869984,-4.181579644869984,4.181579644869984,8.199175774254872
36,35.02129922771608,0.978700772283922,0.978700772283922,2.718613256344228
77,87.58130704086568,-10.581307040865681,10.581307040865681,13.741957195929455
34,26.665830048890477,7.334169951109523,7.334169951109523,21.5710880914986
80,82.08831237370843,-2.0883123737084333,2.0883123737084333,2.6103904671355416
78,75.48042202730997,2.51957797269003,2.51957797269003,3.2302281701154225
77,70.10161503017278,6.8983849698272195,6.8983849698272195,8.958941519256129
77,80.09848407750873,-3.0984840775087292,3.0984840775087292,4.024005295465882
80,80.45107520988476,-0.45107520988476324,0.45107520988476324,0.563844012355954
76,67.80006232973017,8.199937670269833,8.199937670269833,10.789391671407675
42,49.91246678905351,-7.912466789053511,7.912466789053511,18.8392066406036
49,58.804315895844425,-9.804315895844425,9.804315895844425,20.00880795070291
75,71.02653459355844,3.973465406441562,3.973465406441562,5.297953875255416
71,58.11219289174648,12.887807108253519,12.887807108253519,18.151840997540166
79,82.42624961723352,-3.4262496172335233,3.4262496172335233,4.337024831941169
100,91.95923479231413,8.040765207685865,8.040765207685865,8.040765207685865
77,72.45000485051534,4.549995149484658,4.549995149484658,5.909084609720336
100,96.34202626846215,3.657973731537851,3.657973731537851,3.657973731537851
75,74.9350932198996,0.06490678010040085,0.06490678010040085,0.08654237346720113
97,84.63311794893876,12.36688205106124,12.36688205106124,12.74936293923839
78,81.40894401915632,-3.4089440191563227,3.4089440191563227,4.370441050200414
44,49.876811119882696,-5.876811119882696,5.876811119882696,13.356388908824309
100,97.84968969794812,2.150310302051878,2.150310302051878,2.150310302051878
99,86.54773695399082,12.452263046009179,12.452263046009179,12.578043480817353
77,80.90532334336268,-3.9053233433626815,3.9053233433626815,5.071848497873612
77,71.76760246077819,5.232397539221807,5.232397539221807,6.795321479508841
76,80.94960367951083,-4.94960367951083,4.94960367951083,6.512636420408986
36,30.667435681820848,5.332564318179152,5.332564318179152,14.812678661608755
48,60.01897115460129,-12.018971154601289,12.018971154601289,25.039523238752686
36,33.56505616238236,2.434943837617638,2.434943837617638,6.763732882271217
79,94.80868792948911,-15.80868792948911,15.80868792948911,20.01099737910014
77,73.02599604716166,3.974003952838345,3.974003952838345,5.161044094595253
39,45.0654842997228,-6.065484299722797,6.065484299722797,15.55252384544307
79,104.39558027868932,-25.395580278689323,25.395580278689323,32.14630415023965
79,86.45235943865782,-7.4523594386578225,7.4523594386578225,9.433366378047877
74,80.51605116258833,-6.516051162588326,6.516051162588326,8.80547454403828
77,72.09952362467686,4.900476375323137,4.900476375323137,6.364255032887191
77,88.61650428774689,-11.616504287746892,11.616504287746892,15.086369204866093
73,65.17891689877027,7.821083101229732,7.821083101229732,10.71381246743799
77,83.93217032592516,-6.932170325925156,6.932170325925156,9.002818605097605
73,58.137712429913186,14.862287570086814,14.862287570086814,20.359298041214814
37,36.27529120648378,0.7247087935162213,0.7247087935162213,1.9586724149087062
100,96.07928833119217,3.920711668807826,3.920711668807826,3.9207116688078263
49,54.89587357761668,-5.895873577616683,5.895873577616683,12.032395056360578
75,68.66032671364849,6.339673286351513,6.339673286351513,8.45289771513535
74,98.51261273603654,-24.512612736036544,24.512612736036544,33.12515234599533
79,85.36152502529802,-6.361525025298022,6.361525025298022,8.052563323162053
77,71.75930845547141,5.2406915445285875,5.2406915445285875,6.806092914972192
77,84.78355219412548,-7.783552194125477,7.783552194125477,10.1085093430201
39,48.31834780086416,-9.31834780086416,9.31834780086416,23.893199489395283
47,53.3607020399776,-6.360702039977603,6.360702039977603,13.533408595697027
100,92.98459537559428,7.015404624405718,7.015404624405718,7.015404624405718
73,69.86485454560302,3.1351454543969766,3.1351454543969766,4.294719800543803
100,95.03832428766782,4.96167571233218,4.96167571233218,4.96167571233218
74,77.98494032610378,-3.984940326103782,3.984940326103782,5.385054494734841
74,65.57224021539,8.427759784610004,8.427759784610004,11.388864573797303
75,73.73408595519714,1.2659140448028552,1.2659140448028552,1.6878853930704736
78,72.56809454240063,5.43190545759937,5.43190545759937,6.963981355896628
51,66.3903652642961,-15.390365264296094,15.390365264296094,30.177186792737437
77,81.55856261852114,-4.558562618521137,4.558562618521137,5.920211192884593
40,47.61005184982981,-7.610051849829809,7.610051849829809,19.02512962457452
73,64.87847496705095,8.121525032949052,8.121525032949052,11.125376757464455
37,41.27075166581689,-4.2707516658168885,4.2707516658168885,11.542572069775375
48,59.99376702261857,-11.99376702261857,11.99376702261857,24.987014630455352
100,92.57134345807937,7.428656541920631,7.428656541920631,7.428656541920631
46,53.38373240947263,-7.383732409472628,7.383732409472628,16.051592194505716
77,76.55675153182733,0.44324846817266916,0.44324846817266916,0.5756473612632067
78,84.34204621604258,-6.342046216042576,6.342046216042576,8.130828482105866
100,93.55384829283472,6.446151707165285,6.446151707165285,6.446151707165285
77,70.26451521775707,6.735484782242935,6.735484782242935,8.747382834081733
51,75.79578525439172,-24.795785254391717,24.795785254391717,48.61918677331709
49,74.34269639768517,-25.342696397685174,25.342696397685174,51.71978856670444
75,67.97583747676313,7.024162523236868,7.024162523236868,9.36555003098249
75,69.97162190527814,5.028378094721859,5.028378094721859,6.704504126295811
75,77.28634636703109,-2.2863463670310864,2.2863463670310864,3.048461822708115
77,73.47706257569735,3.522937424302654,3.522937424302654,4.5752434081852655
35,29.111144381932135,5.888855618067865,5.888855618067865,16.825301765908186
75,91.87882025486203,-16.878820254862035,16.878820254862035,22.50509367314938
77,70.20792853220607,6.792071467793932,6.792071467793932,8.820872036096015
75,67.01457042914137,7.985429570858628,7.985429570858628,10.647239427811504
99,91.7947794072663,7.205220592733696,7.205220592733696,7.278000598720904
74,66.08803510387293,7.911964896127074,7.911964896127074,10.691844454225775
100,95.1506433869063,4.849356613093704,4.849356613093704,4.849356613093704
76,68.54407867168338,7.45592132831662,7.45592132831662,9.810422800416605
75,76.77873950406845,-1.7787395040684544,1.7787395040684544,2.3716526720912725
75,78.02140349132911,-3.02140349132911,3.02140349132911,4.0285379884388135
100,93.96168848981597,6.03831151018403,6.03831151018403,6.03831151018403
77,70.91017987661726,6.0898201233827365,6.0898201233827365,7.908857303094463
100,91.64431305397684,8.355686946023155,8.355686946023155,8.355686946023155
39,32.62393181263525,6.376068187364751,6.376068187364751,16.348892788114746
80,85.94780114953133,-5.94780114953133,5.94780114953133,7.434751436914162
37,40.888611704606475,-3.8886117046064754,3.8886117046064754,10.509761363801285
100,95.53289792650008,4.467102073499916,4.467102073499916,4.467102073499916
49,66.72551507476668,-17.725515074766676,17.725515074766676,36.17452056074832
80,93.44606527036183,-13.446065270361828,13.446065270361828,16.807581587952285
77,78.54645691381798,-1.546456913817977,1.546456913817977,2.008385602361009
44,47.88248241284178,-3.8824824128417816,3.8824824128417816,8.823823665549503
74,65.62654520202965,8.373454797970354,8.373454797970354,11.315479456716695
77,80.59044175145091,-3.5904417514509106,3.5904417514509106,4.662911365520663
51,72.42316228201541,-21.42316228201541,21.42316228201541,42.00620055297139
78,83.48523561993947,-5.485235619939473,5.485235619939473,7.032353358896761
76,69.65517921919995,6.344820780800049,6.344820780800049,8.34844839578954
44,47.13547657757213,-3.1354765775721276,3.1354765775721276,7.126083130845745
79,74.84739319964413,4.152606800355869,4.152606800355869,5.2564643042479355
76,69.13173652856946,6.868263471430538,6.868263471430538,9.037188778198075
75,64.85818379755145,10.141816202448553,10.141816202448553,13.522421603264737
75,71.16708870515708,3.8329112948429156,3.8329112948429156,5.110548393123888
48,54.614242326157616,-6.6142423261576155,6.6142423261576155,13.779671512828365
35,28.87679406327517,6.12320593672483,6.12320593672483,17.494874104928083
74,73.47723152243707,0.5227684775629342,0.5227684775629342,0.7064438885985598
75,78.17349904756288,-3.173499047562885,3.173499047562885,4.23133206341718
74,66.08617752904736,7.913822470952638,7.913822470952638,10.694354690476539
36,38.141699099141235,-2.141699099141235,2.141699099141235,5.949164164281208
51,64.08501690825247,-13.08501690825247,13.08501690825247,25.656895898534255
51,67.69147384897552,-16.69147384897552,16.69147384897552,32.72838009603043
75,64.59182027098717,10.40817972901283,10.40817972901283,13.877572972017106
100,89.57144891165086,10.428551088349138,10.428551088349138,10.428551088349138
49,76.3856051024508,-27.385605102450796,27.385605102450796,55.888990005001624
99,96.4263580381244,2.5736419618755946,2.5736419618755946,2.5996383453288834
100,89.72148397421722,10.278516025782778,10.278516025782778,10.278516025782778
76,84.11618560339214,-8.11618560339214,8.11618560339214,10.679191583410711
77,71.72106969076616,5.278930309233843,5.278930309233843,6.85575364835564
74,76.71385962637574,-2.7138596263757364,2.7138596263757364,3.6673778734807247
100,97.24966663057631,2.750333369423686,2.750333369423686,2.750333369423686
47,50.23163191979491,-3.231631919794907,3.231631919794907,6.875812595308313
100,97.68690307704549,2.3130969229545144,2.3130969229545144,2.3130969229545144
76,86.26396551261891,-10.26396551261891,10.26396551261891,13.505217779761725
76,79.84051989421015,-3.8405198942101464,3.8405198942101464,5.053315650276509
99,83.33356603632484,15.66643396367516,15.66643396367516,15.824680771389051
79,90.55528784352686,-11.555287843526855,11.555287843526855,14.626946637375765
78,81.54846552242535,-3.548465522425346,3.548465522425346,4.549314772340187
77,73.82290344730298,3.177096552697023,3.177096552697023,4.126099419087042
100,89.03079424566786,10.969205754332137,10.969205754332137,10.969205754332137
78,82.8105974155782,-4.810597415578201,4.810597415578201,6.167432584074616
77,65.68719362925064,11.312806370749357,11.312806370749357,14.691956325648514
47,60.56215185969407,-13.562151859694069,13.562151859694069,28.85564225466823
100,94.9854761804815,5.014523819518502,5.014523819518502,5.014523819518502
78,73.43801447370181,4.561985526298187,4.561985526298187,5.8486993926899835
76,76.90103401214594,-0.9010340121459421,0.9010340121459421,1.1855710686130818
100,92.53311595121406,7.466884048785943,7.466884048785943,7.466884048785944
100,94.42105537942622,5.578944620573779,5.578944620573779,5.578944620573779
39,40.41936558325323,-1.4193655832532315,1.4193655832532315,3.639398931418542
47,44.519097170479945,2.480902829520055,2.480902829520055,5.2785166585533085
77,81.18620462310875,-4.18620462310875,4.18620462310875,5.436629380660714
52,87.3971016543521,-35.3971016543521,35.3971016543521,68.0713493352925
98,86.10642181502493,11.89357818497507,11.89357818497507,12.136304270382723
100,92.17041085726927,7.829589142730725,7.829589142730725,7.829589142730725
76,92.84553875024311,-16.845538750243108,16.845538750243108,22.165182566109355
100,90.39082602035968,9.609173979640317,9.609173979640317,9.609173979640317
76,82.19549758344554,-6.195497583445544,6.195497583445544,8.15197050453361
78,72.51810333653721,5.481896663462791,5.481896663462791,7.028072645465117
44,52.87630021379196,-8.876300213791957,8.876300213791957,20.1734095767999
77,76.48306340066556,0.5169365993344428,0.5169365993344428,0.6713462329018738
48,51.07973719751874,-3.079737197518739,3.079737197518739,6.416119161497373
40,37.28577227462686,2.714227725373142,2.714227725373142,6.785569313432855
100,91.83595967003967,8.16404032996033,8.16404032996033,8.16404032996033
75,74.14682376838002,0.8531762316199831,0.8531762316199831,1.1375683088266442
74,84.18319841479979,-10.18319841479979,10.18319841479979,13.761078938918637
77,70.43342833725836,6.566571662741637,6.566571662741637,8.528015146417712
77,70.02728315252504,6.972716847474956,6.972716847474956,9.05547642529215
43,38.057111119709724,4.942888880290276,4.942888880290276,11.495090419279713
97,66.06093730082968,30.93906269917032,30.93906269917032,31.895940926979716
78,85.49467026514768,-7.4946702651476755,7.4946702651476755,9.6085516219842
77,71.56609599529018,5.433904004709817,5.433904004709817,7.057018187934827
42,51.16478943360445,-9.164789433604447,9.164789433604447,21.82092722286773
35,32.270090855496306,2.7299091445036936,2.7299091445036936,7.799740412867696
49,73.80303408979194,-24.803034089791936,24.803034089791936,50.618436917942724
75,69.0035900422214,5.996409957778596,5.996409957778596,7.995213277038128
74,77.38798300307471,-3.3879830030747087,3.3879830030747087,4.578355409560418
96,74.20873521917399,21.791264780826012,21.791264780826012,22.69923414669376
49,67.14388931912978,-18.143889319129784,18.143889319129784,37.028345549244456
76,65.43988076900492,10.560119230995085,10.560119230995085,13.894893724993532
77,77.26694023242386,-0.2669402324238632,0.2669402324238632,0.34667562652449774
37,35.491172603584,1.5088273964160024,1.5088273964160024,4.077911882205411
37,38.0187847173638,-1.0187847173638005,1.0187847173638005,2.7534722090913526
50,61.0738209438385,-11.073820943838498,11.073820943838498,22.147641887676997
36,39.68980535089357,-3.6898053508935718,3.6898053508935718,10.249459308037698
37,37.25359821352686,-0.25359821352685685,0.25359821352685685,0.6854005770996131
42,45.98907796832937,-3.9890779683293687,3.9890779683293687,9.497804686498498
100,90.56362862668006,9.436371373319943,9.436371373319943,9.436371373319943
100,90.75768456260045,9.242315437399554,9.242315437399554,9.242315437399554
100,88.87881961673935,11.12118038326065,11.12118038326065,11.12118038326065
75,76.53226402453542,-1.5322640245354222,1.5322640245354222,2.0430186993805632
44,47.58288672001029,-3.5828867200102934,3.5828867200102934,8.142924363659757
75,78.0874419843365,-3.0874419843364933,3.0874419843364933,4.1165893124486574
96,96.8330506989251,-0.8330506989251063,0.8330506989251063,0.8677611447136524
48,61.39474378791124,-13.394743787911239,13.394743787911239,27.90571622481508
78,81.16367757228748,-3.163677572287483,3.163677572287483,4.055996887548055
96,97.40730618592484,-1.4073061859248384,1.4073061859248384,1.4659439436717068
40,41.767335621543324,-1.7673356215433245,1.7673356215433245,4.418339053858311
75,74.8891120887113,0.11088791128869957,0.11088791128869957,0.14785054838493275
76,68.94360344338176,7.056396556618239,7.056396556618239,9.284732311339788
49,55.82111637154465,-6.8211163715446474,6.8211163715446474,13.920645656213566
99,85.92504189991347,13.074958100086533,13.074958100086533,13.207028383925792
76,76.2267467958836,-0.22674679588359936,0.22674679588359936,0.2983510472152623
48,60.38843500364133,-12.388435003641327,12.388435003641327,25.809239590919432
76,85.48589173519963,-9.48589173519963,9.48589173519963,12.481436493683724
40,48.484098816313946,-8.484098816313946,8.484098816313946,21.210247040784864
76,70.25258981689225,5.747410183107746,5.747410183107746,7.562381819878613
39,34.48397290242521,4.516027097574792,4.516027097574792,11.579556660448183
45,48.701931206096475,-3.701931206096475,3.701931206096475,8.2265137913255
45,42.22199672205326,2.7780032779467376,2.7780032779467376,6.1733406176594166
41,45.48039491109594,-4.480394911095942,4.480394911095942,10.927792466087665
76,91.19325951466237,-15.193259514662373,15.193259514662373,19.99113094034523
74,73.76644396990301,0.23355603009699166,0.23355603009699166,0.3156162568878266
37,32.672175867317634,4.327824132682366,4.327824132682366,11.696821980222612
47,68.69341365588072,-21.69341365588072,21.69341365588072,46.15619926783132
75,71.13401487661949,3.8659851233805114,3.8659851233805114,5.1546468311740155
76,72.31410680989859,3.6858931901014103,3.6858931901014103,4.84985946065975
47,51.644821635357765,-4.644821635357765,4.644821635357765,9.882599224165457
75,62.833072981037546,12.166927018962454,12.166927018962454,16.222569358616607
100,89.45094643493121,10.549053565068789,10.549053565068789,10.549053565068789
100,92.03589714518232,7.964102854817682,7.964102854817682,7.964102854817683
80,85.94711045025917,-5.947110450259174,5.947110450259174,7.433888062823968
77,83.2152808452304,-6.215280845230396,6.215280845230396,8.07179330549402
75,62.42639762922899,12.573602370771013,12.573602370771013,16.764803161028016
100,92.2882860104339,7.711713989566107,7.711713989566107,7.711713989566108
76,74.47669215520955,1.5233078447904518,1.5233078447904518,2.0043524273558577
76,64.25386288851948,11.746137111480522,11.746137111480522,15.455443567737529
81,91.78596308406676,-10.785963084066765,10.785963084066765,13.316003807489832
100,91.93050010430309,8.069499895696907,8.069499895696907,8.069499895696907
76,70.30530408374982,5.694695916250183,5.694695916250183,7.493020942434452
37,37.27856927283894,-0.2785692728389435,0.2785692728389435,0.7528899265917391
77,70.1665837891214,6.833416210878596,6.833416210878596,8.87456650763454
79,87.63055118120923,-8.630551181209228,8.630551181209228,10.924748330644592
77,93.233091652648,-16.233091652648,16.233091652648,21.081937211231168
35,31.35030229076795,3.6496977092320506,3.6496977092320506,10.427707740663001
52,64.40619446637152,-12.406194466371517,12.406194466371517,23.858066281483687
79,86.53136086933243,-7.531360869332431,7.531360869332431,9.533368189028394
55,80.67661298766072,-25.676612987660718,25.676612987660718,46.68475088665585
78,73.903065617405,4.096934382594995,4.096934382594995,5.252479977685891
79,79.60435869826398,-0.6043586982639795,0.6043586982639795,0.7650110104607335
76,80.29297631651335,-4.2929763165133465,4.2929763165133465,5.648653048043877
72,79.50097786984682,-7.500977869846821,7.500977869846821,10.418024819231695
75,71.40515768964983,3.594842310350174,3.594842310350174,4.7931230804668985
100,99.46470590298227,0.5352940970177258,0.5352940970177258,0.5352940970177258
74,82.7514486927848,-8.751448692784805,8.751448692784805,11.826282017276764
78,80.66056366630853,-2.6605636663085335,2.6605636663085335,3.4109790593699145
77,71.95245315654796,5.047546843452039,5.047546843452039,6.555255640846805
76,70.3072925760054,5.692707423994605,5.692707423994605,7.49040450525606
77,89.11830900123904,-12.11830900123904,12.11830900123904,15.738063637972779
40,47.49928156839789,-7.49928156839789,7.49928156839789,18.748203920994726
46,52.56116361983534,-6.561163619835341,6.561163619835341,14.263399173555088
76,69.54009156490635,6.459908435093652,6.459908435093652,8.49987951986007
75,84.41823519358189,-9.418235193581893,9.418235193581893,12.557646924775856
49,73.41640439020912,-24.416404390209124,24.416404390209124,49.8293967147125
35,32.01132265639636,2.9886773436036407,2.9886773436036407,8.539078124581831
78,71.52912484761366,6.470875152386341,6.470875152386341,8.295993785110694
100,87.71433963459395,12.285660365406045,12.285660365406045,12.285660365406045
76,65.53935912390214,10.460640876097855,10.460640876097855,13.764001152760336
100,93.12249070524253,6.877509294757473,6.877509294757473,6.877509294757473
45,46.61465805747435,-1.614658057474351,1.614658057474351,3.5881290166096687
74,60.92952213222517,13.070477867774827,13.070477867774827,17.66280792942544
78,92.70544202933644,-14.705442029336439,14.705442029336439,18.85313080684159
100,91.91941372629884,8.080586273701158,8.080586273701158,8.080586273701158
52,69.21797507104195,-17.21797507104195,17.21797507104195,33.111490521234515
75,73.81109653518331,1.1889034648166898,1.1889034648166898,1.5852046197555865
75,64.18085008243811,10.819149917561887,10.819149917561887,14.425533223415849
77,80.10083995239864,-3.100839952398644,3.100839952398644,4.027064873244993
50,64.97430531015353,-14.974305310153525,14.974305310153525,29.948610620307047
55,76.26152380875698,-21.261523808756976,21.261523808756976,38.65731601592178
99,98.58368106394316,0.41631893605683956,0.41631893605683956,0.4205241778351914
78,81.46959718156376,-3.4695971815637563,3.4695971815637563,4.448201514825328
37,27.950194807356063,9.049805192643937,9.049805192643937,24.458932953091722
77,74.42237875768755,2.5776212423124463,2.5776212423124463,3.347560054951229
99,97.12255332098623,1.8774466790137723,1.8774466790137723,1.8964107868825981
36,33.14904110590874,2.8509588940912565,2.8509588940912565,7.9193302613646015
76,96.6021054002349,-20.602105400234905,20.602105400234905,27.108033421361714
76,77.52927856246828,-1.5292785624682779,1.5292785624682779,2.0122086348266817
75,72.35866458726457,2.6413354127354296,2.6413354127354296,3.521780550313906
77,73.23264074113794,3.767359258862058,3.767359258862058,4.892674362158517
35,31.241519444805817,3.7584805551941827,3.7584805551941827,10.738515871983378
76,70.50755652391939,5.492443476080609,5.492443476080609,7.22689931063238
34,24.01650731804981,9.983492681950189,9.983492681950189,29.36321377044173
75,73.60668327816325,1.3933167218367544,1.3933167218367544,1.8577556291156725
100,95.08302744339159,4.916972556608414,4.916972556608414,4.916972556608414
48,50.24791512043132,-2.2479151204313226,2.2479151204313226,4.683156500898589
100,97.86272512915734,2.13727487084266,2.13727487084266,2.13727487084266
37,39.622551228086444,-2.6225512280864436,2.6225512280864436,7.087976292125524
75,71.99558157497168,3.0044184250283195,3.0044184250283195,4.005891233371093
39,50.11793212508229,-11.117932125082291,11.117932125082291,28.50751826944177
78,78.74870201941496,-0.7487020194149636,0.7487020194149636,0.959874383865338
48,52.975268571590945,-4.975268571590945,4.975268571590945,10.365142857481136
100,91.62458363816333,8.37541636183667,8.37541636183667,8.37541636183667
77,73.03431017927159,3.9656898207284144,3.9656898207284144,5.150246520426513
79,79.72442186726634,-0.7244218672663436,0.7244218672663436,0.9169897054004349
100,91.8550255884746,8.144974411525396,8.144974411525396,8.144974411525396
39,40.278332862253784,-1.2783328622537837,1.2783328622537837,3.2777765698814965
78,79.62031577595725,-1.620315775957252,1.620315775957252,2.077327917893913
99,98.84806617232307,0.15193382767692754,0.15193382767692754,0.1534685128049773
77,79.0306410830978,-2.030641083097805,2.030641083097805,2.6371962118153314
78,72.23658981445386,5.763410185546135,5.763410185546135,7.388987417366841
73,72.23149731595466,0.7685026840453446,0.7685026840453446,1.0527434028018419
42,48.492210826886975,-6.492210826886975,6.492210826886975,15.457644825921369
77,76.18701094396263,0.8129890560373667,0.8129890560373667,1.055829942905671
72,84.16483698881524,-12.164836988815239,12.164836988815239,16.895606928910052
45,45.73008143885453,-0.7300814388545334,0.7300814388545334,1.6224031974545188
72,69.0708915907427,2.929108409257296,2.929108409257296,4.068206123968467
47,63.47769938353343,-16.477699383533427,16.477699383533427,35.05893485858176
100,97.58044762583494,2.4195523741650646,2.4195523741650646,2.4195523741650646
78,82.03644694224255,-4.036446942242549,4.036446942242549,5.174931977234037
54,72.47449111691293,-18.47449111691293,18.47449111691293,34.212020586875795
100,93.53277858540181,6.4672214145981854,6.4672214145981854,6.4672214145981854
77,71.85124259476721,5.148757405232786,5.148757405232786,6.686697928873747
75,63.90350278128069,11.096497218719307,11.096497218719307,14.795329624959075
74,70.54993541196508,3.4500645880349197,3.4500645880349197,4.662249443290432
77,85.83850417098354,-8.83850417098354,8.83850417098354,11.47857684543317
79,85.11748921266823,-6.117489212668232,6.117489212668232,7.743657231225611
39,37.924339198756314,1.0756608012436857,1.0756608012436857,2.7581046185735527
100,90.27703992874717,9.722960071252828,9.722960071252828,9.722960071252828
38,39.46217710083597,-1.462177100835973,1.462177100835973,3.84783447588414
77,71.44474253341157,5.555257466588429,5.555257466588429,7.2146200864784795
76,75.93223744596988,0.06776255403012499,0.06776255403012499,0.08916125530279605
98,91.36333983953712,6.636660160462881,6.636660160462881,6.772102204553961
38,40.289949277178906,-2.2899492771789056,2.2899492771789056,6.026182308365541
100,94.84518667222561,5.1548133277743915,5.1548133277743915,5.1548133277743915
76,68.43926144956946,7.560738550430543,7.560738550430543,9.948340197934924
77,67.78635687054943,9.213643129450574,9.213643129450574,11.965770297987758
39,34.22391930421833,4.776080695781673,4.776080695781673,12.246360758414546
100,95.61543035582685,4.384569644173155,4.384569644173155,4.384569644173155
47,70.01996440593922,-23.01996440593922,23.01996440593922,48.9786476722111
100,92.64778823912579,7.352211760874212,7.352211760874212,7.352211760874212
74,61.521569842451065,12.478430157548935,12.478430157548935,16.862743456147207
77,71.73371784742992,5.266282152570085,5.266282152570085,6.8393274708702405
77,73.2299305131334,3.7700694868666034,3.7700694868666034,4.896194138787797
46,49.613993759200625,-3.613993759200625,3.613993759200625,7.856508172175271
100,86.2930665539175,13.706933446082502,13.706933446082502,13.706933446082504
77,78.52315166249358,-1.523151662493575,1.523151662493575,1.9781190421994481
35,30.013500504017692,4.986499495982308,4.986499495982308,14.247141417092307
77,75.98468074536925,1.0153192546307537,1.0153192546307537,1.3185964345853944
50,73.46058007517328,-23.460580075173283,23.460580075173283,46.921160150346566
77,70.74136548466525,6.258634515334748,6.258634515334748,8.12809677316201
78,91.7085304693269,-13.708530469326902,13.708530469326902,17.57503906323962
37,35.04656863242921,1.9534313675707935,1.9534313675707935,5.27954423667782
74,71.80667447823608,2.1933255217639243,2.1933255217639243,2.963953407789087
39,36.524905565029066,2.4750944349709343,2.4750944349709343,6.34639598710496
76,72.08831429657553,3.9116857034244674,3.9116857034244674,5.146954872926931
77,77.72772856136383,-0.7277285613638327,0.7277285613638327,0.9451020277452373
47,52.6757767180285,-5.6757767180285015,5.6757767180285015,12.076120676656386
76,83.55561567537411,-7.5556156753741135,7.5556156753741135,9.941599572860675
78,70.04930874953853,7.950691250461475,7.950691250461475,10.193193910848045
75,74.31223819015455,0.6877618098454548,0.6877618098454548,0.9170157464606064
38,46.21874758657914,-8.218747586579141,8.218747586579141,21.62828312257669
76,69.5621293571694,6.437870642830603,6.437870642830603,8.470882424777109
78,70.99444585243668,7.005554147563316,7.005554147563316,8.981479676363225
77,74.81948684808762,2.180513151912379,2.180513151912379,2.8318352622238687
77,74.0885222076281,2.9114777923718975,2.9114777923718975,3.781139990093373
100,90.35872271436662,9.641277285633379,9.641277285633379,9.641277285633379
39,47.02364601139114,-8.023646011391143,8.023646011391143,20.57345131125934
75,68.08625927978426,6.913740720215742,6.913740720215742,9.218320960287656
100,88.85411160327854,11.14588839672146,11.14588839672146,11.14588839672146
73,79.61506302494179,-6.61506302494179,6.61506302494179,9.061730171153137
100,101.86888055518703,-1.868880555187033,1.868880555187033,1.868880555187033
77,70.36627301195746,6.63372698804254,6.63372698804254,8.6152298546007
79,75.88711100332135,3.112888996678649,3.112888996678649,3.9403658185805686
98,87.42195219913083,10.578047800869172,10.578047800869172,10.793926327417521
76,75.90322638638173,0.09677361361826797,0.09677361361826797,0.12733370212929998
100,91.97592174531829,8.024078254681712,8.024078254681712,8.024078254681712
77,70.43404930149532,6.565950698504679,6.565950698504679,8.527208699356725
100,93.44271055736328,6.557289442636716,6.557289442636716,6.557289442636716
34,29.25046857113179,4.74953142886821,4.74953142886821,13.9692100849065
98,97.46900154047617,0.5309984595238291,0.5309984595238291,0.5418351627794175
78,71.73616570977862,6.263834290221382,6.263834290221382,8.030556782335104
96,94.49806186751067,1.5019381324893288,1.5019381324893288,1.5645188880097176
75,60.561277435907066,14.438722564092934,14.438722564092934,19.251630085457247
46,51.559485263896626,-5.559485263896626,5.559485263896626,12.085837530210055
48,76.8141682652082,-28.814168265208195,28.814168265208195,60.02951721918374
78,72.74469429736028,5.255305702639717,5.255305702639717,6.737571413640662
78,76.9622181814067,1.0377818185933023,1.0377818185933023,1.3304895110170543
99,82.3896036774007,16.6103963225993,16.6103963225993,16.778178103635657
45,54.49769315533956,-9.497693155339562,9.497693155339562,21.10598478964347
47,59.336868015839705,-12.336868015839705,12.336868015839705,26.248655352850434
78,82.84639511929252,-4.846395119292524,4.846395119292524,6.213327076016055
46,58.89568312379732,-12.895683123797319,12.895683123797319,28.034093747385473
47,61.52197864253232,-14.521978642532318,14.521978642532318,30.897826899004933
45,47.69984023885078,-2.6998402388507827,2.6998402388507827,5.999644975223962
100,87.84883813192391,12.151161868076088,12.151161868076088,12.151161868076088
100,97.66216037862438,2.337839621375622,2.337839621375622,2.337839621375622
77,68.97521329706312,8.02478670293688,8.02478670293688,10.421800912905038
73,66.78252298879453,6.2174770112054745,6.2174770112054745,8.517091796171883
100,92.57077826263861,7.429221737361388,7.429221737361388,7.429221737361388
38,39.54737791369445,-1.5473779136944472,1.5473779136944472,4.072047141301177
74,84.02891709288436,-10.028917092884356,10.028917092884356,13.552590666059942
74,82.2544970034266,-8.254497003426593,8.254497003426593,11.154725680306207
78,73.53785545289672,4.462144547103279,4.462144547103279,5.720698137311896
100,98.28589824992166,1.714101750078342,1.714101750078342,1.714101750078342
78,71.81615234133767,6.18384765866233,6.18384765866233,7.928009818797858
79,85.80897653672844,-6.808976536728437,6.808976536728437,8.618957641428402
74,60.244457736826234,13.755542263173766,13.755542263173766,18.588570625910496
37,32.208282828900224,4.791717171099776,4.791717171099776,12.950586948918314
79,78.83325246140821,0.16674753859179248,0.16674753859179248,0.21107283366049678
47,75.30769208561578,-28.307692085615784,28.307692085615784,60.22913209705486
100,93.32455332731627,6.675446672683734,6.675446672683734,6.675446672683734
48,62.225608771225836,-14.225608771225836,14.225608771225836,29.636684940053826
100,94.57998895894687,5.4200110410531295,5.4200110410531295,5.4200110410531295
100,90.20519010495227,9.794809895047734,9.794809895047734,9.794809895047734
47,53.391196947800935,-6.391196947800935,6.391196947800935,13.598291378299862
77,75.95284323151309,1.0471567684869143,1.0471567684869143,1.3599438551778107
76,64.11372259895587,11.886277401044126,11.886277401044126,15.639838685584376
74,72.11964937636385,1.8803506236361471,1.8803506236361471,2.541014356265064
79,81.19600398772376,-2.1960039877237563,2.1960039877237563,2.779751883194628
76,77.50475935995219,-1.504759359952189,1.504759359952189,1.9799465262528804
49,55.87558456644662,-6.875584566446619,6.875584566446619,14.03180523764616
76,69.51845403569618,6.48154596430382,6.48154596430382,8.528349953031341
38,37.71639851287948,0.2836014871205208,0.2836014871205208,0.746319702948739
76,75.68377253092328,0.31622746907672195,0.31622746907672195,0.41608877510095
97,72.64755866191832,24.352441338081675,24.352441338081675,25.105609626888324
100,93.86448488253131,6.135515117468685,6.135515117468685,6.135515117468685
39,38.634377178749126,0.36562282125087364,0.36562282125087364,0.9374944134637785
100,95.7658572643156,4.234142735684401,4.234142735684401,4.234142735684401
100,91.8346305485606,8.165369451439403,8.165369451439403,8.165369451439403
100,96.45950616219176,3.540493837808242,3.540493837808242,3.5404938378082424
78,84.8445468831439,-6.844546883143906,6.844546883143906,8.77506010659475
97,78.47927801993617,18.520721980063826,18.520721980063826,19.09352781449879
72,82.30084990111129,-10.300849901111292,10.300849901111292,14.306735973765683
100,91.55171402696514,8.448285973034857,8.448285973034857,8.448285973034857
38,35.09973554463015,2.9002644553698502,2.9002644553698502,7.632274882552236
100,97.80689737402112,2.193102625978881,2.193102625978881,2.193102625978881
74,62.2970782576414,11.702921742358598,11.702921742358598,15.814759111295402
37,42.562500743960896,-5.562500743960896,5.562500743960896,15.03378579448891
75,81.77227960008152,-6.772279600081518,6.772279600081518,9.029706133442025
100,94.89660337750308,5.103396622496916,5.103396622496916,5.103396622496916
41,51.57185388817379,-10.571853888173791,10.571853888173791,25.785009483350713
53,64.0637420454697,-11.063742045469695,11.063742045469695,20.874984991452255
77,75.14280523294184,1.8571947670581608,1.8571947670581608,2.4119412559196896
36,39.33373053647595,-3.3337305364759473,3.3337305364759473,9.260362601322075
77,70.02350543722662,6.976494562773382,6.976494562773382,9.06038254905634
98,82.11026988562507,15.889730114374927,15.889730114374927,16.21401032079074
75,77.81654315218734,-2.816543152187336,2.816543152187336,3.7553908695831146
75,57.87047918693047,17.129520813069533,17.129520813069533,22.83936108409271
39,46.81649090083006,-7.816490900830061,7.816490900830061,20.042284361102723
50,62.512714426789735,-12.512714426789735,12.512714426789735,25.025428853579466
100,89.95015621967246,10.049843780327535,10.049843780327535,10.049843780327535
36,33.725226506435014,2.274773493564986,2.274773493564986,6.318815259902738
37,32.83065985547641,4.169340144523588,4.169340144523588,11.268486877090778
99,94.79126408730433,4.208735912695673,4.208735912695673,4.251248396662296
100,97.14269803106012,2.857301968939879,2.857301968939879,2.857301968939879
39,39.38593378047293,-0.38593378047293214,0.38593378047293214,0.9895737960844414
39,36.10878536183557,2.8912146381644277,2.8912146381644277,7.413370867088275
77,83.87277767675585,-6.872777676755845,6.872777676755845,8.92568529448811
97,77.1152364978126,19.884763502187397,19.884763502187397,20.499756187822058
75,68.39991469368002,6.600085306319983,6.600085306319983,8.800113741759978
78,78.1649822558145,-0.16498225581449333,0.16498225581449333,0.21151571258268376
51,59.18495300562423,-8.18495300562423,8.18495300562423,16.048927462008294
76,71.52020981886992,4.479790181130085,4.479790181130085,5.894460764644848
50,56.77001579367415,-6.770015793674148,6.770015793674148,13.540031587348295
79,87.17492009402561,-8.174920094025609,8.174920094025609,10.348000119019758
74,62.73537621064412,11.26462378935588,11.26462378935588,15.222464580210648
100,90.54589573197805,9.45410426802195,9.45410426802195,9.45410426802195
39,34.91177277710797,4.08822722289203,4.08822722289203,10.482633904851358
73,64.69728415247744,8.302715847522563,8.302715847522563,11.373583352770634
39,43.84737524869868,-4.8473752486986825,4.8473752486986825,12.429167304355596
49,64.882513497453,-15.882513497453004,15.882513497453004,32.41329285194491
49,88.15449256485098,-39.15449256485098,39.15449256485098,79.90712768336935
78,79.69264216369609,-1.6926421636960924,1.6926421636960924,2.170054056020631
78,73.52691536109137,4.473084638908631,4.473084638908631,5.734723896036707
76,68.56222793494724,7.437772065052755,7.437772065052755,9.786542190858889
45,52.477723398923864,-7.477723398923864,7.477723398923864,16.617163108719698
78,73.14425893206075,4.855741067939249,4.855741067939249,6.2253090614605755
100,87.86282503522358,12.13717496477642,12.13717496477642,12.13717496477642
79,81.42826954764844,-2.4282695476484406,2.4282695476484406,3.0737589210739755
35,36.03200217012029,-1.0320021701202933,1.0320021701202933,2.9485776289151238
99,97.32516104351895,1.6748389564810537,1.6748389564810537,1.6917565216980341
74,54.80124737923312,19.198752620766882,19.198752620766882,25.944260298333628
74,71.44691875286388,2.55308124713612,2.55308124713612,3.4501097934271896
100,92.05065546370892,7.949344536291079,7.949344536291079,7.949344536291079
52,71.34195465658425,-19.34195465658425,19.34195465658425,37.196066647277405
74,68.14258056895423,5.85741943104577,5.85741943104577,7.915431663575364
78,82.54598095937315,-4.5459809593731535,4.5459809593731535,5.828180717145068
39,44.88803865565638,-5.888038655656381,5.888038655656381,15.09753501450354
77,66.91885663823895,10.08114336176105,10.08114336176105,13.092393976313051
76,68.36394534995826,7.636054650041743,7.636054650041743,10.047440329002292
76,68.3518527368268,7.6481472631732,7.6481472631732,10.063351662070001
78,83.78526271029561,-5.785262710295612,5.785262710295612,7.417003474737964
39,47.69978679863567,-8.699786798635671,8.699786798635671,22.307145637527363
37,43.73608953563767,-6.736089535637667,6.736089535637667,18.20564739361532
53,80.66687201450488,-27.666872014504875,27.666872014504875,52.20164531038656
49,61.11617557872284,-12.116175578722839,12.116175578722839,24.726888936169058
80,84.12557873351162,-4.125578733511617,4.125578733511617,5.156973416889521
76,68.99936386287648,7.0006361371235215,7.0006361371235215,9.211363338320423
100,96.45586955564997,3.5441304443500314,3.5441304443500314,3.5441304443500314
98,98.88776843436469,-0.8877684343646877,0.8877684343646877,0.9058861575149874
76,79.57491279470375,-3.5749127947037493,3.5749127947037493,4.703832624610197
77,68.67170080238428,8.32829919761572,8.32829919761572,10.81597298391652
77,71.16451221501983,5.835487784980174,5.835487784980174,7.578555564909317
72,49.5967070830642,22.403292916935797,22.403292916935797,31.115684606855275
100,95.76864915629632,4.23135084370368,4.23135084370368,4.23135084370368
75,79.73309521657569,-4.733095216575691,4.733095216575691,6.310793622100921
75,77.09285269749027,-2.0928526974902724,2.0928526974902724,2.7904702633203633
37,40.58209091033746,-3.582090910337463,3.582090910337463,9.681326784695846
77,89.00420470421825,-12.004204704218253,12.004204704218253,15.589876239244486
76,68.6907650685522,7.309234931447804,7.309234931447804,9.617414383483954
77,81.2283755949377,-4.228375594937702,4.228375594937702,5.491396876542471
49,67.4379209493114,-18.437920949311405,18.437920949311405,37.62841010063552
76,70.63482820964417,5.365171790355831,5.365171790355831,7.059436566257673
50,56.49690894441575,-6.49690894441575,6.49690894441575,12.993817888831503
100,95.7244595051558,4.2755404948441935,4.2755404948441935,4.2755404948441935
77,80.74249404718238,-3.742494047182376,3.742494047182376,4.8603818794576314
80,80.99326625373999,-0.9932662537399892,0.9932662537399892,1.2415828171749865
48,54.54603670463831,-6.546036704638311,6.546036704638311,13.637576467996482
73,59.90526097425497,13.094739025745028,13.094739025745028,17.937998665404148
77,72.59134077184271,4.4086592281572905,4.4086592281572905,5.725531465139339
75,68.36897903975441,6.631020960245593,6.631020960245593,8.841361280327458
74,67.05156662610803,6.948433373891973,6.948433373891973,9.389774829583747
77,73.02892824243196,3.9710717575680405,3.9710717575680405,5.157236048789663
75,68.44386358324816,6.556136416751841,6.556136416751841,8.741515222335787
78,85.64986308017008,-7.649863080170078,7.649863080170078,9.807516769448817
49,59.42795441748636,-10.427954417486362,10.427954417486362,21.281539627523188
42,38.99711446117029,3.002885538829709,3.002885538829709,7.149727473404069
100,95.42582108571742,4.574178914282584,4.574178914282584,4.574178914282584
78,95.89139929488204,-17.891399294882035,17.891399294882035,22.937691403694917
77,71.57443982078723,5.425560179212766,5.425560179212766,7.04618205092567
55,83.45389310785353,-28.45389310785353,28.45389310785353,51.73435110518824
50,61.75096969555982,-11.750969695559817,11.750969695559817,23.501939391119635
100,88.58717388011792,11.412826119882084,11.412826119882084,11.412826119882084
49,56.24458008151154,-7.244580081511543,7.244580081511543,14.784857309207231
98,97.33163130006547,0.6683686999345326,0.6683686999345326,0.682008877484217
37,33.3951377202825,3.6048622797175014,3.6048622797175014,9.742871026263519
97,103.49579249248868,-6.495792492488675,6.495792492488675,6.696693291225439
77,70.05530952093211,6.944690479067887,6.944690479067887,9.01907854424401
75,63.61569734235866,11.384302657641342,11.384302657641342,15.179070210188456
76,68.71896947910356,7.2810305208964365,7.2810305208964365,9.580303316968996
100,91.20105645779115,8.798943542208846,8.798943542208846,8.798943542208846
52,66.27163583748852,-14.271635837488517,14.271635837488517,27.445453533631763
76,86.24285439943384,-10.242854399433838,10.242854399433838,13.47743999925505
38,46.861434099495796,-8.861434099495796,8.861434099495796,23.319563419725778
76,79.29065222775311,-3.290652227753114,3.290652227753114,4.3298055628330445
77,74.44067796092327,2.559322039076733,2.559322039076733,3.323794855943809
76,66.84857756049554,9.151422439504458,9.151422439504458,12.041345315137445
76,68.7785588021504,7.2214411978496,7.2214411978496,9.501896312960001
100,101.6498036769541,-1.6498036769540931,1.6498036769540931,1.6498036769540931
37,38.69944923035037,-1.6994492303503677,1.6994492303503677,4.593106027973967
74,71.52463758690712,2.4753624130928813,2.4753624130928813,3.3450843420174072
100,93.22290943213866,6.777090567861336,6.777090567861336,6.777090567861337
37,40.055735007413844,-3.055735007413844,3.055735007413844,8.25874326328066
44,52.67802963372347,-8.678029633723469,8.678029633723469,19.722794622098792
100,100.47378433727202,-0.47378433727202207,0.47378433727202207,0.473784337272022
78,82.27225840997954,-4.272258409979543,4.272258409979543,5.477254371768645
35,27.899733974568477,7.100266025431523,7.100266025431523,20.28647435837578
78,84.22537824698861,-6.225378246988612,6.225378246988612,7.9812541628059135
78,82.06294923164236,-4.062949231642364,4.062949231642364,5.208909271336363
75,71.31547449153372,3.6845255084662796,3.6845255084662796,4.91270067795504
99,95.05084126224281,3.9491587377571875,3.9491587377571875,3.9890492300577653
79,77.45838364689774,1.5416163531022562,1.5416163531022562,1.9514131051927293
99,93.08262888280863,5.917371117191365,5.917371117191365,5.97714254261754
76,70.74568522559902,5.2543147744009815,5.2543147744009815,6.913572071580239
97,81.61668403461317,15.383315965386828,15.383315965386828,15.859088624110132
78,86.736138756498,-8.736138756497994,8.736138756497994,11.200177892946146
35,38.46376560783443,-3.463765607834432,3.463765607834432,9.896473165241234
72,71.89689741854426,0.1031025814557438,0.1031025814557438,0.1431980297996442
75,70.5763122464301,4.423687753569894,4.423687753569894,5.898250338093192
33,23.05071261908128,9.949287380918719,9.949287380918719,30.149355699753695
76,74.94639741959124,1.0536025804087643,1.0536025804087643,1.3863191847483742
78,78.16412055540857,-0.16412055540857295,0.16412055540857295,0.2104109684725294
76,76.83547393028445,-0.8354739302844507,0.8354739302844507,1.099307803005856
99,99.0312385821434,-0.031238582143402027,0.031238582143402027,0.03155412337717377
77,71.51279358430767,5.487206415692327,5.487206415692327,7.1262420983017245
75,73.1405451608425,1.8594548391574932,1.8594548391574932,2.479273118876658
77,70.97553217951712,6.024467820482883,6.024467820482883,7.823984182445303
76,77.6055380200104,-1.6055380200103997,1.6055380200103997,2.112550026329473
100,96.88031677202522,3.1196832279747753,3.1196832279747753,3.1196832279747753
76,67.08238093542145,8.917619064578545,8.917619064578545,11.733709295498086
46,48.703289312649396,-2.703289312649396,2.703289312649396,5.876715897063904
38,38.032344412565116,-0.03234441256511644,0.03234441256511644,0.08511687517135906
80,92.17527722229107,-12.175277222291072,12.175277222291072,15.21909652786384
79,77.31567513702932,1.6843248629706835,1.6843248629706835,2.1320567885704858
77,70.80605621952739,6.193943780472608,6.193943780472608,8.044082831782609
100,93.2659913497718,6.734008650228205,6.734008650228205,6.734008650228204
76,71.9399587241319,4.060041275868102,4.060041275868102,5.34215957351066
100,95.81216856045143,4.1878314395485745,4.1878314395485745,4.1878314395485745
45,48.467551267596825,-3.467551267596825,3.467551267596825,7.705669483548499
98,79.04979021432413,18.950209785675867,18.950209785675867,19.33694876089374
74,66.68278125879905,7.317218741200946,7.317218741200946,9.888133434055332
73,68.955924115025,4.044075884975001,4.044075884975001,5.53982997941781
41,47.64999439038036,-6.649994390380357,6.649994390380357,16.219498513122822
77,66.61927482562844,10.380725174371563,10.380725174371563,13.481461265417613
77,70.03821390072464,6.961786099275358,6.961786099275358,9.041280648409556
73,72.30187072260554,0.6981292773944574,0.6981292773944574,0.9563414758828184
100,95.2642670250444,4.735732974955596,4.735732974955596,4.735732974955596
35,36.63209245732801,-1.6320924573280067,1.6320924573280067,4.663121306651448
97,80.80877917673112,16.19122082326888,16.19122082326888,16.691980230174103
80,88.82982727287217,-8.829827272872166,8.829827272872166,11.037284091090207
49,53.777095089253194,-4.777095089253194,4.777095089253194,9.74917365153713
75,71.23834658177952,3.761653418220476,3.761653418220476,5.015537890960635
76,65.50766531920405,10.492334680795949,10.492334680795949,13.805703527363091
47,62.70463464879679,-15.704634648796791,15.704634648796791,33.41411627403573
76,73.56718634689578,2.432813653104219,2.432813653104219,3.2010705961897616
51,65.21943220877739,-14.219432208777391,14.219432208777391,27.88123962505371
100,90.99190242508048,9.008097574919518,9.008097574919518,9.008097574919518
76,88.30483810243723,-12.30483810243723,12.30483810243723,16.190576450575303
78,92.18259898449257,-14.182598984492572,14.182598984492572,18.182819210887914
49,59.05606597467127,-10.05606597467127,10.05606597467127,20.5225836217781
39,40.18761842563243,-1.1876184256324294,1.1876184256324294,3.0451754503395625
75,64.420866293624,10.579133706375998,10.579133706375998,14.105511608501331
76,66.40641435485377,9.593585645146234,9.593585645146234,12.62313900677136
36,28.76684970202861,7.233150297971392,7.233150297971392,20.092084161031643
100,98.3531192813875,1.6468807186124934,1.6468807186124934,1.6468807186124934
100,96.5533803071917,3.446619692808298,3.446619692808298,3.4466196928082975
46,54.26114848638624,-8.26114848638624,8.26114848638624,17.959018448665738
79,86.901482268115,-7.901482268115004,7.901482268115004,10.00187628875317
78,94.20174901113307,-16.201749011133074,16.201749011133074,20.77147309119625
38,31.43902759146873,6.560972408531271,6.560972408531271,17.265716864555973
47,54.35871146553849,-7.358711465538491,7.358711465538491,15.656832905401044
51,59.414197069828404,-8.414197069828404,8.414197069828404,16.498425627114518
44,58.26826587812096,-14.268265878120957,14.268265878120957,32.42787699572945
73,81.22373578258377,-8.223735782583773,8.223735782583773,11.26539148299147
76,73.55350032394611,2.4464996760538895,2.4464996760538895,3.219078521123539
43,45.079176643283326,-2.0791766432833256,2.0791766432833256,4.835294519263548
72,69.12382323033727,2.8761767696627345,2.8761767696627345,3.994689957864909
100,102.8333015538928,-2.8333015538927953,2.8333015538927953,2.8333015538927953
77,69.59197334427574,7.408026655724257,7.408026655724257,9.620813838602931
77,69.54760242550743,7.452397574492565,7.452397574492565,9.678438408431903
77,92.37994512244545,-15.379945122445449,15.379945122445449,19.973954704474608
77,67.90687413073861,9.093125869261385,9.093125869261385,11.809254375664137
100,87.34451474415887,12.655485255841128,12.655485255841128,12.655485255841128
75,66.94515653744205,8.054843462557955,8.054843462557955,10.739791283410606
76,73.69162373620682,2.3083762637931784,2.3083762637931784,3.037337189201551
100,91.55113066016027,8.448869339839732,8.448869339839732,8.448869339839732
46,49.33762424537653,-3.3376242453765315,3.3376242453765315,7.255704881253329
100,94.50126238052484,5.498737619475165,5.498737619475165,5.498737619475165
77,74.81169918732718,2.1883008126728214,2.1883008126728214,2.841949107367301
78,73.57436121599768,4.425638784002317,4.425638784002317,5.673895876926046
74,64.43785492076228,9.562145079237723,9.562145079237723,12.921817674645572
34,32.41651525058611,1.5834847494138913,1.5834847494138913,4.657308086511445
46,55.148751800174864,-9.148751800174864,9.148751800174864,19.888590869945357
78,88.6131006137351,-10.6131006137351,10.6131006137351,13.606539248378333
100,89.91941231888083,10.08058768111917,10.08058768111917,10.08058768111917
97,80.44801515082915,16.55198484917085,16.55198484917085,17.0639019063617
38,43.299954834043355,-5.299954834043355,5.299954834043355,13.947249563271988
78,71.80602144619662,6.193978553803376,6.193978553803376,7.940998145901765
74,71.3794683744525,2.6205316255474997,2.6205316255474997,3.541258953442567
74,75.8998015668888,-1.8998015668887973,1.8998015668887973,2.567299414714591
73,67.28670289188013,5.713297108119875,5.713297108119875,7.82643439468476
44,49.31521940188599,-5.31521940188599,5.31521940188599,12.080044095195431
37,32.30929942931557,4.690700570684427,4.690700570684427,12.677569109957911
37,39.488404397612236,-2.4884043976122356,2.4884043976122356,6.72541729084388
76,69.74967103214043,6.2503289678595735,6.2503289678595735,8.224117062973123
99,100.29872123243942,-1.2987212324394193,1.2987212324394193,1.3118396287266862
77,64.20987382302094,12.790126176979058,12.790126176979058,16.61055347659618
100,92.33804187539899,7.661958124601014,7.661958124601014,7.661958124601015
79,83.09986476962955,-4.099864769629548,4.099864769629548,5.189702240037402
100,95.86543212355107,4.134567876448926,4.134567876448926,4.134567876448926
99,79.95739080894113,19.042609191058872,19.042609191058872,19.234958778847346
48,60.55441742930783,-12.554417429307833,12.554417429307833,26.155036311057984
77,81.01115163913882,-4.0111516391388164,4.0111516391388164,5.209287843037424
49,61.81174028888056,-12.811740288880557,12.811740288880557,26.146408752817464
48,54.752979485455775,-6.752979485455775,6.752979485455775,14.068707261366198
37,33.58213706977483,3.4178629302251693,3.4178629302251693,9.237467378986944
48,56.35711054838875,-8.357110548388746,8.357110548388746,17.410646975809886
74,75.92355060237895,-1.9235506023789526,1.9235506023789526,2.5993927059175035
74,61.980161423756385,12.019838576243615,12.019838576243615,16.24302510303191
78,75.01401077179814,2.985989228201859,2.985989228201859,3.828191318207512
75,91.27829991310605,-16.278299913106054,16.278299913106054,21.704399884141402
76,71.97227387994127,4.02772612005873,4.02772612005873,5.299639631656224
41,43.9527868405043,-2.9527868405043023,2.9527868405043023,7.2019191231812245
76,73.91025177824318,2.089748221756821,2.089748221756821,2.7496687128379227
75,60.83295739084912,14.167042609150883,14.167042609150883,18.88939014553451
100,94.447106696074,5.552893303925998,5.552893303925998,5.552893303925998
100,93.52428421747098,6.475715782529022,6.475715782529022,6.475715782529022
100,91.39188408463627,8.608115915363726,8.608115915363726,8.608115915363726
36,37.51284034920476,-1.5128403492047582,1.5128403492047582,4.202334303346551
76,70.12430097604452,5.875699023955477,5.875699023955477,7.731182926257206
47,54.65196766343143,-7.651967663431428,7.651967663431428,16.280782262620058
100,90.86183055566504,9.138169444334963,9.138169444334963,9.138169444334963
100,95.9064946026547,4.093505397345297,4.093505397345297,4.093505397345297
77,74.82941930794244,2.1705806920575554,2.1705806920575554,2.818935963711111
78,82.5349862957904,-4.534986295790404,4.534986295790404,5.814084994603082
77,71.70022146076158,5.299778539238417,5.299778539238417,6.8828292717382045
74,69.34738164190694,4.652618358093065,4.652618358093065,6.287322105531169
74,65.7331612066769,8.266838793323103,8.266838793323103,11.17140377476095
54,79.74591024578288,-25.74591024578288,25.74591024578288,47.677611566264595
74,68.60833031374452,5.391669686255483,5.391669686255483,7.286040116561463
77,73.2060231672142,3.793976832785802,3.793976832785802,4.927242639981562
77,70.16828753975533,6.831712460244674,6.831712460244674,8.872353844473603
76,69.51335728632539,6.4866427136746125,6.4866427136746125,8.535056202203437
42,42.616236988784934,-0.6162369887849337,0.6162369887849337,1.4672309256784135
39,28.765533793317267,10.234466206682733,10.234466206682733,26.242221042776237
100,88.85967307789142,11.140326922108585,11.140326922108585,11.140326922108585
75,68.83604766918647,6.16395233081353,6.16395233081353,8.218603107751372
100,91.56681621717776,8.43318378282224,8.43318378282224,8.43318378282224
77,72.72936621564408,4.270633784355923,4.270633784355923,5.546277642020678
78,77.4332377130444,0.5667622869555942,0.5667622869555942,0.7266183166097362
77,89.98409437213448,-12.984094372134479,12.984094372134479,16.86246022355127
78,74.02334304768856,3.976656952311444,3.976656952311444,5.098278143989031
80,86.3673003931105,-6.367300393110497,6.367300393110497,7.959125491388122
74,53.52240204521203,20.477597954787967,20.477597954787967,27.672429668632386
74,53.44111826279785,20.55888173720215,20.55888173720215,27.782272617840743
75,79.77600397161382,-4.776003971613818,4.776003971613818,6.368005295485091
51,62.24293576245425,-11.242935762454252,11.242935762454252,22.04497208324363
36,33.87279101927201,2.1272089807279926,2.1272089807279926,5.908913835355535
79,88.22940959490082,-9.229409594900815,9.229409594900815,11.682796955570653
77,70.39492842766559,6.60507157233441,6.60507157233441,8.578015029005726
76,65.45008330157192,10.549916698428078,10.549916698428078,13.881469340036945
75,75.51675592370654,-0.5167559237065404,0.5167559237065404,0.6890078982753872
76,88.10477583884595,-12.104775838845953,12.104775838845953,15.927336630060465
100,90.73230550701462,9.267694492985385,9.267694492985385,9.267694492985385
78,92.8268452789121,-14.826845278912103,14.826845278912103,19.00877599860526
100,96.75917145487838,3.240828545121616,3.240828545121616,3.240828545121616
78,76.83269781937176,1.1673021806282406,1.1673021806282406,1.4965412572156933
35,25.713315717607678,9.286684282392322,9.286684282392322,26.53338366397806
49,60.241498911252364,-11.241498911252364,11.241498911252364,22.941834512759925
51,70.65935820002348,-19.659358200023476,19.659358200023476,38.54776117651662
100,91.94200168777206,8.057998312227937,8.057998312227937,8.057998312227937
76,72.54429669789687,3.4557033021031316,3.4557033021031316,4.546978029083068
75,54.36343604174829,20.636563958251713,20.636563958251713,27.515418611002286
53,69.61107585425839,-16.611075854258388,16.611075854258388,31.341652555204508
99,100.0776600475016,-1.0776600475015954,1.0776600475015954,1.088545502526864
41,52.08498867121893,-11.08498867121893,11.08498867121893,27.036557734680315
34,30.10556552104216,3.894434478957841,3.894434478957841,11.454219055758355
44,38.73125419932813,5.268745800671873,5.268745800671873,11.974422274254257
36,30.20868528977966,5.791314710220341,5.791314710220341,16.086985306167616
76,75.43313872881077,0.5668612711892251,0.5668612711892251,0.7458700936700331
53,77.54503779183592,-24.545037791835924,24.545037791835924,46.31139206006778
77,72.06410087995414,4.93589912004586,4.93589912004586,6.410258597462157
46,47.170801319000205,-1.170801319000205,1.170801319000205,2.5452202586960975
75,63.52479786616465,11.475202133835353,11.475202133835353,15.30026951178047
50,53.278671290468715,-3.278671290468715,3.278671290468715,6.557342580937429
36,40.048340836009686,-4.048340836009686,4.048340836009686,11.245391211138017
79,82.84769893171307,-3.8476989317130688,3.8476989317130688,4.870504976851986
76,68.40091189040821,7.59908810959179,7.59908810959179,9.998800144199723
33,24.784882204532444,8.215117795467556,8.215117795467556,24.894296349901683
79,74.1605882509816,4.839411749018396,4.839411749018396,6.125837656985311
73,65.44749947911481,7.552500520885189,7.552500520885189,10.345891124500259
73,53.22719453218235,19.772805467817648,19.772805467817648,27.086034887421434
75,68.22163808638172,6.7783619136182836,6.7783619136182836,9.037815884824377
77,73.50989177021921,3.4901082297807875,3.4901082297807875,4.532608090624399
78,87.4742916244082,-9.474291624408195,9.474291624408195,12.14652772360025
75,69.36779833525084,5.632201664749161,5.632201664749161,7.509602219665548
48,59.57308510457284,-11.57308510457284,11.57308510457284,24.110593967860083
51,69.1548717993875,-18.154871799387493,18.154871799387493,35.59778784193626
100,94.09312475659785,5.906875243402155,5.906875243402155,5.906875243402155
77,72.42148520511537,4.578514794884626,4.578514794884626,5.946123110239774
77,72.494805474905,4.505194525095007,4.505194525095007,5.850901980642866
77,80.65014678357443,-3.650146783574428,3.650146783574428,4.740450368278478
77,76.35597468539646,0.6440253146035388,0.6440253146035388,0.8363965124721283
73,70.48189611168567,2.5181038883143287,2.5181038883143287,3.449457381252505
38,36.564719564788525,1.4352804352114745,1.4352804352114745,3.7770537768723016
51,69.59544426213691,-18.59544426213691,18.59544426213691,36.46165541595472
77,73.44059982998644,3.5594001700135607,3.5594001700135607,4.622597623394235
77,87.31609814099805,-10.31609814099805,10.31609814099805,13.397530053244221
37,35.984419691206284,1.0155803087937159,1.0155803087937159,2.7448116453884213
40,31.894915990948917,8.105084009051083,8.105084009051083,20.262710022627708
77,71.36731334826605,5.632686651733948,5.632686651733948,7.315177469784348
77,73.05042034295624,3.9495796570437562,3.9495796570437562,5.129324229926956
42,45.864351701579714,-3.8643517015797144,3.8643517015797144,9.200837384713607
78,72.84775151533763,5.1522484846623655,5.1522484846623655,6.605446775208161
49,58.49894242741488,-9.498942427414882,9.498942427414882,19.385596790642616
76,73.25508375700126,2.744916242998741,2.744916242998741,3.611731898682554
47,49.73725774736786,-2.737257747367863,2.737257747367863,5.823952653974177
47,65.66929776252222,-18.66929776252222,18.66929776252222,39.721910133026
75,91.26723030590246,-16.26723030590246,16.26723030590246,21.689640407869945
100,99.15843581976662,0.8415641802333766,0.8415641802333766,0.8415641802333766
36,36.5595052716077,-0.5595052716076978,0.5595052716076978,1.5541813100213828
51,63.177938250884374,-12.177938250884374,12.177938250884374,23.878310295851712
40,47.17268209837881,-7.172682098378807,7.172682098378807,17.93170524594702
76,76.4776190080909,-0.4776190080908975,0.4776190080908975,0.6284460632774967
49,70.38986568470307,-21.389865684703068,21.389865684703068,43.652787111638915
36,28.46278889908905,7.537211100910952,7.537211100910952,20.93669750253042
74,67.17126626839915,6.828733731600849,6.828733731600849,9.228018556217362
53,76.03120715182953,-23.031207151829534,23.031207151829534,43.45510783364063
73,63.68994293834811,9.31005706165189,9.31005706165189,12.753502824180671
100,90.88170928206429,9.118290717935707,9.118290717935707,9.118290717935707
79,89.66811732284172,-10.668117322841724,10.668117322841724,13.503945978280662
100,90.24637208205827,9.753627917941728,9.753627917941728,9.753627917941728
78,80.19800046569428,-2.198000465694278,2.198000465694278,2.8179493149926644
38,36.398473976310505,1.6015260236894946,1.6015260236894946,4.214542167603933
100,98.91620366284344,1.0837963371565564,1.0837963371565564,1.0837963371565564
100,93.42659670440044,6.573403295599562,6.573403295599562,6.573403295599562
45,68.36913431524562,-23.369134315245617,23.369134315245617,51.93140958943471
74,63.46104014279015,10.538959857209854,10.538959857209854,14.24183764487818
79,82.41933783706477,-3.4193378370647736,3.4193378370647736,4.328275743119966
77,75.38945221422019,1.610547785779815,1.610547785779815,2.0916205010127467
80,98.5715722757904,-18.571572275790402,18.571572275790402,23.214465344738002
99,94.49003924008132,4.509960759918684,4.509960759918684,4.555515919109782
39,42.5134112721089,-3.513411272108897,3.513411272108897,9.008746851561273
97,93.07797951548142,3.9220204845185833,3.9220204845185833,4.04332008713256
36,33.29636600770706,2.703633992292943,2.703633992292943,7.5100944230359525
74,57.54974086124149,16.45025913875851,16.45025913875851,22.230079917241234
76,70.7002231130098,5.299776886990202,5.299776886990202,6.973390640776582
78,76.21891022430536,1.7810897756946389,1.7810897756946389,2.2834484303777423
35,36.10948337613349,-1.1094833761334897,1.1094833761334897,3.169952503238542
44,50.70851101414331,-6.708511014143312,6.708511014143312,15.2466159412348
76,66.99860322190091,9.001396778099092,9.001396778099092,11.843943129077754
79,90.87411661488261,-11.87411661488261,11.87411661488261,15.030527360610899
46,48.35311183666249,-2.3531118366624924,2.3531118366624924,5.1154605144836784
76,77.91276000094766,-1.9127600009476566,1.9127600009476566,2.516789474931127
100,96.11325968385844,3.8867403161415552,3.8867403161415552,3.886740316141555
99,84.60801896286966,14.391981037130336,14.391981037130336,14.537354582959935
40,47.26516883044035,-7.265168830440352,7.265168830440352,18.16292207610088
77,80.23811400723964,-3.238114007239645,3.238114007239645,4.205342866544994
50,67.63095157770566,-17.63095157770566,17.63095157770566,35.26190315541132
74,71.4851596498637,2.5148403501362964,2.5148403501362964,3.39843290558959
41,49.403880437577534,-8.403880437577534,8.403880437577534,20.497269359945207
76,80.81978233526704,-4.8197823352670355,4.8197823352670355,6.341818862193467
76,78.54090378933657,-2.540903789336568,2.540903789336568,3.3432944596533787
76,70.40985649255146,5.590143507448545,5.590143507448545,7.355451983484927
45,62.103228205456446,-17.103228205456446,17.103228205456446,38.00717378990321
73,66.39362240677075,6.606377593229254,6.606377593229254,9.049832319492129
75,68.10414759604313,6.895852403956866,6.895852403956866,9.194469871942488
78,77.40476558133722,0.595234418662784,0.595234418662784,0.7631210495676719
76,67.69291991963233,8.307080080367669,8.307080080367669,10.930368526799565
77,69.45678868613142,7.543211313868582,7.543211313868582,9.796378329699456
45,45.70804311721111,-0.7080431172111119,0.7080431172111119,1.5734291493580264
99,96.21785632915416,2.7821436708458407,2.7821436708458407,2.810246132167516
100,88.94766758211149,11.052332417888508,11.052332417888508,11.052332417888508
100,95.23309712815053,4.766902871849467,4.766902871849467,4.766902871849467
78,88.3885392534757,-10.388539253475699,10.388539253475699,13.318640068558588
77,78.24101682399991,-1.2410168239999138,1.2410168239999138,1.6117101610388491
78,70.68886900521309,7.311130994786907,7.311130994786907,9.37324486511142
77,68.75256771376908,8.247432286230918,8.247432286230918,10.710951021079113
38,35.6251049620077,2.374895037992303,2.374895037992303,6.249723784190271
77,69.91939462801568,7.080605371984319,7.080605371984319,9.195591392187428
77,71.19235688878702,5.8076431112129825,5.8076431112129825,7.542393650925951
77,72.16826157557928,4.83173842442072,4.83173842442072,6.274984966780156
40,40.967265090934596,-0.9672650909345961,0.9672650909345961,2.4181627273364903
77,72.91333912849353,4.086660871506467,4.086660871506467,5.30735178117723
100,85.53885439704203,14.46114560295797,14.46114560295797,14.46114560295797
100,98.65693502483882,1.3430649751611838,1.3430649751611838,1.3430649751611838
36,31.14122181417831,4.858778185821691,4.858778185821691,13.496606071726921
74,71.14924305225473,2.8507569477452677,2.8507569477452677,3.8523742537098213
73,64.68521736440196,8.314782635598036,8.314782635598036,11.390113199449365
75,60.466851805782284,14.533148194217716,14.533148194217716,19.37753092562362
75,80.4997276631592,-5.499727663159206,5.499727663159206,7.332970217545608
100,91.57667916632371,8.423320833676286,8.423320833676286,8.423320833676286
39,43.14142374255044,-4.141423742550437,4.141423742550437,10.619035237308811
37,37.42021435484356,-0.4202143548435586,0.4202143548435586,1.1357144725501584
75,61.664000225481146,13.335999774518854,13.335999774518854,17.781333032691805
77,74.41204863725112,2.587951362748882,2.587951362748882,3.360975795777769
78,71.87459930629481,6.125400693705188,6.125400693705188,7.8530778124425495
39,47.829823110597886,-8.829823110597886,8.829823110597886,22.640572078456117
76,80.68511064240599,-4.685110642405988,4.685110642405988,6.164619266323668
100,87.66795685669626,12.332043143303736,12.332043143303736,12.332043143303736
41,38.60226751631022,2.3977324836897793,2.3977324836897793,5.848128008999462
76,96.64947165242035,-20.649471652420345,20.649471652420345,27.170357437395193
77,66.15202034306698,10.84797965693302,10.84797965693302,14.088285268744183
75,66.03711383889622,8.962886161103782,8.962886161103782,11.95051488147171
46,53.49041922222864,-7.490419222228638,7.490419222228638,16.283520048323126
50,89.0611215443528,-39.0611215443528,39.0611215443528,78.1222430887056
78,71.71330728092317,6.286692719076825,6.286692719076825,8.059862460354903
76,71.49468219580918,4.505317804190824,4.505317804190824,5.928049742356347
51,74.44919478869059,-23.44919478869059,23.44919478869059,45.97881331115802
76,92.32521297136631,-16.325212971366312,16.325212971366312,21.480543383376727
77,73.57527056238642,3.4247294376135784,3.4247294376135784,4.4477005683293225
73,74.88974800954155,-1.8897480095415489,1.8897480095415489,2.588695903481574
100,97.05687007943496,2.943129920565042,2.943129920565042,2.943129920565042
75,79.46970892349873,-4.469708923498729,4.469708923498729,5.959611897998305
100,96.11037580376771,3.8896241962322904,3.8896241962322904,3.889624196232291
71,67.22614631840474,3.7738536815952557,3.7738536815952557,5.315286875486276
75,67.27676107192138,7.723238928078615,7.723238928078615,10.29765190410482
76,67.00089592298407,8.999104077015929,8.999104077015929,11.840926417126223
79,97.43989732934149,-18.43989732934149,18.43989732934149,23.341642189039863
77,82.61496747968731,-5.614967479687309,5.614967479687309,7.292165558035466
98,83.7609974724952,14.239002527504795,14.239002527504795,14.52959441582122
39,33.401882018380405,5.598117981619595,5.598117981619595,14.354148670819475
97,78.70286453282755,18.297135467172453,18.297135467172453,18.863026254816962
77,94.38685215134257,-17.386852151342566,17.386852151342566,22.58032746927606
75,66.01899988650155,8.981000113498453,8.981000113498453,11.974666817997939
77,79.85040579449017,-2.8504057944901717,2.8504057944901717,3.701825707130093
77,73.9508412840606,3.0491587159393987,3.0491587159393987,3.9599463843368814
77,70.86594408872072,6.134055911279276,6.134055911279276,7.966306378284774
35,33.85165478670512,1.1483452132948813,1.1483452132948813,3.2809863236996604
77,72.86024652663076,4.13975347336924,4.13975347336924,5.376303212167843
51,79.87745247970673,-28.877452479706733,28.877452479706733,56.622455842562225
78,86.23768864875652,-8.237688648756517,8.237688648756517,10.561139293277586
39,40.06488070608243,-1.0648807060824268,1.0648807060824268,2.7304633489292995
76,79.15017453823094,-3.1501745382309423,3.1501745382309423,4.144966497672292
97,71.88363331023025,25.116366689769748,25.116366689769748,25.8931615358451
38,30.393339921811588,7.606660078188412,7.606660078188412,20.017526521548454
100,89.2154057491571,10.7845942508429,10.7845942508429,10.7845942508429
100,94.35028229807764,5.649717701922356,5.649717701922356,5.649717701922356
47,52.81578651555788,-5.815786515557882,5.815786515557882,12.374013862889111
76,62.40941338025349,13.59058661974651,13.59058661974651,17.882350815455936
100,91.18796141912581,8.812038580874187,8.812038580874187,8.812038580874187
77,74.19512648310285,2.804873516897146,2.804873516897146,3.6426928790872024
100,92.82820443024136,7.171795569758643,7.171795569758643,7.171795569758643
100,89.8222019214301,10.177798078569893,10.177798078569893,10.177798078569893
79,87.10952285147134,-8.10952285147134,8.10952285147134,10.265218799330809
77,68.21067305190478,8.789326948095223,8.789326948095223,11.414710322201588
78,75.28710459964512,2.7128954003548813,2.7128954003548813,3.4780710260960017
100,91.33175443103559,8.668245568964409,8.668245568964409,8.668245568964409
77,70.56339368297455,6.436606317025451,6.436606317025451,8.359228983149936
78,73.1189379772008,4.881062022799199,4.881062022799199,6.257771824101536
98,84.81694053351208,13.183059466487919,13.183059466487919,13.452101496416244
75,69.53687836168909,5.463121638310909,5.463121638310909,7.284162184414546
100,100.5455338373728,-0.5455338373728011,0.5455338373728011,0.5455338373728011
77,80.70081618607855,-3.700816186078555,3.700816186078555,4.806254787115007
77,71.86751376738694,5.132486232613061,5.132486232613061,6.665566535861118
77,71.09561847343555,5.90438152656445,5.90438152656445,7.668027956577207
74,68.69574563772714,5.304254362272857,5.304254362272857,7.1679113003687265
80,95.4394374086713,-15.439437408671296,15.439437408671296,19.29929676083912
77,72.2218869624365,4.7781130375635,4.7781130375635,6.205341607225325
74,69.17599511585482,4.824004884145182,4.824004884145182,6.518925519115111
72,54.66514386047069,17.334856139529307,17.334856139529307,24.076189082679594
77,81.44947531310581,-4.449475313105808,4.449475313105808,5.77853936766988
74,70.87104303704946,3.1289569629505394,3.1289569629505394,4.228320220203432
78,77.86252457837254,0.13747542162745674,0.13747542162745674,0.17625054054802147
38,45.19187333370316,-7.191873333703157,7.191873333703157,18.925982457113573
36,39.87801838371932,-3.878018383719322,3.878018383719322,10.77227328810923
50,95.70925405305216,-45.70925405305216,45.70925405305216,91.41850810610433
76,72.84895227812693,3.15104772187307,3.15104772187307,4.146115423517197
77,87.81347480338059,-10.813474803380586,10.813474803380586,14.043473770624137
78,84.49890716267433,-6.498907162674328,6.498907162674328,8.331932259838883
100,86.51714488135086,13.482855118649141,13.482855118649141,13.48285511864914
77,72.3908843616916,4.6091156383083955,4.6091156383083955,5.985864465335579
39,39.6889236783922,-0.6889236783922001,0.6889236783922001,1.7664709702364105
48,79.25714861828854,-31.25714861828854,31.25714861828854,65.11905962143446
76,70.48389914440905,5.516100855590949,5.516100855590949,7.258027441567039
100,88.4704004954976,11.5295995045024,11.5295995045024,11.5295995045024
73,73.71255033096463,-0.7125503309646319,0.7125503309646319,0.976096343787167
75,68.36052692172372,6.639473078276282,6.639473078276282,8.852630771035043
76,71.93626837219777,4.063731627802227,4.063731627802227,5.347015299739772
100,89.1908125778867,10.809187422113297,10.809187422113297,10.809187422113297
99,97.30282784529717,1.6971721547028267,1.6971721547028267,1.7143153077806328
75,65.55027177566562,9.449728224334379,9.449728224334379,12.59963763244584
100,91.59149639416417,8.408503605835833,8.408503605835833,8.408503605835833
77,89.52784975272913,-12.527849752729125,12.527849752729125,16.26993474380406
49,59.744056812479485,-10.744056812479485,10.744056812479485,21.92664655608058
36,27.37646374231015,8.62353625768985,8.62353625768985,23.954267382471805
78,81.88203104456085,-3.882031044560847,3.882031044560847,4.976962877642112
97,98.12718426315159,-1.127184263151591,1.127184263151591,1.162045632115042
78,72.72617762422755,5.273822375772454,5.273822375772454,6.761310738169812
39,43.619879226062075,-4.619879226062075,4.619879226062075,11.845844169389935
78,91.26980645436304,-13.269806454363035,13.269806454363035,17.01257237738851
100,93.9997642587958,6.000235741204193,6.000235741204193,6.000235741204193
72,89.53724121014174,-17.537241210141744,17.537241210141744,24.3572794585302
37,27.182179638884534,9.817820361115466,9.817820361115466,26.53464962463639
79,79.9413918080159,-0.9413918080158936,0.9413918080158936,1.1916352000201185
100,101.49583333406851,-1.4958333340685073,1.4958333340685073,1.4958333340685073
35,35.5205138157219,-0.5205138157218983,0.5205138157218983,1.487182330633995
51,59.42120092062489,-8.42120092062489,8.42120092062489,16.512158667891942
100,89.72526116080707,10.274738839192935,10.274738839192935,10.274738839192935
77,73.15010896205739,3.849891037942612,3.849891037942612,4.999858490834561
100,93.49022666077371,6.509773339226285,6.509773339226285,6.509773339226285
76,87.51150288298855,-11.511502882988552,11.511502882988552,15.146714319721779
78,84.32592232839346,-6.32592232839346,6.32592232839346,8.110156831273667
39,42.196786123222445,-3.196786123222445,3.196786123222445,8.196887495442166
100,96.30385039687366,3.6961496031263437,3.6961496031263437,3.696149603126344
37,38.252650657882405,-1.2526506578824055,1.2526506578824055,3.385542318601096
98,83.0114066352881,14.988593364711903,14.988593364711903,15.294483025216227
76,69.09575842293619,6.904241577063814,6.904241577063814,9.08452839087344
50,63.60239709210629,-13.602397092106287,13.602397092106287,27.20479418421257
77,69.68709515635298,7.3129048436470185,7.3129048436470185,9.4972790177234
100,84.52761993787178,15.472380062128224,15.472380062128224,15.472380062128224
79,85.6568424265322,-6.656842426532194,6.656842426532194,8.426382818395183
76,67.80150727983748,8.19849272016252,8.19849272016252,10.787490421266472
100,92.13874683296405,7.8612531670359544,7.8612531670359544,7.8612531670359544
36,31.454121642682203,4.545878357317797,4.545878357317797,12.627439881438324
77,76.36659420939709,0.6334057906029074,0.6334057906029074,0.8226049228609187
100,95.38158033652687,4.618419663473134,4.618419663473134,4.618419663473134
100,94.00287008848883,5.997129911511166,5.997129911511166,5.997129911511166
77,80.72059013050522,-3.720590130505215,3.720590130505215,4.831935234422358
78,80.62710232716206,-2.6271023271620635,2.6271023271620635,3.3680799066180303
78,83.62240530028626,-5.62240530028626,5.62240530028626,7.2082119234439235
41,37.7851112829545,3.214888717045497,3.214888717045497,7.8411919927938944
78,72.49782208121316,5.502177918786842,5.502177918786842,7.054074254854925
77,70.64641518642603,6.353584813573974,6.353584813573974,8.251408848797368
75,72.13245279738659,2.867547202613409,2.867547202613409,3.8233962701512114
100,84.52780119360108,15.472198806398922,15.472198806398922,15.472198806398922
75,64.57456656786005,10.425433432139954,10.425433432139954,13.90057790951994
38,46.0074185102961,-8.007418510296098,8.007418510296098,21.07215397446342
100,90.17457138690983,9.825428613090168,9.825428613090168,9.825428613090168
46,47.14725966496536,-1.147259664965361,1.147259664965361,2.4940427499246978
100,89.48715492340553,10.512845076594473,10.512845076594473,10.512845076594473
77,70.13147656908022,6.86852343091978,6.86852343091978,8.920160299895818
48,48.869099006034276,-0.8690990060342756,0.8690990060342756,1.8106229292380742
73,88.47844882505203,-15.478448825052027,15.478448825052027,21.20335455486579
37,36.76045418921679,0.2395458107832127,0.2395458107832127,0.6474211102248992
50,64.29480176812469,-14.294801768124685,14.294801768124685,28.58960353624937
74,72.35591385895717,1.644086141042834,1.644086141042834,2.221738028436262
100,100.68709732013644,-0.687097320136445,0.687097320136445,0.687097320136445
41,38.79668811180454,2.203311888195458,2.203311888195458,5.373931434623068
77,77.13203672701061,-0.13203672701061464,0.13203672701061464,0.17147626884495407
47,56.21074830335138,-9.21074830335138,9.21074830335138,19.597336815641235
77,71.3602572279652,5.6397427720347935,5.6397427720347935,7.324341262382848
49,64.01063864099699,-15.010638640996987,15.010638640996987,30.633956410197932
39,41.09780729317311,-2.097807293173112,2.097807293173112,5.378993059418235
100,92.92064408585574,7.079355914144259,7.079355914144259,7.079355914144259
77,69.74012650756143,7.259873492438572,7.259873492438572,9.428407133037107
77,78.3536440931241,-1.3536440931241032,1.3536440931241032,1.7579793417196146
99,93.60587447070115,5.394125529298847,5.394125529298847,5.4486116457564115
71,68.28806017457293,2.7119398254270664,2.7119398254270664,3.81963355693953
77,74.0318217664255,2.9681782335745055,2.9681782335745055,3.854776926720137
76,58.78587618220027,17.21412381779973,17.21412381779973,22.65016291815754
79,88.47970515340847,-9.479705153408474,9.479705153408474,11.999626776466425
100,94.95901036252674,5.04098963747326,5.04098963747326,5.04098963747326
77,76.35286110229723,0.6471388977027743,0.6471388977027743,0.84044012688672
76,73.16630251941717,2.8336974805828277,2.8336974805828277,3.7285493165563524
100,93.76846752933406,6.23153247066594,6.23153247066594,6.23153247066594
50,61.39450479802313,-11.394504798023128,11.394504798023128,22.789009596046256
76,68.96971465836819,7.03028534163181,7.03028534163181,9.25037544951554
75,87.86030100061171,-12.860301000611713,12.860301000611713,17.14706800081562
77,70.53941173305971,6.460588266940292,6.460588266940292,8.39037437264973
79,77.10424670217756,1.8957532978224378,1.8957532978224378,2.39968771876258
100,91.61376166695048,8.38623833304952,8.38623833304952,8.38623833304952
47,57.65663254647395,-10.65663254647395,10.65663254647395,22.673686269093512
75,69.5372464765596,5.462753523440398,5.462753523440398,7.283671364587198
50,63.27771585156234,-13.277715851562341,13.277715851562341,26.555431703124682
46,50.88495042592351,-4.884950425923513,4.884950425923513,10.61945744765981
77,83.57561516813361,-6.575615168133609,6.575615168133609,8.539759958615077
38,47.200597165443185,-9.200597165443185,9.200597165443185,24.212097803797857
77,69.82156041245403,7.178439587545967,7.178439587545967,9.322648814994762
78,70.6078526463335,7.392147353666502,7.392147353666502,9.47711199188013
39,48.20665184176855,-9.206651841768547,9.206651841768547,23.60679959427833
44,46.20190616140164,-2.201906161401638,2.201906161401638,5.004332185003723
100,93.22674101863188,6.773258981368116,6.773258981368116,6.773258981368116
49,56.67882766303965,-7.678827663039648,7.678827663039648,15.67107686334622
100,93.06543105575025,6.934568944249747,6.934568944249747,6.934568944249747
97,95.94579045587149,1.0542095441285113,1.0542095441285113,1.0868139630190838
100,89.26722194289403,10.732778057105975,10.732778057105975,10.732778057105975
76,68.74071290209366,7.259287097906338,7.259287097906338,9.551693549876761
41,42.86230381359678,-1.8623038135967818,1.8623038135967818,4.542204423406785
76,74.43723944268828,1.5627605573117194,1.5627605573117194,2.0562638911996305
48,53.777045631609525,-5.777045631609525,5.777045631609525,12.035511732519844
75,76.47534045403582,-1.4753404540358162,1.4753404540358162,1.9671206053810883
77,71.69010989094897,5.309890109051025,5.309890109051025,6.895961180585747
100,97.33214583806897,2.6678541619310323,2.6678541619310323,2.6678541619310323
34,31.2429674995401,2.7570325004599,2.7570325004599,8.108919118999705
48,54.33764785300559,-6.337647853005592,6.337647853005592,13.203433027094983
76,68.18426863227847,7.815731367721526,7.815731367721526,10.283857062791482
41,35.19257726840753,5.807422731592467,5.807422731592467,14.164445686810895
78,80.49979435487388,-2.4997943548738846,2.4997943548738846,3.2048645575306214
80,79.94407380782441,0.05592619217559047,0.05592619217559047,0.06990774021948809
